borrower_id,age,gender,marital_status,education_level,employment_type,region,sector,monthly_income_npr,credit_score,existing_delinquency_flag,dependents,home_owner
B00001,59,F,married,secondary,salaried,Koshi,construction,66596,640,0,1,0
B00002,49,M,single,master,business_owner,Gandaki,retail,135449,671,0,1,1
B00003,35,F,married,primary,informal,Karnali,retail,31427,689,0,2,1
B00004,63,M,single,secondary,salaried,Gandaki,manufacturing,66688,571,0,2,1
B00005,28,F,married,secondary,salaried,Gandaki,services,108619,591,0,1,0
B00006,41,M,widowed,secondary,self-employed,Koshi,health,83105,592,1,1,1
B00007,59,F,married,primary,informal,Koshi,retail,31043,599,0,0,0
B00008,39,M,single,secondary,informal,Koshi,health,29288,676,1,2,0
B00009,43,F,married,bachelor,business_owner,Sudurpashchim,agriculture,63066,686,0,0,1
B00010,31,F,married,secondary,salaried,Koshi,manufacturing,102542,731,0,3,1
B00011,31,M,married,secondary,business_owner,Gandaki,retail,165361,706,1,2,0
B00012,44,F,widowed,secondary,self-employed,Lumbini,wholesale,46311,643,0,2,0
B00013,56,F,single,master,self-employed,Lumbini,health,91411,688,0,2,0
B00014,60,M,married,master,salaried,Koshi,services,94496,733,1,3,1
B00015,44,M,married,bachelor,salaried,Sudurpashchim,agriculture,69190,662,0,4,1
B00016,23,F,married,secondary,agriculture,Madhesh,health,41150,658,0,2,0
B00017,42,M,single,primary,self-employed,Bagmati,wholesale,152226,623,1,0,0
B00018,22,F,married,master,salaried,Karnali,manufacturing,31893,631,0,3,0
B00019,44,M,married,primary,salaried,Sudurpashchim,agriculture,122651,713,0,0,0
B00020,64,F,married,secondary,agriculture,Madhesh,retail,51079,675,0,3,1
B00021,50,M,single,secondary,business_owner,Karnali,retail,178069,783,0,2,1
B00022,58,F,married,secondary,salaried,Madhesh,services,45987,638,0,3,0
B00023,22,F,single,secondary,salaried,Madhesh,services,55488,717,0,3,0
B00024,41,F,married,master,salaried,Lumbini,agriculture,48400,696,0,0,0
B00025,53,F,married,secondary,informal,Bagmati,retail,43484,670,0,2,1
B00026,32,M,married,bachelor,self-employed,Madhesh,health,94231,651,1,0,0
B00027,42,F,married,secondary,self-employed,Koshi,retail,117004,708,0,0,1
B00028,64,M,married,primary,self-employed,Karnali,manufacturing,33656,705,0,1,0
B00029,45,M,single,master,salaried,Sudurpashchim,manufacturing,73137,686,0,0,0
B00030,69,M,married,secondary,agriculture,Lumbini,retail,66108,698,0,2,1
B00031,47,M,married,master,self-employed,Karnali,retail,117465,677,1,4,0
B00032,62,F,married,bachelor,salaried,Koshi,construction,61189,585,0,2,1
B00033,48,F,divorced,primary,salaried,Koshi,education,61438,680,0,1,1
B00034,36,M,single,master,self-employed,Madhesh,wholesale,82239,660,0,3,1
B00035,35,M,married,secondary,informal,Koshi,services,47790,782,0,3,0
B00036,67,O,single,master,salaried,Bagmati,services,96051,710,0,2,1
B00037,64,M,married,secondary,agriculture,Koshi,retail,28218,686,0,2,0
B00038,23,M,married,master,agriculture,Madhesh,agriculture,35847,700,0,3,1
B00039,57,M,married,primary,salaried,Karnali,construction,43371,619,0,0,1
B00040,27,F,married,bachelor,salaried,Koshi,wholesale,78555,641,0,3,0
B00041,41,F,married,master,salaried,Lumbini,health,92027,657,0,4,0
B00042,29,M,married,master,business_owner,Sudurpashchim,retail,56056,696,0,3,1
B00043,59,M,married,master,salaried,Lumbini,agriculture,71774,651,0,1,1
B00044,38,F,married,master,salaried,Lumbini,services,90580,647,0,3,1
B00045,24,F,single,master,self-employed,Karnali,services,108536,616,1,1,1
B00046,45,M,married,secondary,business_owner,Gandaki,services,154773,676,0,2,1
B00047,34,F,married,secondary,salaried,Sudurpashchim,wholesale,46202,684,0,3,1
B00048,70,M,married,secondary,self-employed,Lumbini,agriculture,108083,699,0,0,0
B00049,29,M,married,secondary,self-employed,Lumbini,construction,79422,637,0,1,0
B00050,46,F,married,secondary,self-employed,Gandaki,wholesale,117104,695,0,3,1
B00051,22,M,single,bachelor,agriculture,Karnali,construction,58084,618,0,3,0
B00052,40,F,married,secondary,salaried,Sudurpashchim,wholesale,53689,663,0,3,1
B00053,48,M,divorced,bachelor,agriculture,Lumbini,construction,55018,692,0,0,0
B00054,67,M,married,secondary,business_owner,Madhesh,retail,156833,661,0,2,1
B00055,27,O,married,secondary,self-employed,Karnali,retail,69809,589,0,0,0
B00056,64,M,married,bachelor,business_owner,Sudurpashchim,wholesale,125796,596,0,2,1
B00057,28,F,single,master,self-employed,Lumbini,manufacturing,44901,687,0,1,1
B00058,67,M,married,bachelor,salaried,Lumbini,agriculture,80980,707,0,2,0
B00059,55,M,married,bachelor,business_owner,Gandaki,services,117468,694,1,1,1
B00060,34,M,single,secondary,self-employed,Sudurpashchim,retail,112422,708,0,4,1
B00061,37,F,single,bachelor,business_owner,Madhesh,services,143439,660,0,2,1
B00062,56,M,single,primary,salaried,Karnali,agriculture,61856,716,0,2,0
B00063,70,F,married,secondary,informal,Koshi,agriculture,32304,693,0,1,0
B00064,60,M,widowed,secondary,self-employed,Bagmati,retail,52707,640,0,2,0
B00065,24,F,single,primary,salaried,Madhesh,retail,59851,703,0,1,0
B00066,22,M,married,secondary,self-employed,Koshi,construction,111612,691,1,0,0
B00067,26,F,single,master,business_owner,Madhesh,retail,40967,767,0,2,0
B00068,62,F,widowed,master,agriculture,Sudurpashchim,retail,31356,751,0,3,1
B00069,24,F,single,secondary,self-employed,Koshi,retail,110769,670,0,1,1
B00070,49,F,married,primary,informal,Sudurpashchim,services,64934,652,1,1,1
B00071,38,F,married,secondary,salaried,Koshi,services,50336,761,0,2,1
B00072,46,F,married,secondary,self-employed,Madhesh,agriculture,53595,705,0,3,1
B00073,64,M,married,master,informal,Gandaki,wholesale,66107,665,0,1,1
B00074,54,M,married,secondary,informal,Madhesh,agriculture,43146,566,0,3,0
B00075,30,F,married,master,business_owner,Sudurpashchim,retail,79745,633,0,3,0
B00076,56,F,single,primary,agriculture,Madhesh,construction,68803,630,0,0,1
B00077,34,F,single,phd,salaried,Koshi,manufacturing,80069,667,0,1,1
B00078,51,M,married,secondary,agriculture,Bagmati,manufacturing,63259,709,0,2,1
B00079,68,M,single,master,salaried,Koshi,retail,53151,717,0,4,1
B00080,35,M,married,secondary,salaried,Lumbini,retail,77496,758,0,2,0
B00081,28,F,married,bachelor,salaried,Madhesh,services,94925,726,0,1,1
B00082,34,M,widowed,secondary,self-employed,Karnali,manufacturing,104223,603,0,0,0
B00083,43,M,married,secondary,salaried,Madhesh,retail,88397,732,0,1,1
B00084,60,M,single,master,salaried,Gandaki,health,98062,770,0,2,1
B00085,41,M,single,master,salaried,Sudurpashchim,health,78553,768,0,1,1
B00086,36,F,divorced,master,salaried,Karnali,manufacturing,58697,608,0,1,0
B00087,65,M,married,bachelor,self-employed,Koshi,health,111313,664,1,0,0
B00088,38,F,single,master,self-employed,Gandaki,retail,51828,728,0,1,0
B00089,67,M,married,primary,salaried,Madhesh,retail,65553,611,0,0,1
B00090,44,M,married,secondary,business_owner,Koshi,retail,146463,580,0,0,0
B00091,46,M,married,secondary,informal,Koshi,manufacturing,15000,692,0,3,0
B00092,45,M,single,bachelor,business_owner,Lumbini,retail,131360,638,0,0,0
B00093,65,M,single,secondary,salaried,Lumbini,health,75992,585,0,2,1
B00094,61,M,widowed,secondary,business_owner,Bagmati,retail,68882,743,0,0,1
B00095,49,F,single,bachelor,salaried,Lumbini,wholesale,76517,684,0,1,1
B00096,35,M,married,master,salaried,Sudurpashchim,construction,73798,646,0,1,0
B00097,65,F,married,secondary,salaried,Karnali,retail,70679,622,0,0,0
B00098,21,F,married,secondary,agriculture,Koshi,wholesale,71409,685,0,0,0
B00099,45,F,married,secondary,salaried,Lumbini,agriculture,87578,703,0,3,1
B00100,27,M,single,secondary,salaried,Bagmati,wholesale,82799,693,0,0,1
B00101,29,M,married,secondary,salaried,Madhesh,retail,49515,591,0,0,1
B00102,44,M,married,bachelor,agriculture,Karnali,wholesale,49687,701,0,3,0
B00103,21,M,divorced,bachelor,business_owner,Lumbini,services,173299,713,0,1,1
B00104,64,O,single,bachelor,salaried,Koshi,health,65706,656,0,2,1
B00105,28,M,single,secondary,self-employed,Madhesh,construction,131627,732,0,0,0
B00106,44,M,divorced,master,self-employed,Sudurpashchim,wholesale,105075,628,0,1,0
B00107,31,F,married,secondary,business_owner,Koshi,services,196930,746,0,2,1
B00108,37,F,divorced,bachelor,salaried,Madhesh,services,48653,682,0,4,1
B00109,28,F,single,master,agriculture,Sudurpashchim,health,47216,648,0,0,1
B00110,55,M,married,secondary,salaried,Sudurpashchim,retail,68797,657,1,1,1
B00111,55,M,married,primary,business_owner,Karnali,services,147277,730,0,0,0
B00112,53,M,married,master,salaried,Koshi,construction,55228,688,1,0,1
B00113,25,M,married,secondary,salaried,Lumbini,health,37847,710,0,3,0
B00114,62,M,single,bachelor,salaried,Lumbini,retail,77563,734,0,0,1
B00115,59,M,married,primary,self-employed,Bagmati,wholesale,74005,646,0,3,1
B00116,61,M,single,bachelor,salaried,Madhesh,wholesale,60586,682,0,0,1
B00117,48,M,married,secondary,agriculture,Bagmati,retail,37529,663,0,3,1
B00118,27,M,divorced,primary,salaried,Gandaki,manufacturing,72477,731,1,2,1
B00119,29,F,married,bachelor,business_owner,Lumbini,agriculture,71541,654,0,3,1
B00120,28,F,married,secondary,agriculture,Madhesh,manufacturing,46504,678,0,0,0
B00121,32,F,single,secondary,self-employed,Karnali,retail,60138,801,0,2,0
B00122,54,M,married,primary,business_owner,Bagmati,retail,92587,746,1,2,1
B00123,53,M,widowed,secondary,business_owner,Karnali,retail,135921,618,0,2,1
B00124,68,M,single,secondary,salaried,Karnali,wholesale,83028,725,0,3,0
B00125,43,F,single,primary,agriculture,Karnali,construction,44490,713,0,2,0
B00126,44,F,married,master,salaried,Bagmati,retail,89356,614,0,3,0
B00127,57,M,single,primary,self-employed,Gandaki,retail,55818,669,0,1,1
B00128,55,F,married,bachelor,business_owner,Sudurpashchim,services,51604,623,0,2,1
B00129,64,M,divorced,secondary,salaried,Sudurpashchim,services,43273,543,0,3,1
B00130,60,M,married,secondary,salaried,Bagmati,services,48491,667,0,0,1
B00131,42,F,single,master,self-employed,Sudurpashchim,construction,45613,647,0,1,1
B00132,47,F,married,secondary,agriculture,Koshi,retail,86380,614,1,4,0
B00133,55,F,married,phd,informal,Sudurpashchim,agriculture,21746,674,0,1,1
B00134,21,F,single,secondary,self-employed,Lumbini,services,113122,558,0,1,1
B00135,55,M,married,bachelor,business_owner,Bagmati,wholesale,118869,677,0,1,1
B00136,57,F,married,bachelor,informal,Sudurpashchim,health,48369,676,0,3,0
B00137,67,M,married,master,salaried,Bagmati,wholesale,51885,712,0,4,0
B00138,34,F,single,bachelor,salaried,Gandaki,agriculture,76509,587,0,4,0
B00139,23,M,married,bachelor,business_owner,Koshi,wholesale,78873,793,0,2,1
B00140,21,F,single,secondary,agriculture,Bagmati,services,66609,772,0,1,0
B00141,25,M,single,secondary,agriculture,Lumbini,construction,68099,632,0,0,1
B00142,46,F,married,master,self-employed,Sudurpashchim,education,80954,755,0,0,1
B00143,34,M,married,secondary,salaried,Lumbini,construction,68612,722,0,0,0
B00144,59,F,single,secondary,self-employed,Sudurpashchim,manufacturing,97981,651,0,0,1
B00145,47,M,single,bachelor,salaried,Bagmati,wholesale,77632,642,0,3,1
B00146,29,M,single,secondary,salaried,Karnali,agriculture,90482,646,0,3,1
B00147,35,M,single,master,agriculture,Sudurpashchim,agriculture,67925,830,0,2,0
B00148,35,M,single,bachelor,salaried,Karnali,retail,69423,750,0,4,0
B00149,46,F,single,bachelor,agriculture,Koshi,services,41409,664,0,4,1
B00150,62,M,married,master,self-employed,Lumbini,education,109348,669,0,2,0
B00151,33,F,married,primary,self-employed,Karnali,services,80311,722,0,1,1
B00152,52,M,married,secondary,salaried,Lumbini,wholesale,72274,719,0,0,1
B00153,59,M,married,bachelor,salaried,Sudurpashchim,education,80606,622,1,1,1
B00154,69,F,single,secondary,salaried,Sudurpashchim,retail,89511,691,0,0,0
B00155,52,F,divorced,bachelor,informal,Koshi,retail,48912,645,0,1,0
B00156,24,M,married,master,agriculture,Sudurpashchim,agriculture,39430,683,0,4,1
B00157,50,F,married,secondary,self-employed,Koshi,services,138910,672,0,1,1
B00158,57,F,married,secondary,salaried,Karnali,agriculture,100606,731,0,0,1
B00159,43,M,divorced,phd,informal,Sudurpashchim,retail,29729,660,0,2,0
B00160,59,O,married,secondary,salaried,Bagmati,wholesale,51764,682,0,2,1
B00161,65,F,single,bachelor,salaried,Madhesh,retail,54279,572,0,0,0
B00162,35,F,married,secondary,self-employed,Gandaki,health,110456,693,1,0,0
B00163,63,M,married,master,informal,Madhesh,services,72527,632,0,4,0
B00164,49,F,married,bachelor,salaried,Madhesh,services,59874,592,0,1,0
B00165,56,M,married,master,salaried,Lumbini,retail,73385,737,0,3,0
B00166,33,M,single,master,informal,Koshi,retail,33710,673,0,1,0
B00167,52,M,married,secondary,salaried,Lumbini,services,104003,561,0,1,0
B00168,27,M,divorced,secondary,salaried,Karnali,retail,86496,632,0,1,1
B00169,42,F,married,master,self-employed,Gandaki,services,60260,675,0,2,1
B00170,48,F,married,secondary,agriculture,Karnali,services,15000,677,0,3,0
B00171,22,F,single,master,self-employed,Bagmati,construction,116127,648,0,1,1
B00172,62,M,married,master,informal,Gandaki,agriculture,36412,490,0,0,0
B00173,65,M,divorced,bachelor,business_owner,Lumbini,services,157922,645,0,0,0
B00174,26,M,married,bachelor,salaried,Sudurpashchim,wholesale,75873,734,0,3,0
B00175,48,O,married,master,informal,Sudurpashchim,construction,17485,752,0,1,1
B00176,48,M,married,master,self-employed,Lumbini,agriculture,60796,642,0,0,0
B00177,64,F,married,secondary,salaried,Karnali,retail,62917,779,0,1,0
B00178,64,F,single,primary,self-employed,Lumbini,education,64726,586,0,1,1
B00179,40,M,married,secondary,salaried,Lumbini,retail,72323,630,1,3,1
B00180,50,F,married,bachelor,salaried,Madhesh,retail,78027,724,0,2,1
B00181,31,M,married,secondary,salaried,Bagmati,retail,105787,715,1,0,1
B00182,48,F,married,bachelor,self-employed,Sudurpashchim,education,99166,674,0,0,1
B00183,45,F,divorced,secondary,agriculture,Madhesh,services,76839,613,0,1,0
B00184,59,M,single,bachelor,self-employed,Lumbini,construction,70695,613,0,0,0
B00185,53,M,married,secondary,informal,Koshi,wholesale,62478,635,0,2,1
B00186,21,F,married,bachelor,salaried,Madhesh,services,62376,616,0,1,1
B00187,47,F,married,bachelor,salaried,Lumbini,services,51659,682,0,1,1
B00188,33,M,single,secondary,salaried,Sudurpashchim,construction,50814,670,1,1,0
B00189,61,F,married,secondary,salaried,Lumbini,retail,17160,611,0,2,0
B00190,23,F,married,bachelor,salaried,Bagmati,wholesale,87081,655,0,2,0
B00191,59,F,single,bachelor,agriculture,Karnali,retail,26776,529,0,3,0
B00192,26,M,married,secondary,informal,Gandaki,education,66122,694,0,2,0
B00193,28,F,divorced,phd,informal,Madhesh,services,42386,714,0,2,0
B00194,47,F,single,bachelor,salaried,Madhesh,services,38902,625,0,2,1
B00195,29,M,married,master,informal,Madhesh,services,28234,632,0,0,0
B00196,57,M,married,secondary,salaried,Lumbini,health,73812,689,0,0,0
B00197,53,F,married,bachelor,salaried,Bagmati,education,32400,681,0,3,0
B00198,62,M,single,master,agriculture,Lumbini,agriculture,60619,718,0,4,0
B00199,64,F,single,bachelor,business_owner,Lumbini,wholesale,51765,632,0,2,0
B00200,44,M,single,bachelor,salaried,Karnali,retail,55220,639,1,2,0
B00201,35,M,single,secondary,self-employed,Koshi,health,90961,663,1,1,0
B00202,52,F,single,secondary,salaried,Bagmati,services,79352,616,0,2,1
B00203,52,M,married,secondary,business_owner,Madhesh,wholesale,155897,662,0,4,0
B00204,44,M,divorced,secondary,self-employed,Gandaki,services,45803,617,0,3,1
B00205,61,M,married,primary,informal,Madhesh,education,40373,698,0,1,1
B00206,69,F,married,primary,salaried,Lumbini,services,91859,624,0,1,1
B00207,69,M,single,phd,salaried,Bagmati,manufacturing,63835,689,1,1,0
B00208,32,M,married,secondary,self-employed,Sudurpashchim,construction,93828,755,0,1,0
B00209,59,F,married,bachelor,self-employed,Bagmati,services,89873,699,0,1,1
B00210,22,M,single,master,salaried,Bagmati,wholesale,96024,685,0,2,1
B00211,23,F,married,bachelor,business_owner,Koshi,health,99034,600,1,0,1
B00212,69,M,married,secondary,agriculture,Madhesh,health,24980,751,1,2,0
B00213,57,F,married,bachelor,informal,Koshi,education,30481,736,0,2,1
B00214,69,M,married,bachelor,agriculture,Sudurpashchim,agriculture,53399,666,0,3,1
B00215,37,F,married,bachelor,agriculture,Sudurpashchim,wholesale,21748,654,0,3,1
B00216,69,M,married,master,self-employed,Karnali,education,68667,630,0,2,1
B00217,22,M,married,phd,agriculture,Gandaki,wholesale,51357,773,0,2,0
B00218,22,M,divorced,bachelor,salaried,Karnali,construction,54668,718,0,1,0
B00219,48,M,divorced,secondary,salaried,Lumbini,education,76537,633,0,4,1
B00220,43,M,married,bachelor,salaried,Koshi,manufacturing,84488,735,0,0,1
B00221,57,M,married,primary,self-employed,Koshi,construction,98647,749,0,3,1
B00222,52,F,married,master,salaried,Karnali,construction,39049,674,0,1,1
B00223,53,M,divorced,primary,informal,Lumbini,retail,46187,656,0,0,0
B00224,21,M,married,secondary,salaried,Bagmati,agriculture,73148,620,0,1,1
B00225,39,F,single,master,salaried,Lumbini,retail,62381,714,0,2,0
B00226,22,F,married,bachelor,self-employed,Madhesh,services,94399,652,0,1,1
B00227,64,M,married,secondary,salaried,Karnali,retail,75548,649,1,2,1
B00228,46,M,married,bachelor,salaried,Lumbini,services,68182,674,0,3,0
B00229,52,M,single,master,salaried,Bagmati,construction,49914,630,0,1,0
B00230,26,F,married,secondary,self-employed,Lumbini,health,84201,759,0,2,0
B00231,52,F,married,master,self-employed,Koshi,wholesale,141007,728,0,1,0
B00232,24,M,married,primary,agriculture,Gandaki,manufacturing,42938,679,0,2,1
B00233,31,F,married,master,business_owner,Koshi,services,167128,628,0,2,0
B00234,37,F,married,master,self-employed,Sudurpashchim,health,86165,631,0,1,0
B00235,58,F,married,secondary,salaried,Gandaki,services,53985,629,1,4,0
B00236,44,F,married,secondary,salaried,Sudurpashchim,agriculture,64068,607,0,2,1
B00237,25,M,single,secondary,agriculture,Lumbini,health,49696,693,0,3,0
B00238,54,M,married,bachelor,salaried,Madhesh,services,83104,640,0,2,0
B00239,26,M,single,bachelor,salaried,Lumbini,education,117600,637,0,3,1
B00240,42,M,married,bachelor,agriculture,Bagmati,education,50983,630,0,0,0
B00241,31,M,single,secondary,self-employed,Lumbini,health,48074,730,0,1,0
B00242,68,F,single,secondary,salaried,Gandaki,wholesale,36908,633,0,1,1
B00243,36,M,single,primary,salaried,Koshi,services,61564,745,0,3,0
B00244,53,M,single,secondary,informal,Madhesh,education,28078,659,0,0,1
B00245,29,M,married,bachelor,agriculture,Sudurpashchim,services,60042,607,0,4,1
B00246,26,F,married,master,business_owner,Lumbini,manufacturing,145436,701,1,0,1
B00247,36,M,married,bachelor,self-employed,Lumbini,retail,80620,724,0,0,0
B00248,49,M,single,secondary,self-employed,Koshi,retail,104721,628,0,0,1
B00249,23,M,single,master,informal,Madhesh,services,45971,678,0,2,1
B00250,40,M,single,bachelor,informal,Karnali,manufacturing,73013,693,1,3,0
B00251,56,O,single,master,salaried,Sudurpashchim,services,82522,680,0,1,0
B00252,39,F,divorced,bachelor,agriculture,Lumbini,manufacturing,66121,650,1,2,1
B00253,46,M,single,secondary,salaried,Lumbini,services,41037,723,1,0,1
B00254,23,F,married,primary,salaried,Karnali,agriculture,46575,661,0,2,1
B00255,39,F,single,bachelor,business_owner,Sudurpashchim,agriculture,141547,642,0,0,1
B00256,40,F,single,secondary,self-employed,Gandaki,services,38523,578,0,1,1
B00257,52,M,married,secondary,informal,Gandaki,services,35632,578,0,2,0
B00258,27,M,married,bachelor,salaried,Bagmati,retail,93588,687,0,2,1
B00259,61,M,single,bachelor,self-employed,Koshi,services,65624,671,0,0,1
B00260,53,F,single,bachelor,informal,Madhesh,manufacturing,26854,724,0,0,1
B00261,60,M,married,secondary,informal,Lumbini,services,55013,737,0,2,0
B00262,59,M,single,secondary,salaried,Sudurpashchim,services,111470,662,0,3,0
B00263,38,M,single,bachelor,salaried,Lumbini,construction,53827,727,0,3,0
B00264,60,F,divorced,phd,self-employed,Bagmati,retail,121720,644,0,3,1
B00265,21,M,married,bachelor,salaried,Sudurpashchim,education,51336,667,0,4,1
B00266,31,F,married,master,informal,Sudurpashchim,retail,43312,665,0,1,0
B00267,48,F,married,master,informal,Lumbini,health,43963,762,0,1,0
B00268,45,M,married,bachelor,salaried,Koshi,services,54360,605,0,0,1
B00269,70,F,married,secondary,salaried,Bagmati,services,87507,678,0,1,1
B00270,43,M,married,bachelor,salaried,Koshi,wholesale,39205,637,0,2,0
B00271,51,F,married,bachelor,informal,Bagmati,retail,47925,659,0,3,0
B00272,50,M,single,bachelor,salaried,Lumbini,wholesale,91483,656,0,1,0
B00273,62,F,married,bachelor,self-employed,Bagmati,retail,108764,679,0,1,0
B00274,55,F,married,bachelor,self-employed,Gandaki,agriculture,99736,749,0,2,1
B00275,27,F,married,secondary,self-employed,Sudurpashchim,wholesale,132558,780,0,2,0
B00276,36,F,married,bachelor,salaried,Madhesh,construction,65607,711,0,1,1
B00277,46,M,married,secondary,salaried,Lumbini,retail,39505,621,0,3,1
B00278,68,F,single,master,informal,Karnali,education,47028,665,0,0,0
B00279,69,F,married,secondary,informal,Madhesh,manufacturing,43113,689,0,3,0
B00280,22,F,single,primary,agriculture,Lumbini,retail,15000,653,0,4,1
B00281,21,M,married,secondary,salaried,Madhesh,services,47497,660,0,1,1
B00282,68,F,single,bachelor,salaried,Gandaki,retail,44947,671,0,1,1
B00283,32,F,married,secondary,business_owner,Madhesh,retail,83346,717,1,2,1
B00284,25,F,single,secondary,salaried,Bagmati,services,62976,704,0,1,1
B00285,57,M,married,bachelor,informal,Madhesh,agriculture,40306,641,0,0,0
B00286,52,F,divorced,secondary,business_owner,Lumbini,education,84953,708,0,3,0
B00287,29,M,single,master,salaried,Karnali,services,44921,770,0,1,0
B00288,61,F,married,master,informal,Karnali,health,50661,592,0,0,0
B00289,55,M,married,bachelor,informal,Koshi,health,46748,651,1,2,0
B00290,39,F,single,secondary,salaried,Sudurpashchim,education,72933,647,0,0,1
B00291,68,O,married,bachelor,self-employed,Madhesh,services,138370,679,0,0,1
B00292,36,M,single,primary,salaried,Karnali,retail,73257,575,0,2,0
B00293,23,F,married,bachelor,salaried,Madhesh,retail,62666,750,0,1,0
B00294,40,M,married,secondary,salaried,Sudurpashchim,agriculture,67883,678,0,2,0
B00295,44,F,married,master,self-employed,Karnali,services,87964,691,0,4,1
B00296,53,F,married,primary,informal,Sudurpashchim,retail,54236,685,0,3,0
B00297,44,F,single,bachelor,self-employed,Madhesh,services,83658,647,0,0,1
B00298,31,F,single,bachelor,salaried,Lumbini,retail,31141,713,0,0,1
B00299,69,F,married,bachelor,business_owner,Madhesh,construction,100346,675,0,2,0
B00300,28,M,married,primary,salaried,Sudurpashchim,retail,70029,560,0,2,1
B00301,56,M,married,phd,agriculture,Lumbini,agriculture,73475,669,0,3,0
B00302,58,F,married,bachelor,self-employed,Lumbini,construction,61423,660,1,2,1
B00303,60,F,married,bachelor,salaried,Koshi,retail,37294,713,0,1,0
B00304,40,F,married,secondary,salaried,Karnali,services,71287,824,0,1,0
B00305,55,F,married,bachelor,agriculture,Bagmati,construction,65592,696,1,3,1
B00306,68,M,married,secondary,salaried,Lumbini,wholesale,62131,792,0,3,1
B00307,45,F,married,primary,agriculture,Sudurpashchim,retail,92894,637,0,1,0
B00308,55,M,single,primary,salaried,Karnali,services,112949,641,0,2,0
B00309,45,M,married,master,salaried,Gandaki,manufacturing,68550,661,0,0,0
B00310,49,M,divorced,secondary,self-employed,Madhesh,manufacturing,90601,698,1,1,1
B00311,38,M,married,secondary,informal,Sudurpashchim,retail,65530,640,0,0,0
B00312,66,M,single,bachelor,informal,Gandaki,services,43652,586,0,4,1
B00313,38,M,married,master,salaried,Sudurpashchim,wholesale,53918,676,0,2,0
B00314,22,F,married,primary,salaried,Madhesh,education,87778,612,0,3,0
B00315,55,M,divorced,bachelor,salaried,Koshi,wholesale,79288,736,1,4,1
B00316,36,M,single,primary,self-employed,Sudurpashchim,construction,60779,710,0,0,1
B00317,61,M,single,primary,self-employed,Lumbini,services,93374,633,0,2,1
B00318,56,M,married,primary,informal,Bagmati,construction,42599,700,0,3,1
B00319,53,M,married,master,informal,Lumbini,services,39223,645,1,2,0
B00320,24,M,married,primary,salaried,Madhesh,agriculture,54283,672,0,2,1
B00321,53,F,widowed,primary,self-employed,Sudurpashchim,services,88642,673,0,1,0
B00322,34,F,single,secondary,informal,Bagmati,construction,41012,657,0,2,0
B00323,41,F,married,master,agriculture,Lumbini,services,55124,721,0,1,0
B00324,68,M,single,secondary,salaried,Bagmati,services,86396,613,0,1,1
B00325,40,M,married,secondary,salaried,Madhesh,services,74631,705,0,0,0
B00326,28,F,married,primary,self-employed,Koshi,construction,92460,692,1,0,0
B00327,27,M,married,secondary,salaried,Koshi,agriculture,59176,598,0,0,0
B00328,23,M,widowed,bachelor,salaried,Sudurpashchim,services,93487,631,0,0,0
B00329,37,M,married,bachelor,salaried,Lumbini,agriculture,53029,615,0,1,0
B00330,53,M,married,secondary,business_owner,Gandaki,agriculture,47460,655,0,0,0
B00331,68,M,single,secondary,salaried,Madhesh,health,48580,678,1,0,0
B00332,32,M,married,primary,salaried,Lumbini,education,90685,624,0,2,0
B00333,42,F,married,secondary,salaried,Lumbini,agriculture,79177,728,0,2,0
B00334,42,M,single,primary,agriculture,Koshi,services,73614,733,0,2,1
B00335,66,F,married,master,agriculture,Sudurpashchim,construction,26185,743,1,3,1
B00336,50,F,married,phd,self-employed,Bagmati,manufacturing,154606,526,1,0,1
B00337,58,F,married,phd,self-employed,Madhesh,health,76489,782,0,0,1
B00338,58,F,married,master,informal,Bagmati,wholesale,18594,684,0,1,0
B00339,65,F,married,bachelor,salaried,Karnali,retail,113915,678,0,3,0
B00340,28,M,single,bachelor,salaried,Karnali,retail,43797,669,0,2,1
B00341,47,M,single,secondary,salaried,Madhesh,agriculture,62042,602,0,1,1
B00342,47,M,married,bachelor,salaried,Sudurpashchim,health,65884,695,1,0,1
B00343,54,F,married,secondary,salaried,Gandaki,retail,78881,764,0,2,1
B00344,41,F,single,bachelor,informal,Karnali,construction,33130,683,0,1,0
B00345,50,M,married,bachelor,self-employed,Koshi,agriculture,116179,614,0,2,1
B00346,53,F,married,secondary,self-employed,Gandaki,construction,107609,591,0,4,1
B00347,48,M,married,secondary,informal,Lumbini,services,45286,659,0,2,0
B00348,67,F,single,master,salaried,Karnali,construction,96486,634,0,3,1
B00349,53,M,married,primary,salaried,Koshi,retail,68642,714,0,1,0
B00350,25,M,married,bachelor,self-employed,Lumbini,construction,76730,750,0,2,1
B00351,68,M,married,master,self-employed,Gandaki,wholesale,144943,701,0,3,0
B00352,39,M,married,bachelor,salaried,Madhesh,services,75914,670,0,2,0
B00353,24,M,married,bachelor,self-employed,Lumbini,construction,55430,668,0,2,1
B00354,55,M,married,secondary,business_owner,Bagmati,wholesale,81737,679,0,2,0
B00355,69,F,single,secondary,business_owner,Madhesh,retail,120853,611,0,3,1
B00356,37,M,married,master,business_owner,Madhesh,agriculture,15000,708,0,0,1
B00357,64,M,married,bachelor,salaried,Gandaki,manufacturing,57340,616,0,1,0
B00358,48,F,married,bachelor,salaried,Gandaki,services,67992,736,0,1,0
B00359,50,F,single,primary,self-employed,Koshi,wholesale,79984,655,0,3,1
B00360,49,M,single,primary,salaried,Koshi,retail,44851,721,0,4,1
B00361,66,M,divorced,phd,informal,Bagmati,services,38272,594,0,0,1
B00362,26,M,married,secondary,self-employed,Madhesh,retail,120394,720,0,0,1
B00363,55,M,divorced,bachelor,salaried,Sudurpashchim,education,89462,750,0,3,1
B00364,61,F,married,primary,agriculture,Bagmati,retail,51721,605,0,1,0
B00365,57,M,married,bachelor,self-employed,Bagmati,services,82932,669,0,1,0
B00366,44,M,married,master,salaried,Sudurpashchim,retail,66767,693,0,0,1
B00367,49,F,divorced,bachelor,agriculture,Sudurpashchim,retail,54253,696,0,1,1
B00368,69,M,married,secondary,agriculture,Sudurpashchim,agriculture,51846,656,0,2,0
B00369,66,F,married,bachelor,business_owner,Gandaki,agriculture,134586,647,1,1,0
B00370,51,M,single,master,salaried,Bagmati,retail,80035,689,0,1,1
B00371,55,F,married,secondary,self-employed,Bagmati,retail,48666,694,0,3,1
B00372,53,M,married,master,agriculture,Lumbini,retail,44415,640,1,0,1
B00373,41,F,single,bachelor,salaried,Sudurpashchim,construction,73958,630,0,0,1
B00374,52,F,single,master,salaried,Sudurpashchim,manufacturing,50683,742,0,3,0
B00375,43,M,married,bachelor,informal,Koshi,retail,34892,681,1,2,0
B00376,53,F,single,secondary,salaried,Koshi,services,65642,550,0,1,1
B00377,23,F,single,secondary,business_owner,Madhesh,agriculture,112402,742,0,1,0
B00378,38,F,married,secondary,self-employed,Koshi,education,91498,642,0,1,1
B00379,45,F,divorced,master,self-employed,Karnali,health,59559,679,0,2,0
B00380,62,F,married,master,salaried,Madhesh,services,89360,696,0,0,0
B00381,51,M,single,bachelor,agriculture,Sudurpashchim,retail,46812,593,0,1,1
B00382,23,M,single,secondary,salaried,Lumbini,wholesale,72903,659,0,0,1
B00383,60,F,married,secondary,self-employed,Koshi,construction,73905,747,0,3,1
B00384,66,M,married,bachelor,business_owner,Lumbini,health,130604,735,0,1,0
B00385,44,F,married,bachelor,business_owner,Koshi,services,195204,659,1,2,0
B00386,70,F,married,secondary,informal,Koshi,wholesale,39313,714,0,0,1
B00387,52,M,married,bachelor,self-employed,Lumbini,services,68665,722,0,0,0
B00388,67,M,single,primary,salaried,Bagmati,wholesale,53396,719,0,2,0
B00389,42,F,married,secondary,informal,Bagmati,wholesale,44105,612,0,2,1
B00390,43,M,single,bachelor,business_owner,Bagmati,manufacturing,116795,765,0,2,1
B00391,22,F,divorced,secondary,salaried,Karnali,retail,71028,649,0,2,0
B00392,47,M,married,phd,salaried,Bagmati,wholesale,79365,681,1,0,0
B00393,62,F,married,secondary,agriculture,Koshi,agriculture,56159,656,0,2,0
B00394,22,M,single,secondary,salaried,Sudurpashchim,retail,69549,688,0,0,0
B00395,46,F,single,secondary,business_owner,Gandaki,retail,207921,627,0,0,1
B00396,37,M,married,master,self-employed,Lumbini,wholesale,105720,663,0,2,1
B00397,60,F,single,secondary,salaried,Sudurpashchim,education,48214,685,0,3,0
B00398,53,M,married,bachelor,self-employed,Gandaki,construction,38643,742,0,2,0
B00399,29,F,single,primary,salaried,Sudurpashchim,retail,56087,736,1,3,0
B00400,63,F,married,primary,self-employed,Karnali,services,89579,739,0,4,1
B00401,68,M,married,secondary,self-employed,Gandaki,wholesale,61615,723,0,0,0
B00402,59,M,married,master,self-employed,Madhesh,agriculture,66171,777,1,4,1
B00403,49,M,married,master,business_owner,Bagmati,construction,121173,659,0,2,0
B00404,62,F,single,primary,agriculture,Karnali,education,43844,666,0,3,0
B00405,46,F,single,bachelor,agriculture,Sudurpashchim,services,15000,664,1,2,0
B00406,55,M,married,master,salaried,Koshi,health,91543,672,0,2,1
B00407,70,M,married,secondary,salaried,Bagmati,health,86899,596,0,2,1
B00408,45,M,married,master,self-employed,Bagmati,education,46446,690,0,1,1
B00409,44,F,single,secondary,informal,Gandaki,manufacturing,45853,702,0,3,0
B00410,33,M,single,master,agriculture,Madhesh,services,29902,661,0,0,0
B00411,27,O,single,bachelor,agriculture,Bagmati,services,39041,578,0,1,0
B00412,56,M,married,master,salaried,Sudurpashchim,retail,79723,676,0,0,0
B00413,65,F,single,bachelor,self-employed,Sudurpashchim,wholesale,109301,604,0,1,0
B00414,40,M,married,secondary,self-employed,Lumbini,agriculture,108599,699,0,0,1
B00415,21,M,single,master,salaried,Lumbini,manufacturing,74896,682,0,0,0
B00416,28,F,married,secondary,salaried,Bagmati,education,95504,687,0,1,0
B00417,66,F,married,secondary,informal,Gandaki,retail,35841,617,0,1,0
B00418,36,O,divorced,bachelor,salaried,Gandaki,retail,62227,744,0,0,0
B00419,34,M,divorced,master,salaried,Koshi,construction,18107,684,0,1,1
B00420,32,M,married,master,salaried,Karnali,services,68138,625,0,4,0
B00421,43,F,divorced,secondary,informal,Karnali,retail,53695,707,0,0,0
B00422,35,F,widowed,master,self-employed,Karnali,health,93557,680,0,1,1
B00423,48,M,married,bachelor,business_owner,Madhesh,construction,91919,776,0,0,0
B00424,54,M,married,primary,informal,Gandaki,services,57667,645,0,0,0
B00425,22,M,single,secondary,salaried,Koshi,construction,68523,606,0,2,1
B00426,52,F,married,secondary,business_owner,Lumbini,agriculture,154489,691,0,1,0
B00427,43,M,single,secondary,salaried,Sudurpashchim,construction,79722,731,0,1,1
B00428,42,M,single,phd,salaried,Karnali,construction,98490,803,0,0,0
B00429,45,M,widowed,bachelor,agriculture,Lumbini,retail,56108,850,0,2,1
B00430,42,M,married,bachelor,agriculture,Lumbini,agriculture,60978,590,1,2,1
B00431,42,M,married,phd,salaried,Bagmati,retail,68465,668,0,0,1
B00432,69,M,married,secondary,salaried,Madhesh,retail,59942,607,0,0,1
B00433,62,M,married,master,self-employed,Koshi,education,99721,661,0,0,0
B00434,26,F,widowed,secondary,salaried,Madhesh,manufacturing,100054,811,0,2,1
B00435,35,M,single,master,salaried,Bagmati,construction,57682,630,0,0,0
B00436,63,M,single,secondary,salaried,Koshi,construction,65037,674,1,1,1
B00437,57,F,married,master,salaried,Koshi,health,70533,643,0,0,0
B00438,53,F,single,secondary,agriculture,Gandaki,education,62328,620,0,0,1
B00439,28,M,single,secondary,salaried,Madhesh,services,76909,774,0,0,1
B00440,64,M,married,bachelor,salaried,Madhesh,services,88261,590,0,1,1
B00441,64,M,married,secondary,self-employed,Gandaki,retail,144217,670,0,0,0
B00442,25,F,married,bachelor,agriculture,Lumbini,services,38499,680,0,1,1
B00443,59,O,married,secondary,salaried,Bagmati,services,82194,673,0,2,0
B00444,24,F,married,bachelor,salaried,Madhesh,manufacturing,76412,658,0,1,0
B00445,26,F,single,secondary,salaried,Gandaki,agriculture,70380,764,1,2,1
B00446,65,F,single,primary,business_owner,Sudurpashchim,health,147273,559,0,2,1
B00447,52,M,married,secondary,self-employed,Koshi,construction,76995,699,1,2,1
B00448,50,M,married,bachelor,agriculture,Karnali,agriculture,55814,701,0,3,1
B00449,67,F,married,secondary,informal,Sudurpashchim,services,25420,691,0,1,0
B00450,55,F,single,secondary,agriculture,Gandaki,retail,40301,629,0,0,1
B00451,60,M,married,secondary,self-employed,Karnali,wholesale,116425,741,0,2,0
B00452,36,F,married,primary,self-employed,Lumbini,construction,115272,739,0,2,0
B00453,33,M,married,bachelor,salaried,Bagmati,retail,75188,627,0,1,0
B00454,70,M,married,master,informal,Karnali,agriculture,38204,609,0,0,1
B00455,62,M,married,secondary,salaried,Lumbini,manufacturing,86505,598,0,2,1
B00456,50,M,married,bachelor,salaried,Karnali,retail,94729,687,0,3,0
B00457,39,F,married,bachelor,business_owner,Koshi,wholesale,101443,678,0,1,1
B00458,37,M,widowed,secondary,salaried,Koshi,services,40899,655,0,4,0
B00459,39,F,married,bachelor,self-employed,Koshi,services,98474,789,0,1,1
B00460,48,F,married,secondary,self-employed,Koshi,construction,112413,650,0,0,1
B00461,46,F,married,bachelor,self-employed,Gandaki,construction,102624,685,0,1,0
B00462,57,M,married,primary,agriculture,Koshi,manufacturing,78171,664,0,1,1
B00463,46,M,single,bachelor,salaried,Sudurpashchim,construction,101386,783,0,2,0
B00464,43,M,married,bachelor,self-employed,Koshi,manufacturing,75838,566,0,1,1
B00465,29,O,divorced,primary,self-employed,Sudurpashchim,health,90969,658,1,2,0
B00466,32,F,divorced,secondary,business_owner,Gandaki,retail,97655,709,0,0,0
B00467,21,M,married,phd,agriculture,Koshi,agriculture,31602,663,0,1,1
B00468,21,F,married,secondary,salaried,Lumbini,services,50731,603,0,1,0
B00469,67,M,single,bachelor,business_owner,Lumbini,wholesale,152265,685,0,4,1
B00470,54,F,widowed,master,salaried,Madhesh,retail,76057,586,0,1,0
B00471,52,M,widowed,bachelor,informal,Lumbini,manufacturing,58349,712,1,3,0
B00472,68,F,married,bachelor,salaried,Bagmati,retail,120632,652,0,1,1
B00473,45,M,married,master,business_owner,Bagmati,retail,142494,643,0,0,0
B00474,60,F,married,master,salaried,Bagmati,health,54241,733,0,1,1
B00475,65,F,married,secondary,salaried,Gandaki,construction,90702,620,0,1,1
B00476,21,F,single,bachelor,self-employed,Lumbini,construction,60804,590,0,4,1
B00477,36,M,married,secondary,agriculture,Sudurpashchim,construction,81470,625,0,2,0
B00478,59,M,married,phd,self-employed,Bagmati,health,25856,788,1,3,1
B00479,25,M,married,bachelor,informal,Madhesh,manufacturing,36801,620,0,3,1
B00480,42,M,married,primary,self-employed,Gandaki,wholesale,103664,695,0,2,0
B00481,49,M,divorced,master,self-employed,Madhesh,education,120325,721,1,2,1
B00482,23,F,single,bachelor,salaried,Lumbini,construction,56460,623,0,2,0
B00483,32,F,married,primary,agriculture,Koshi,services,34551,623,1,2,1
B00484,46,M,married,bachelor,salaried,Madhesh,services,72967,685,0,1,1
B00485,36,M,married,secondary,informal,Koshi,services,73634,687,0,1,1
B00486,57,M,married,master,informal,Gandaki,health,21924,749,0,2,1
B00487,42,F,single,secondary,informal,Madhesh,services,40288,633,0,0,0
B00488,49,M,single,master,self-employed,Madhesh,health,92805,654,0,1,0
B00489,34,F,married,bachelor,business_owner,Karnali,education,84182,831,0,3,0
B00490,48,M,married,primary,agriculture,Gandaki,agriculture,35611,576,0,1,0
B00491,25,O,single,phd,salaried,Gandaki,manufacturing,65332,565,0,2,1
B00492,67,F,married,bachelor,self-employed,Bagmati,services,93781,599,1,0,1
B00493,69,M,married,secondary,salaried,Lumbini,retail,66098,736,0,3,0
B00494,50,F,married,bachelor,self-employed,Madhesh,retail,128966,651,0,1,1
B00495,66,M,married,master,salaried,Madhesh,construction,81852,651,0,4,1
B00496,25,F,single,secondary,salaried,Sudurpashchim,services,77663,622,0,4,0
B00497,32,M,single,secondary,salaried,Gandaki,retail,90553,726,1,3,0
B00498,36,F,married,secondary,self-employed,Gandaki,wholesale,97024,600,0,0,1
B00499,46,F,married,secondary,business_owner,Lumbini,health,100056,643,0,1,0
B00500,46,F,married,master,salaried,Gandaki,services,64736,624,0,4,1
B00501,68,F,married,bachelor,self-employed,Koshi,education,51116,528,0,3,0
B00502,41,M,married,secondary,salaried,Koshi,wholesale,110097,649,0,3,1
B00503,59,M,widowed,secondary,self-employed,Karnali,manufacturing,112921,672,0,2,1
B00504,56,M,married,secondary,business_owner,Koshi,retail,15000,632,0,1,0
B00505,53,M,married,master,self-employed,Koshi,manufacturing,124993,660,0,0,0
B00506,50,F,married,secondary,business_owner,Lumbini,agriculture,54033,662,0,3,0
B00507,57,M,single,phd,salaried,Madhesh,wholesale,80413,668,0,2,0
B00508,43,F,married,bachelor,agriculture,Koshi,manufacturing,15000,617,0,0,0
B00509,30,F,single,secondary,self-employed,Karnali,agriculture,72156,614,0,0,1
B00510,25,F,divorced,master,self-employed,Gandaki,agriculture,125228,678,0,2,1
B00511,56,M,married,bachelor,business_owner,Koshi,construction,182848,594,0,2,1
B00512,54,F,married,bachelor,salaried,Karnali,wholesale,76135,663,0,0,0
B00513,51,F,married,phd,business_owner,Lumbini,manufacturing,155435,765,0,1,1
B00514,30,M,single,primary,self-employed,Sudurpashchim,health,42592,673,0,0,0
B00515,39,F,single,primary,salaried,Sudurpashchim,education,80766,575,0,0,1
B00516,52,F,married,bachelor,salaried,Sudurpashchim,health,87019,685,0,3,1
B00517,21,M,single,secondary,salaried,Gandaki,services,121394,720,0,2,1
B00518,25,M,married,secondary,informal,Karnali,construction,35651,631,0,2,1
B00519,65,M,divorced,primary,business_owner,Koshi,manufacturing,120733,659,0,3,0
B00520,24,M,divorced,primary,salaried,Madhesh,retail,71562,627,0,1,0
B00521,36,M,married,master,salaried,Gandaki,construction,83971,650,0,2,1
B00522,44,M,single,secondary,self-employed,Gandaki,agriculture,111415,638,0,4,0
B00523,36,M,married,bachelor,agriculture,Sudurpashchim,retail,69096,699,0,2,0
B00524,22,M,divorced,bachelor,salaried,Madhesh,retail,89759,766,0,1,1
B00525,69,F,single,secondary,salaried,Sudurpashchim,construction,40377,678,1,2,1
B00526,48,M,married,primary,informal,Gandaki,retail,15000,590,0,3,0
B00527,52,F,married,master,salaried,Koshi,retail,59712,814,0,0,0
B00528,47,M,married,primary,salaried,Sudurpashchim,services,69291,707,0,1,0
B00529,40,M,widowed,master,informal,Sudurpashchim,retail,35800,718,0,3,1
B00530,44,M,single,master,self-employed,Sudurpashchim,education,71209,671,1,4,1
B00531,32,M,divorced,secondary,salaried,Gandaki,services,63275,688,0,1,1
B00532,70,M,married,bachelor,salaried,Koshi,manufacturing,81548,656,0,1,1
B00533,55,F,widowed,bachelor,salaried,Madhesh,health,49326,725,1,1,0
B00534,53,M,married,secondary,salaried,Bagmati,manufacturing,68443,649,0,1,0
B00535,53,F,married,master,informal,Madhesh,services,43947,702,0,3,1
B00536,63,F,single,master,self-employed,Koshi,construction,101640,728,0,0,1
B00537,57,M,married,secondary,business_owner,Lumbini,services,172285,744,0,1,0
B00538,32,M,single,bachelor,informal,Sudurpashchim,wholesale,70261,732,0,3,1
B00539,23,F,widowed,master,self-employed,Madhesh,construction,62620,619,1,1,0
B00540,21,M,married,phd,salaried,Lumbini,construction,30000,762,0,2,0
B00541,53,M,married,bachelor,self-employed,Lumbini,construction,77742,712,0,1,1
B00542,60,O,divorced,secondary,informal,Koshi,health,21170,692,0,3,0
B00543,30,M,single,secondary,agriculture,Koshi,construction,99222,698,0,4,1
B00544,63,F,married,master,salaried,Sudurpashchim,construction,52542,666,0,1,0
B00545,64,O,single,secondary,business_owner,Bagmati,education,145372,649,0,3,1
B00546,49,M,single,bachelor,self-employed,Karnali,retail,113021,655,0,4,1
B00547,33,M,single,secondary,informal,Gandaki,services,50109,746,1,4,1
B00548,32,M,married,secondary,salaried,Madhesh,construction,111534,679,0,1,0
B00549,51,M,single,secondary,self-employed,Koshi,manufacturing,78925,690,0,1,0
B00550,66,M,single,phd,agriculture,Madhesh,retail,34972,678,0,1,1
B00551,22,F,single,primary,self-employed,Karnali,wholesale,58401,638,0,1,0
B00552,70,M,single,bachelor,self-employed,Karnali,services,107500,557,0,1,1
B00553,55,M,widowed,primary,salaried,Sudurpashchim,manufacturing,66204,717,0,0,1
B00554,43,O,married,secondary,salaried,Lumbini,construction,52270,711,0,2,0
B00555,37,F,widowed,secondary,salaried,Sudurpashchim,health,78826,674,0,2,1
B00556,46,F,married,bachelor,informal,Gandaki,construction,55638,615,0,3,1
B00557,28,M,single,secondary,salaried,Bagmati,education,75426,775,1,3,1
B00558,49,F,married,secondary,self-employed,Madhesh,services,111987,656,0,1,0
B00559,46,M,married,primary,business_owner,Gandaki,services,123964,689,0,1,0
B00560,30,M,married,secondary,salaried,Bagmati,services,58127,636,0,2,0
B00561,46,M,single,phd,self-employed,Madhesh,manufacturing,109342,601,0,0,0
B00562,54,F,single,master,business_owner,Gandaki,retail,79946,707,0,0,0
B00563,61,M,single,secondary,agriculture,Koshi,manufacturing,29680,592,0,3,1
B00564,27,M,married,bachelor,business_owner,Madhesh,agriculture,172017,688,0,0,0
B00565,24,M,married,master,business_owner,Gandaki,services,104346,688,0,3,0
B00566,70,M,single,primary,salaried,Karnali,health,103313,613,0,3,0
B00567,65,F,single,master,informal,Bagmati,manufacturing,57848,604,0,1,0
B00568,31,F,married,master,salaried,Gandaki,retail,61523,633,0,3,0
B00569,49,F,single,primary,agriculture,Koshi,services,58751,640,0,1,1
B00570,56,M,married,secondary,salaried,Sudurpashchim,agriculture,120567,591,0,3,0
B00571,45,M,married,phd,informal,Madhesh,services,56314,613,0,3,0
B00572,41,M,single,bachelor,business_owner,Madhesh,retail,146176,679,1,0,0
B00573,56,M,single,primary,business_owner,Madhesh,manufacturing,93237,784,0,2,1
B00574,30,M,married,secondary,salaried,Koshi,health,106891,730,0,2,0
B00575,57,F,married,secondary,self-employed,Bagmati,services,124538,684,0,0,0
B00576,29,M,married,bachelor,self-employed,Madhesh,education,67433,737,1,4,1
B00577,44,M,married,bachelor,agriculture,Bagmati,construction,83847,739,0,1,0
B00578,55,M,single,phd,salaried,Gandaki,retail,73295,658,0,1,1
B00579,69,M,married,secondary,informal,Karnali,agriculture,32394,689,0,0,1
B00580,55,M,married,bachelor,informal,Karnali,services,36022,729,0,2,0
B00581,68,F,single,bachelor,salaried,Bagmati,wholesale,87554,736,0,3,1
B00582,56,F,married,secondary,agriculture,Bagmati,agriculture,34996,737,0,2,1
B00583,38,F,single,secondary,self-employed,Karnali,construction,51906,619,0,2,0
B00584,69,M,married,phd,self-employed,Madhesh,retail,71833,740,0,2,1
B00585,59,M,single,master,salaried,Lumbini,education,64209,777,1,1,0
B00586,52,M,married,bachelor,self-employed,Lumbini,construction,64800,757,0,1,0
B00587,44,M,married,bachelor,business_owner,Koshi,health,99572,615,0,0,1
B00588,43,F,married,secondary,self-employed,Sudurpashchim,wholesale,112507,601,0,0,1
B00589,52,M,single,bachelor,business_owner,Karnali,health,131542,701,1,0,1
B00590,57,M,married,bachelor,business_owner,Karnali,services,96796,756,0,4,0
B00591,32,M,married,bachelor,business_owner,Koshi,retail,100746,687,0,4,1
B00592,69,M,married,phd,salaried,Lumbini,construction,67366,662,0,0,1
B00593,33,F,married,bachelor,agriculture,Gandaki,agriculture,48660,670,0,1,0
B00594,43,M,married,secondary,self-employed,Madhesh,manufacturing,82894,731,0,0,1
B00595,45,M,married,master,salaried,Madhesh,services,87604,657,0,3,0
B00596,55,M,married,secondary,salaried,Gandaki,retail,73940,701,0,1,0
B00597,61,M,married,secondary,self-employed,Gandaki,agriculture,91793,668,1,2,0
B00598,50,F,married,secondary,informal,Lumbini,services,66401,626,0,2,0
B00599,37,F,married,secondary,salaried,Koshi,manufacturing,107533,622,0,2,1
B00600,69,F,widowed,master,business_owner,Gandaki,services,64606,704,0,1,0
B00601,40,F,divorced,bachelor,salaried,Koshi,health,38421,526,0,0,1
B00602,68,M,married,master,self-employed,Sudurpashchim,manufacturing,74517,701,0,0,0
B00603,45,F,single,bachelor,informal,Bagmati,construction,56746,666,0,1,0
B00604,42,M,married,secondary,agriculture,Madhesh,health,56767,727,0,3,1
B00605,33,M,married,master,salaried,Lumbini,manufacturing,91081,708,1,1,0
B00606,39,F,married,secondary,self-employed,Madhesh,retail,73229,677,0,0,1
B00607,69,M,married,secondary,salaried,Lumbini,retail,30865,616,0,3,1
B00608,56,F,married,bachelor,self-employed,Bagmati,agriculture,43996,619,1,0,1
B00609,32,M,married,secondary,agriculture,Madhesh,wholesale,60165,640,0,0,1
B00610,61,F,married,primary,agriculture,Bagmati,manufacturing,69111,723,0,3,1
B00611,39,F,married,bachelor,salaried,Lumbini,retail,31864,772,0,2,1
B00612,32,F,married,bachelor,informal,Gandaki,wholesale,66159,693,0,1,0
B00613,29,F,married,secondary,self-employed,Sudurpashchim,services,98938,643,0,2,1
B00614,27,F,married,phd,salaried,Madhesh,health,68591,648,0,2,0
B00615,48,M,single,bachelor,self-employed,Bagmati,manufacturing,66195,651,0,0,0
B00616,34,M,single,master,self-employed,Karnali,health,132734,732,0,2,0
B00617,51,M,divorced,secondary,self-employed,Madhesh,health,111910,650,1,2,1
B00618,39,F,single,bachelor,self-employed,Madhesh,retail,99724,673,0,4,1
B00619,67,M,married,master,self-employed,Madhesh,wholesale,63057,749,0,4,0
B00620,36,F,married,bachelor,salaried,Koshi,construction,102283,644,0,1,0
B00621,25,M,married,bachelor,agriculture,Bagmati,education,50546,706,0,2,1
B00622,55,M,married,secondary,self-employed,Bagmati,services,93970,725,0,0,0
B00623,32,F,single,primary,salaried,Madhesh,health,71461,678,0,0,0
B00624,45,M,married,secondary,agriculture,Gandaki,retail,36220,782,0,1,1
B00625,41,M,married,secondary,informal,Madhesh,wholesale,49795,767,1,2,1
B00626,56,M,married,master,informal,Koshi,agriculture,55454,689,0,2,0
B00627,43,F,single,secondary,salaried,Lumbini,services,61167,631,0,1,0
B00628,36,F,married,phd,salaried,Koshi,retail,74681,633,0,3,1
B00629,59,M,single,master,self-employed,Gandaki,services,86754,687,0,3,1
B00630,65,M,single,secondary,salaried,Madhesh,retail,88302,615,1,2,0
B00631,62,M,single,secondary,informal,Bagmati,agriculture,40515,690,0,0,0
B00632,59,F,single,master,salaried,Sudurpashchim,education,74531,768,0,3,0
B00633,34,F,married,phd,salaried,Karnali,education,78743,678,0,3,1
B00634,51,M,married,secondary,self-employed,Madhesh,agriculture,75352,674,0,0,1
B00635,25,M,divorced,secondary,salaried,Gandaki,services,53492,722,0,1,0
B00636,55,M,widowed,bachelor,agriculture,Bagmati,services,38073,704,0,4,1
B00637,43,F,married,bachelor,self-employed,Koshi,retail,97275,612,0,2,1
B00638,49,F,single,secondary,salaried,Lumbini,services,65293,650,0,1,1
B00639,63,M,married,bachelor,salaried,Lumbini,retail,65028,779,0,0,1
B00640,31,M,married,primary,self-employed,Sudurpashchim,construction,103124,693,0,2,0
B00641,38,M,married,primary,salaried,Madhesh,education,90389,620,0,1,0
B00642,67,F,single,secondary,self-employed,Koshi,manufacturing,120751,664,0,0,1
B00643,32,M,married,secondary,self-employed,Sudurpashchim,construction,66624,577,0,1,1
B00644,29,F,married,secondary,business_owner,Karnali,retail,161523,573,0,0,0
B00645,30,F,married,bachelor,informal,Karnali,manufacturing,76274,729,0,2,1
B00646,64,M,single,secondary,informal,Sudurpashchim,agriculture,46891,675,0,4,0
B00647,37,M,married,secondary,informal,Gandaki,services,43900,704,0,1,0
B00648,58,M,single,secondary,salaried,Lumbini,wholesale,64364,739,1,2,0
B00649,27,F,single,phd,salaried,Koshi,education,48724,694,0,1,1
B00650,66,F,married,secondary,salaried,Madhesh,construction,86845,715,1,0,1
B00651,33,F,single,secondary,informal,Bagmati,education,43967,689,0,4,0
B00652,60,M,single,bachelor,informal,Madhesh,construction,42754,746,0,0,1
B00653,62,M,single,phd,agriculture,Madhesh,health,62372,773,0,0,1
B00654,29,F,married,secondary,salaried,Koshi,retail,85589,686,0,1,1
B00655,70,F,married,bachelor,informal,Lumbini,retail,35987,684,0,2,0
B00656,47,M,married,bachelor,self-employed,Koshi,services,67691,693,0,1,0
B00657,22,F,married,bachelor,salaried,Bagmati,retail,57572,669,0,0,1
B00658,25,F,single,primary,self-employed,Sudurpashchim,manufacturing,148405,653,0,3,1
B00659,49,F,married,bachelor,salaried,Koshi,agriculture,99542,733,0,1,1
B00660,57,F,married,primary,self-employed,Gandaki,manufacturing,106211,653,0,0,1
B00661,58,F,single,bachelor,salaried,Madhesh,wholesale,62491,650,0,1,1
B00662,39,F,married,bachelor,self-employed,Lumbini,education,77292,724,0,0,0
B00663,28,M,divorced,secondary,self-employed,Karnali,retail,95903,729,0,1,1
B00664,68,M,single,master,agriculture,Bagmati,services,89764,803,0,2,0
B00665,65,F,married,primary,business_owner,Karnali,agriculture,132999,742,0,3,0
B00666,21,M,single,master,self-employed,Madhesh,construction,100264,720,0,1,0
B00667,42,M,single,bachelor,agriculture,Koshi,services,15000,728,0,0,1
B00668,37,M,divorced,secondary,informal,Karnali,retail,48863,667,0,0,1
B00669,27,M,married,secondary,salaried,Gandaki,manufacturing,42122,706,1,1,0
B00670,45,F,married,master,self-employed,Koshi,retail,70390,709,0,0,0
B00671,65,F,married,primary,salaried,Madhesh,retail,70937,645,0,1,0
B00672,24,M,single,secondary,salaried,Karnali,agriculture,63957,672,0,0,1
B00673,56,M,married,secondary,business_owner,Sudurpashchim,wholesale,91381,727,1,2,1
B00674,26,M,married,bachelor,agriculture,Bagmati,services,38713,674,0,1,1
B00675,51,F,married,bachelor,salaried,Karnali,services,65779,709,0,0,1
B00676,39,F,widowed,secondary,agriculture,Sudurpashchim,health,45415,724,0,1,0
B00677,64,M,married,secondary,agriculture,Sudurpashchim,health,50364,722,1,0,0
B00678,59,F,married,secondary,informal,Karnali,services,44182,770,0,2,1
B00679,47,F,married,secondary,salaried,Lumbini,wholesale,95577,643,0,1,0
B00680,30,F,single,secondary,informal,Karnali,wholesale,15000,765,0,0,0
B00681,46,F,single,bachelor,salaried,Madhesh,wholesale,74899,701,0,1,0
B00682,39,M,single,secondary,self-employed,Sudurpashchim,manufacturing,87130,721,0,1,1
B00683,59,F,married,secondary,salaried,Bagmati,manufacturing,67316,713,0,3,1
B00684,23,M,married,secondary,salaried,Madhesh,services,55883,711,0,4,0
B00685,65,F,married,phd,business_owner,Gandaki,services,113263,640,0,0,1
B00686,33,F,divorced,master,self-employed,Koshi,retail,35994,719,0,2,0
B00687,70,F,married,master,salaried,Karnali,services,74134,596,0,1,1
B00688,48,F,married,secondary,salaried,Lumbini,services,77761,790,1,0,1
B00689,40,M,single,primary,business_owner,Bagmati,manufacturing,88316,696,0,0,0
B00690,48,M,single,secondary,salaried,Lumbini,agriculture,108813,739,1,3,1
B00691,28,O,married,secondary,agriculture,Lumbini,agriculture,47832,712,0,1,1
B00692,61,F,married,bachelor,salaried,Lumbini,services,70881,677,0,4,0
B00693,59,M,married,master,salaried,Karnali,manufacturing,96715,645,0,1,0
B00694,21,M,single,master,salaried,Bagmati,wholesale,112842,635,0,0,1
B00695,23,M,single,master,self-employed,Bagmati,retail,51299,718,0,2,0
B00696,33,F,married,secondary,salaried,Sudurpashchim,agriculture,58456,715,0,3,1
B00697,48,F,single,bachelor,salaried,Lumbini,wholesale,67946,706,0,3,1
B00698,69,M,single,secondary,informal,Sudurpashchim,agriculture,33856,669,0,2,0
B00699,45,M,married,primary,business_owner,Sudurpashchim,construction,158075,698,0,1,0
B00700,53,F,single,bachelor,salaried,Koshi,education,52940,652,0,0,1
B00701,58,F,married,primary,self-employed,Karnali,health,122998,638,0,0,0
B00702,26,M,married,secondary,agriculture,Karnali,retail,61225,660,0,1,1
B00703,64,F,single,secondary,salaried,Madhesh,health,93280,662,0,4,1
B00704,65,M,married,bachelor,salaried,Sudurpashchim,agriculture,53029,756,0,2,1
B00705,52,M,married,master,business_owner,Karnali,agriculture,102742,600,0,3,1
B00706,65,F,married,secondary,self-employed,Lumbini,retail,111939,673,0,1,1
B00707,67,F,married,master,self-employed,Gandaki,education,106497,710,0,2,1
B00708,41,F,single,secondary,salaried,Lumbini,retail,64262,784,1,3,1
B00709,36,F,married,secondary,salaried,Bagmati,construction,67109,642,0,1,1
B00710,41,F,single,bachelor,business_owner,Karnali,retail,100454,614,0,1,1
B00711,31,M,married,bachelor,salaried,Karnali,agriculture,66571,715,0,2,1
B00712,57,M,married,phd,self-employed,Madhesh,services,56039,684,0,2,0
B00713,56,M,divorced,secondary,self-employed,Sudurpashchim,retail,51003,663,0,4,1
B00714,55,M,married,bachelor,salaried,Gandaki,retail,90108,699,0,1,0
B00715,39,F,single,bachelor,informal,Karnali,services,41918,722,0,0,0
B00716,40,O,single,master,agriculture,Madhesh,retail,70723,716,0,1,0
B00717,38,M,married,secondary,business_owner,Madhesh,services,146819,692,0,1,1
B00718,67,M,married,bachelor,salaried,Gandaki,agriculture,76240,747,0,2,0
B00719,61,F,married,bachelor,salaried,Lumbini,construction,55795,686,0,0,1
B00720,69,M,single,secondary,self-employed,Lumbini,agriculture,48676,677,0,4,1
B00721,34,F,married,bachelor,salaried,Lumbini,retail,60861,714,0,3,0
B00722,35,F,single,secondary,informal,Koshi,wholesale,67978,606,0,0,1
B00723,51,F,widowed,bachelor,salaried,Sudurpashchim,wholesale,87779,709,0,0,1
B00724,21,M,married,master,self-employed,Sudurpashchim,education,68487,658,0,1,1
B00725,23,M,divorced,bachelor,salaried,Lumbini,education,61088,602,0,2,0
B00726,36,F,single,bachelor,business_owner,Gandaki,services,78190,698,0,0,0
B00727,43,F,married,bachelor,salaried,Koshi,retail,39058,650,0,0,1
B00728,31,M,married,primary,self-employed,Sudurpashchim,education,88048,586,0,2,0
B00729,32,F,married,secondary,salaried,Lumbini,education,104501,627,0,2,0
B00730,30,M,married,bachelor,informal,Koshi,education,71064,768,1,1,0
B00731,52,F,divorced,secondary,salaried,Gandaki,education,82158,644,0,2,1
B00732,36,M,divorced,secondary,informal,Lumbini,services,35959,693,1,4,0
B00733,28,F,married,bachelor,agriculture,Bagmati,retail,23909,615,0,0,1
B00734,58,M,single,secondary,salaried,Karnali,services,90941,791,0,1,1
B00735,32,M,married,secondary,agriculture,Gandaki,services,58049,679,0,0,1
B00736,44,M,widowed,bachelor,salaried,Madhesh,services,63675,637,0,0,0
B00737,48,M,single,secondary,informal,Madhesh,manufacturing,37750,724,0,0,1
B00738,28,F,married,master,self-employed,Gandaki,wholesale,103013,788,0,1,0
B00739,48,O,married,master,salaried,Madhesh,services,53467,653,0,3,0
B00740,56,M,married,bachelor,salaried,Sudurpashchim,services,74784,636,0,2,0
B00741,46,M,widowed,primary,salaried,Gandaki,retail,45603,801,0,1,0
B00742,28,F,married,master,informal,Bagmati,services,78427,668,0,0,1
B00743,70,F,married,master,salaried,Gandaki,construction,56259,662,0,2,1
B00744,48,F,single,master,business_owner,Lumbini,construction,149177,557,1,0,1
B00745,48,M,married,primary,self-employed,Lumbini,services,49059,673,0,1,0
B00746,57,M,single,bachelor,informal,Koshi,services,42551,600,0,1,1
B00747,61,F,married,master,salaried,Madhesh,retail,87692,644,1,3,0
B00748,56,M,married,bachelor,self-employed,Karnali,agriculture,118028,564,0,0,1
B00749,47,F,divorced,bachelor,self-employed,Madhesh,services,107898,743,0,2,0
B00750,37,M,single,secondary,business_owner,Sudurpashchim,services,113779,594,0,0,1
B00751,29,F,married,bachelor,salaried,Gandaki,education,56680,568,0,2,1
B00752,53,M,divorced,primary,salaried,Karnali,services,48446,625,0,2,0
B00753,40,F,single,bachelor,salaried,Karnali,retail,100075,744,0,3,1
B00754,33,M,single,primary,business_owner,Madhesh,wholesale,124651,651,0,2,1
B00755,48,F,single,secondary,salaried,Karnali,services,75764,658,0,1,1
B00756,68,M,married,secondary,self-employed,Karnali,services,119961,701,0,1,1
B00757,49,F,single,bachelor,salaried,Lumbini,education,81734,667,1,0,1
B00758,33,F,widowed,secondary,agriculture,Bagmati,manufacturing,47706,743,0,2,1
B00759,66,F,married,bachelor,informal,Gandaki,agriculture,56166,662,1,3,1
B00760,55,F,married,master,self-employed,Madhesh,services,66323,663,0,1,1
B00761,26,F,single,secondary,salaried,Lumbini,services,38977,800,0,2,1
B00762,38,F,married,primary,salaried,Sudurpashchim,services,98236,678,0,1,1
B00763,25,M,married,secondary,salaried,Sudurpashchim,services,59215,688,0,1,0
B00764,67,F,married,master,salaried,Koshi,manufacturing,63914,663,0,1,0
B00765,45,M,married,bachelor,business_owner,Karnali,wholesale,110276,541,0,0,1
B00766,22,M,married,bachelor,self-employed,Karnali,education,66933,723,0,1,1
B00767,30,M,divorced,primary,informal,Madhesh,services,61520,766,0,2,0
B00768,50,M,married,bachelor,salaried,Bagmati,retail,77489,744,0,1,0
B00769,70,F,married,master,business_owner,Bagmati,retail,106329,644,0,2,0
B00770,65,F,single,master,self-employed,Madhesh,retail,46729,665,0,2,1
B00771,25,F,single,bachelor,self-employed,Madhesh,services,94113,694,0,1,1
B00772,53,M,single,primary,salaried,Lumbini,retail,20987,692,0,3,1
B00773,21,M,married,primary,self-employed,Sudurpashchim,retail,91982,712,0,1,0
B00774,38,M,married,primary,self-employed,Madhesh,manufacturing,125295,686,0,1,1
B00775,52,M,married,secondary,business_owner,Sudurpashchim,agriculture,122905,655,0,1,0
B00776,67,M,divorced,secondary,informal,Koshi,retail,63094,683,0,0,1
B00777,69,M,divorced,secondary,salaried,Sudurpashchim,services,45416,730,1,2,0
B00778,31,M,divorced,secondary,salaried,Lumbini,construction,110770,835,0,3,1
B00779,41,F,married,master,self-employed,Karnali,health,117918,648,0,1,1
B00780,46,F,married,bachelor,self-employed,Karnali,agriculture,99278,687,1,0,1
B00781,45,O,single,master,salaried,Sudurpashchim,wholesale,58032,655,1,1,1
B00782,42,F,single,bachelor,agriculture,Karnali,agriculture,36238,692,1,2,1
B00783,47,F,single,primary,informal,Karnali,manufacturing,43936,729,0,1,1
B00784,69,M,married,bachelor,informal,Gandaki,retail,63041,664,0,2,0
B00785,33,F,married,secondary,salaried,Koshi,education,43689,562,0,2,0
B00786,53,F,married,bachelor,agriculture,Lumbini,services,50187,732,0,1,1
B00787,54,M,single,secondary,business_owner,Lumbini,health,153039,682,0,4,1
B00788,61,M,married,phd,self-employed,Karnali,construction,112880,656,0,1,1
B00789,55,F,married,secondary,self-employed,Bagmati,agriculture,106937,644,1,4,1
B00790,21,M,married,secondary,agriculture,Lumbini,construction,24483,692,0,0,1
B00791,41,F,married,master,self-employed,Koshi,services,118953,637,0,0,1
B00792,68,F,married,primary,salaried,Madhesh,services,71343,643,0,2,1
B00793,26,M,married,bachelor,self-employed,Koshi,education,52432,606,0,2,1
B00794,48,M,married,bachelor,self-employed,Karnali,agriculture,84274,637,0,3,1
B00795,37,M,single,master,salaried,Karnali,education,30826,710,0,1,1
B00796,25,M,single,phd,informal,Gandaki,education,53674,599,1,3,1
B00797,51,M,married,phd,business_owner,Sudurpashchim,health,114253,738,0,0,0
B00798,25,F,divorced,primary,business_owner,Lumbini,agriculture,62844,610,0,0,1
B00799,58,M,married,master,salaried,Sudurpashchim,services,64198,683,0,1,0
B00800,23,M,married,bachelor,self-employed,Sudurpashchim,retail,63776,702,0,3,0
B00801,43,M,married,bachelor,salaried,Lumbini,agriculture,57128,720,0,2,1
B00802,57,F,divorced,secondary,salaried,Lumbini,wholesale,24779,720,0,1,1
B00803,57,M,married,bachelor,self-employed,Karnali,wholesale,34835,670,0,1,0
B00804,30,M,married,phd,self-employed,Lumbini,wholesale,78109,666,0,0,0
B00805,30,F,married,master,self-employed,Bagmati,education,72947,708,0,1,1
B00806,39,F,divorced,secondary,salaried,Bagmati,education,89479,690,1,1,1
B00807,37,M,married,primary,self-employed,Madhesh,agriculture,66046,656,0,2,0
B00808,41,F,married,secondary,salaried,Lumbini,services,59460,695,0,2,1
B00809,34,M,single,master,informal,Gandaki,agriculture,37796,666,0,4,0
B00810,29,M,married,bachelor,self-employed,Madhesh,manufacturing,79089,642,0,0,1
B00811,66,M,married,secondary,business_owner,Karnali,services,124115,654,0,1,1
B00812,21,M,single,primary,salaried,Lumbini,services,61873,702,0,1,1
B00813,65,F,married,secondary,salaried,Bagmati,services,81424,624,0,2,1
B00814,33,M,married,bachelor,informal,Gandaki,manufacturing,79503,736,0,1,0
B00815,24,M,single,master,salaried,Madhesh,agriculture,53491,644,0,3,1
B00816,21,F,widowed,bachelor,self-employed,Gandaki,services,96754,551,0,2,0
B00817,69,F,single,secondary,business_owner,Lumbini,health,121328,705,0,0,1
B00818,60,M,single,bachelor,salaried,Koshi,retail,90940,526,0,0,1
B00819,52,F,married,primary,agriculture,Gandaki,services,53653,619,1,2,0
B00820,54,M,married,phd,self-employed,Gandaki,services,63206,808,0,2,1
B00821,48,F,single,secondary,salaried,Karnali,retail,46698,733,0,0,0
B00822,51,F,married,bachelor,salaried,Bagmati,services,82209,729,1,0,1
B00823,28,F,married,secondary,salaried,Lumbini,wholesale,48323,613,0,2,1
B00824,59,M,single,bachelor,informal,Gandaki,services,62756,665,1,2,0
B00825,46,M,single,bachelor,business_owner,Lumbini,services,144893,743,0,0,1
B00826,54,M,married,bachelor,salaried,Bagmati,construction,71734,710,0,1,0
B00827,23,M,married,secondary,salaried,Karnali,services,43754,737,0,1,1
B00828,70,M,divorced,secondary,business_owner,Lumbini,retail,150389,773,0,3,1
B00829,32,F,married,secondary,self-employed,Sudurpashchim,construction,133502,711,0,0,0
B00830,21,M,widowed,bachelor,self-employed,Bagmati,retail,72247,607,0,2,0
B00831,64,M,single,primary,salaried,Bagmati,construction,55161,708,0,1,1
B00832,25,F,widowed,bachelor,salaried,Madhesh,health,68159,662,0,0,1
B00833,50,M,married,master,business_owner,Karnali,services,141012,604,0,1,0
B00834,50,F,married,master,informal,Karnali,health,37031,724,0,0,0
B00835,37,M,single,secondary,salaried,Sudurpashchim,construction,87983,741,0,2,1
B00836,68,M,single,secondary,self-employed,Lumbini,health,142321,670,0,2,0
B00837,67,M,married,primary,self-employed,Koshi,agriculture,94907,693,0,0,1
B00838,43,M,married,bachelor,self-employed,Sudurpashchim,wholesale,75250,561,0,0,0
B00839,35,F,single,master,salaried,Madhesh,education,78800,737,0,2,1
B00840,57,M,married,secondary,agriculture,Karnali,retail,71191,719,0,1,0
B00841,41,M,single,secondary,self-employed,Bagmati,retail,89789,689,0,1,1
B00842,34,M,married,master,self-employed,Karnali,wholesale,99552,606,0,1,1
B00843,22,M,married,master,salaried,Sudurpashchim,wholesale,84095,585,1,3,1
B00844,31,F,married,secondary,salaried,Koshi,services,52491,786,1,2,0
B00845,59,M,married,bachelor,salaried,Gandaki,agriculture,79182,620,0,2,1
B00846,58,F,married,secondary,business_owner,Gandaki,health,59612,682,0,0,0
B00847,54,F,married,primary,salaried,Karnali,retail,56831,622,0,0,0
B00848,58,F,married,master,business_owner,Karnali,health,171554,549,0,1,1
B00849,70,F,married,master,salaried,Madhesh,health,87420,700,1,1,1
B00850,54,M,married,master,self-employed,Karnali,retail,76894,708,0,2,0
B00851,38,M,single,primary,self-employed,Koshi,services,136173,583,0,2,1
B00852,50,M,single,master,salaried,Karnali,construction,43796,736,0,1,1
B00853,35,F,married,secondary,salaried,Lumbini,manufacturing,65898,646,0,2,1
B00854,47,O,married,secondary,salaried,Sudurpashchim,construction,75502,615,0,0,1
B00855,54,M,married,bachelor,business_owner,Koshi,agriculture,15000,612,0,0,1
B00856,58,F,single,primary,business_owner,Madhesh,services,112905,723,0,3,1
B00857,53,M,married,bachelor,salaried,Lumbini,retail,47510,569,0,2,1
B00858,44,F,married,bachelor,self-employed,Lumbini,manufacturing,51947,607,0,2,1
B00859,35,M,married,secondary,salaried,Sudurpashchim,retail,64555,699,0,1,0
B00860,50,F,married,secondary,salaried,Gandaki,manufacturing,33486,691,0,1,1
B00861,62,F,married,secondary,salaried,Koshi,construction,53840,619,0,0,1
B00862,37,M,married,primary,informal,Sudurpashchim,manufacturing,17965,746,1,3,1
B00863,25,M,divorced,bachelor,salaried,Lumbini,health,72475,614,0,2,0
B00864,49,M,single,master,salaried,Madhesh,services,72086,664,0,0,0
B00865,24,M,divorced,primary,salaried,Sudurpashchim,construction,63029,656,0,3,0
B00866,30,M,married,primary,salaried,Gandaki,agriculture,89928,656,0,1,0
B00867,37,F,married,bachelor,business_owner,Lumbini,health,106672,664,0,2,1
B00868,30,F,single,master,salaried,Sudurpashchim,agriculture,69538,663,0,0,0
B00869,37,M,married,secondary,salaried,Koshi,retail,51879,662,0,0,0
B00870,40,M,married,secondary,business_owner,Gandaki,health,16352,665,0,0,1
B00871,44,F,single,bachelor,salaried,Koshi,agriculture,67093,735,0,0,1
B00872,25,F,married,secondary,business_owner,Koshi,retail,107582,662,0,2,0
B00873,54,M,widowed,primary,self-employed,Koshi,agriculture,136297,713,0,2,0
B00874,26,F,married,bachelor,salaried,Sudurpashchim,education,83348,683,0,2,1
B00875,22,M,married,bachelor,business_owner,Gandaki,manufacturing,101409,695,0,3,0
B00876,33,M,single,bachelor,salaried,Sudurpashchim,services,72833,718,0,1,1
B00877,63,M,married,bachelor,self-employed,Sudurpashchim,construction,112210,612,0,3,0
B00878,63,M,single,bachelor,self-employed,Sudurpashchim,construction,100502,710,0,3,1
B00879,68,M,married,secondary,salaried,Lumbini,manufacturing,103378,663,0,1,0
B00880,31,F,divorced,secondary,self-employed,Karnali,retail,61318,622,0,0,1
B00881,67,F,married,secondary,agriculture,Bagmati,wholesale,67550,718,0,2,0
B00882,43,F,single,secondary,informal,Lumbini,construction,38656,652,0,1,0
B00883,36,M,married,bachelor,self-employed,Gandaki,construction,90808,696,0,3,0
B00884,51,M,married,master,self-employed,Bagmati,wholesale,68269,526,0,0,1
B00885,31,F,married,phd,salaried,Bagmati,services,67159,715,0,2,1
B00886,36,M,married,bachelor,salaried,Bagmati,retail,74231,817,1,1,0
B00887,28,M,married,secondary,self-employed,Karnali,agriculture,102797,675,0,0,0
B00888,24,M,married,primary,salaried,Sudurpashchim,retail,71227,661,0,1,1
B00889,60,F,married,master,informal,Madhesh,retail,15000,650,0,0,1
B00890,24,M,single,bachelor,salaried,Gandaki,retail,68461,706,0,1,1
B00891,45,M,single,bachelor,salaried,Karnali,agriculture,99408,658,0,3,1
B00892,23,F,married,master,salaried,Karnali,services,68302,711,0,1,0
B00893,52,M,married,bachelor,agriculture,Madhesh,wholesale,76972,770,1,2,0
B00894,23,M,married,master,business_owner,Bagmati,education,114591,721,0,0,0
B00895,47,M,married,primary,self-employed,Sudurpashchim,retail,37840,665,0,2,1
B00896,49,M,single,bachelor,salaried,Madhesh,services,61340,614,0,3,0
B00897,52,F,married,master,agriculture,Madhesh,health,39948,653,0,1,0
B00898,70,M,single,secondary,salaried,Karnali,services,65409,666,0,3,0
B00899,39,M,single,bachelor,agriculture,Gandaki,manufacturing,28664,602,0,1,1
B00900,41,F,married,secondary,self-employed,Koshi,retail,84735,735,0,1,0
B00901,25,F,single,master,salaried,Sudurpashchim,construction,63434,706,0,3,0
B00902,38,F,married,primary,self-employed,Madhesh,services,123635,617,1,0,1
B00903,48,M,single,bachelor,business_owner,Sudurpashchim,construction,65539,577,1,0,0
B00904,62,M,married,secondary,salaried,Madhesh,wholesale,74913,714,0,2,0
B00905,42,O,married,bachelor,agriculture,Bagmati,services,57398,585,0,3,1
B00906,41,F,single,secondary,self-employed,Sudurpashchim,construction,108249,680,0,2,1
B00907,26,M,married,secondary,salaried,Bagmati,health,62728,652,0,0,1
B00908,21,M,married,bachelor,salaried,Karnali,retail,74416,719,0,4,0
B00909,25,M,divorced,master,self-employed,Bagmati,construction,95598,720,0,2,1
B00910,61,F,single,secondary,self-employed,Sudurpashchim,wholesale,35549,630,0,4,1
B00911,32,M,divorced,secondary,self-employed,Lumbini,manufacturing,75168,724,0,1,0
B00912,46,M,divorced,bachelor,business_owner,Sudurpashchim,wholesale,118530,659,0,2,1
B00913,66,M,divorced,bachelor,self-employed,Madhesh,manufacturing,87537,676,0,3,1
B00914,54,F,married,master,informal,Bagmati,services,46085,677,0,1,1
B00915,69,F,married,secondary,self-employed,Gandaki,services,98125,799,0,4,1
B00916,34,M,married,bachelor,agriculture,Lumbini,retail,84876,668,0,1,1
B00917,46,F,married,secondary,salaried,Karnali,retail,58091,583,0,1,1
B00918,65,F,married,secondary,salaried,Koshi,education,77623,636,0,3,1
B00919,47,M,married,bachelor,salaried,Madhesh,health,96026,716,0,4,0
B00920,29,M,married,bachelor,self-employed,Madhesh,construction,31040,659,0,1,1
B00921,46,M,married,bachelor,agriculture,Gandaki,wholesale,54826,676,0,0,0
B00922,67,F,married,secondary,salaried,Koshi,services,36392,651,0,2,0
B00923,42,F,single,secondary,salaried,Koshi,construction,113711,520,0,3,1
B00924,67,F,married,secondary,agriculture,Karnali,health,59396,632,0,2,1
B00925,50,F,married,phd,salaried,Karnali,services,77741,671,0,2,0
B00926,63,M,married,secondary,business_owner,Lumbini,construction,35698,578,0,2,0
B00927,68,F,married,secondary,self-employed,Madhesh,health,69865,610,0,0,0
B00928,37,M,married,secondary,agriculture,Bagmati,education,41003,656,0,4,1
B00929,46,M,divorced,bachelor,salaried,Karnali,wholesale,105329,657,1,1,0
B00930,56,F,single,secondary,salaried,Gandaki,retail,84584,697,0,2,1
B00931,21,F,married,master,self-employed,Gandaki,services,35412,660,0,1,1
B00932,28,M,married,secondary,informal,Gandaki,manufacturing,52042,695,0,1,1
B00933,69,F,married,master,self-employed,Sudurpashchim,retail,39912,636,0,2,0
B00934,55,F,married,primary,salaried,Karnali,wholesale,37413,687,1,4,0
B00935,35,M,married,bachelor,self-employed,Karnali,construction,98602,756,0,2,1
B00936,67,O,married,master,informal,Gandaki,services,56171,691,0,3,1
B00937,42,M,single,secondary,agriculture,Karnali,wholesale,58257,662,0,0,1
B00938,34,M,single,phd,informal,Sudurpashchim,agriculture,73193,623,0,3,1
B00939,46,M,single,secondary,salaried,Bagmati,agriculture,77375,680,0,1,0
B00940,48,F,widowed,master,salaried,Bagmati,construction,73401,663,0,0,0
B00941,43,F,widowed,bachelor,self-employed,Lumbini,retail,48519,706,0,0,1
B00942,34,M,married,secondary,agriculture,Madhesh,construction,65437,575,0,2,1
B00943,44,M,married,secondary,salaried,Bagmati,manufacturing,36971,665,0,4,1
B00944,22,F,married,secondary,salaried,Lumbini,retail,110407,698,0,2,1
B00945,65,M,married,primary,agriculture,Koshi,construction,65674,682,0,1,0
B00946,46,F,married,secondary,salaried,Madhesh,services,125795,657,0,0,0
B00947,34,F,divorced,primary,salaried,Bagmati,services,77786,656,0,2,1
B00948,27,M,married,secondary,self-employed,Sudurpashchim,services,112604,615,0,0,1
B00949,23,F,married,master,self-employed,Koshi,services,76684,696,0,1,0
B00950,67,M,single,secondary,business_owner,Lumbini,services,118052,698,0,2,0
B00951,43,O,widowed,secondary,salaried,Bagmati,construction,48969,597,0,4,0
B00952,66,F,single,bachelor,self-employed,Bagmati,retail,41568,717,0,1,0
B00953,63,F,married,secondary,self-employed,Karnali,health,90684,639,0,0,1
B00954,67,M,married,primary,self-employed,Koshi,manufacturing,83524,654,0,3,1
B00955,65,F,married,secondary,business_owner,Bagmati,retail,71581,777,0,2,1
B00956,38,M,single,master,salaried,Gandaki,retail,52025,763,0,3,1
B00957,58,M,divorced,master,salaried,Sudurpashchim,manufacturing,70649,595,0,0,1
B00958,55,M,single,secondary,salaried,Karnali,agriculture,48137,605,0,1,1
B00959,35,F,married,bachelor,salaried,Karnali,retail,77132,617,0,4,1
B00960,45,M,single,bachelor,self-employed,Bagmati,wholesale,53137,762,0,0,0
B00961,57,F,married,bachelor,agriculture,Sudurpashchim,construction,54605,642,0,2,1
B00962,48,F,married,bachelor,business_owner,Karnali,retail,68217,594,0,1,1
B00963,30,M,married,bachelor,agriculture,Madhesh,education,29362,743,0,1,0
B00964,59,F,single,secondary,salaried,Koshi,agriculture,22755,708,0,3,1
B00965,37,M,single,primary,self-employed,Madhesh,services,80191,799,0,1,0
B00966,59,F,married,secondary,salaried,Lumbini,services,99081,708,0,3,0
B00967,42,F,married,master,salaried,Madhesh,retail,97946,673,1,1,0
B00968,46,M,divorced,bachelor,salaried,Sudurpashchim,construction,76481,689,0,4,1
B00969,64,F,single,master,self-employed,Gandaki,retail,24969,650,0,1,1
B00970,45,M,married,phd,informal,Karnali,wholesale,57658,747,0,0,0
B00971,37,M,single,secondary,salaried,Sudurpashchim,manufacturing,74513,750,0,1,0
B00972,33,F,single,bachelor,salaried,Karnali,wholesale,61869,588,0,2,1
B00973,40,M,married,bachelor,agriculture,Gandaki,services,71732,727,0,3,0
B00974,45,M,married,phd,salaried,Karnali,construction,82308,616,0,1,1
B00975,24,M,single,phd,agriculture,Madhesh,services,85307,808,0,2,1
B00976,30,F,single,bachelor,business_owner,Lumbini,health,56746,758,1,3,1
B00977,23,M,single,secondary,informal,Bagmati,education,25088,612,0,3,0
B00978,61,M,married,master,self-employed,Gandaki,services,50230,688,0,2,1
B00979,65,F,widowed,primary,business_owner,Madhesh,services,107174,730,0,3,0
B00980,38,F,single,master,self-employed,Sudurpashchim,services,132645,641,0,2,0
B00981,67,M,single,master,business_owner,Madhesh,agriculture,91938,600,0,0,0
B00982,56,M,married,secondary,self-employed,Madhesh,wholesale,66933,681,0,0,0
B00983,67,M,divorced,bachelor,salaried,Bagmati,health,78345,666,0,4,1
B00984,42,M,married,secondary,self-employed,Koshi,manufacturing,110294,625,1,0,1
B00985,54,M,single,secondary,self-employed,Karnali,services,17896,743,0,1,1
B00986,67,F,single,secondary,agriculture,Karnali,agriculture,68714,604,0,3,1
B00987,28,F,married,master,business_owner,Sudurpashchim,services,90515,669,0,0,0
B00988,60,F,married,master,business_owner,Lumbini,construction,115390,685,0,3,0
B00989,69,M,single,master,salaried,Sudurpashchim,manufacturing,98365,692,0,3,1
B00990,64,F,married,secondary,business_owner,Koshi,retail,110260,737,0,4,0
B00991,39,M,single,master,self-employed,Karnali,retail,39043,662,0,1,1
B00992,62,F,married,bachelor,informal,Lumbini,education,22891,532,0,1,0
B00993,61,F,married,secondary,informal,Sudurpashchim,manufacturing,44563,654,1,3,1
B00994,57,M,single,primary,salaried,Lumbini,health,63312,715,0,1,1
B00995,26,F,married,secondary,agriculture,Madhesh,retail,51070,667,0,2,0
B00996,46,M,married,master,salaried,Gandaki,wholesale,61974,667,0,2,1
B00997,54,F,widowed,bachelor,salaried,Madhesh,retail,94828,704,0,1,0
B00998,65,M,married,bachelor,self-employed,Bagmati,manufacturing,85743,711,0,3,1
B00999,26,M,single,secondary,salaried,Karnali,services,34740,577,0,2,0
B01000,57,F,married,bachelor,business_owner,Lumbini,retail,156743,674,0,0,0
B01001,53,M,single,primary,salaried,Sudurpashchim,agriculture,108125,664,0,0,0
B01002,42,F,divorced,secondary,salaried,Gandaki,manufacturing,73098,679,0,0,1
B01003,41,M,married,bachelor,self-employed,Sudurpashchim,wholesale,91976,567,0,1,1
B01004,26,F,married,secondary,business_owner,Karnali,services,84905,748,0,2,0
B01005,26,F,single,master,informal,Lumbini,construction,41363,675,0,0,1
B01006,68,M,married,secondary,business_owner,Lumbini,retail,142629,698,0,1,0
B01007,24,M,married,bachelor,business_owner,Madhesh,wholesale,170930,772,0,3,0
B01008,50,M,married,secondary,salaried,Gandaki,services,78920,699,0,2,1
B01009,31,M,single,bachelor,salaried,Gandaki,construction,106360,590,1,1,0
B01010,50,M,single,primary,salaried,Karnali,education,71969,670,0,4,1
B01011,51,F,married,primary,self-employed,Lumbini,services,51349,712,0,1,0
B01012,44,F,divorced,master,business_owner,Gandaki,wholesale,70812,678,0,3,0
B01013,29,F,single,secondary,self-employed,Gandaki,education,122032,769,0,2,0
B01014,23,F,married,master,business_owner,Sudurpashchim,health,165319,628,0,2,1
B01015,51,F,married,phd,self-employed,Karnali,agriculture,35661,743,0,2,1
B01016,60,F,married,secondary,salaried,Madhesh,health,65809,721,0,1,0
B01017,57,M,single,secondary,salaried,Sudurpashchim,agriculture,66536,680,0,3,1
B01018,56,F,single,bachelor,agriculture,Sudurpashchim,construction,36472,693,0,3,1
B01019,44,F,married,phd,business_owner,Koshi,services,56533,621,0,1,0
B01020,51,F,single,master,informal,Bagmati,services,33395,658,0,1,0
B01021,26,M,married,bachelor,salaried,Koshi,retail,50933,707,0,3,0
B01022,22,M,married,master,informal,Gandaki,construction,24202,667,0,2,0
B01023,40,M,married,secondary,salaried,Lumbini,health,86581,678,0,3,1
B01024,48,F,married,phd,salaried,Bagmati,agriculture,75658,730,0,2,0
B01025,31,M,married,phd,informal,Bagmati,services,38038,570,0,2,0
B01026,24,M,single,secondary,salaried,Lumbini,retail,28588,695,1,0,0
B01027,35,F,married,secondary,business_owner,Bagmati,wholesale,106541,773,1,1,0
B01028,26,M,married,primary,salaried,Lumbini,wholesale,80421,654,0,1,1
B01029,69,M,married,secondary,self-employed,Bagmati,manufacturing,62918,607,0,2,1
B01030,50,M,single,master,informal,Sudurpashchim,health,27750,654,0,2,0
B01031,58,F,single,secondary,salaried,Karnali,retail,67539,592,1,2,1
B01032,22,F,single,primary,business_owner,Karnali,retail,135078,687,0,2,0
B01033,35,M,married,secondary,salaried,Koshi,manufacturing,30001,671,0,3,1
B01034,31,F,married,phd,business_owner,Sudurpashchim,wholesale,180930,693,0,1,0
B01035,28,M,married,bachelor,salaried,Bagmati,education,45017,668,0,2,0
B01036,46,F,single,secondary,salaried,Madhesh,services,61544,686,0,0,0
B01037,65,F,single,secondary,salaried,Lumbini,wholesale,93625,700,0,1,0
B01038,64,F,married,phd,salaried,Sudurpashchim,wholesale,72507,609,0,1,0
B01039,25,M,married,master,informal,Bagmati,retail,61441,694,0,1,1
B01040,26,F,single,secondary,salaried,Karnali,manufacturing,101073,755,0,1,1
B01041,46,F,married,primary,salaried,Karnali,retail,40806,622,0,0,0
B01042,24,M,single,primary,self-employed,Lumbini,services,112061,692,0,1,1
B01043,39,F,divorced,secondary,salaried,Madhesh,services,96509,746,0,4,1
B01044,40,M,divorced,bachelor,business_owner,Bagmati,retail,103088,611,0,1,0
B01045,53,F,married,master,informal,Bagmati,retail,40556,719,0,2,0
B01046,40,M,single,bachelor,self-employed,Madhesh,manufacturing,27608,663,0,2,0
B01047,69,F,married,master,agriculture,Madhesh,agriculture,64059,731,0,1,1
B01048,32,M,single,secondary,self-employed,Madhesh,health,15000,630,0,0,1
B01049,67,M,married,bachelor,salaried,Karnali,retail,89376,675,0,0,0
B01050,21,M,married,bachelor,business_owner,Lumbini,retail,56204,591,0,2,0
B01051,46,M,married,secondary,self-employed,Sudurpashchim,retail,126720,699,0,1,1
B01052,34,M,married,secondary,business_owner,Madhesh,services,137832,700,0,0,1
B01053,58,M,married,bachelor,informal,Lumbini,agriculture,60134,705,0,1,1
B01054,57,F,single,primary,self-employed,Koshi,education,60616,702,0,2,0
B01055,31,M,married,secondary,informal,Bagmati,agriculture,24998,670,0,2,1
B01056,56,M,married,bachelor,business_owner,Bagmati,retail,40637,594,0,1,1
B01057,33,F,married,phd,self-employed,Gandaki,services,117736,730,0,1,0
B01058,63,M,single,bachelor,self-employed,Koshi,education,104888,673,0,1,1
B01059,23,F,single,master,salaried,Sudurpashchim,services,83968,697,0,0,0
B01060,53,F,widowed,secondary,informal,Madhesh,services,49371,665,0,1,0
B01061,26,F,single,master,business_owner,Madhesh,health,144474,783,0,2,1
B01062,70,F,widowed,bachelor,salaried,Sudurpashchim,construction,64166,644,1,2,0
B01063,30,F,widowed,master,salaried,Karnali,construction,77406,642,0,2,1
B01064,25,M,married,secondary,business_owner,Koshi,wholesale,81442,589,0,2,0
B01065,43,M,married,bachelor,salaried,Madhesh,services,63145,681,0,1,1
B01066,30,M,married,bachelor,salaried,Gandaki,retail,130866,777,0,1,0
B01067,64,F,married,secondary,self-employed,Lumbini,manufacturing,86167,682,0,1,1
B01068,22,M,married,secondary,salaried,Bagmati,retail,30567,687,0,2,0
B01069,33,F,married,primary,self-employed,Koshi,construction,72742,729,0,0,0
B01070,60,O,married,primary,salaried,Bagmati,construction,48849,684,0,4,1
B01071,22,F,married,master,salaried,Lumbini,manufacturing,73184,741,0,2,0
B01072,40,M,married,secondary,business_owner,Koshi,retail,79978,749,0,1,0
B01073,21,M,married,secondary,self-employed,Lumbini,retail,78645,642,0,2,0
B01074,57,F,married,bachelor,salaried,Madhesh,construction,55203,596,0,0,1
B01075,29,F,married,secondary,salaried,Sudurpashchim,manufacturing,73943,713,0,1,0
B01076,37,M,single,bachelor,self-employed,Madhesh,agriculture,66178,693,1,1,1
B01077,29,M,divorced,secondary,salaried,Sudurpashchim,wholesale,77137,617,0,0,1
B01078,31,F,married,master,salaried,Madhesh,services,108971,638,0,3,0
B01079,35,F,married,master,salaried,Lumbini,construction,46911,638,0,3,1
B01080,44,F,married,master,agriculture,Lumbini,services,63029,683,0,0,1
B01081,58,F,married,secondary,business_owner,Lumbini,manufacturing,15000,730,0,1,1
B01082,55,F,single,master,business_owner,Bagmati,construction,109525,733,1,0,1
B01083,50,M,married,secondary,business_owner,Lumbini,retail,130300,718,0,3,0
B01084,51,M,single,primary,business_owner,Madhesh,retail,86339,659,1,1,1
B01085,69,M,divorced,primary,self-employed,Gandaki,manufacturing,31378,797,0,1,0
B01086,25,M,widowed,bachelor,business_owner,Lumbini,retail,118288,677,0,1,0
B01087,64,F,married,secondary,salaried,Gandaki,construction,100642,654,0,1,1
B01088,70,F,single,bachelor,business_owner,Sudurpashchim,agriculture,113409,600,0,2,1
B01089,34,F,married,primary,agriculture,Madhesh,education,60054,656,0,2,0
B01090,31,M,single,secondary,self-employed,Lumbini,agriculture,118806,699,0,1,0
B01091,29,F,married,bachelor,salaried,Bagmati,retail,119429,588,0,2,1
B01092,54,F,single,secondary,salaried,Bagmati,wholesale,48954,623,0,1,1
B01093,32,F,single,bachelor,business_owner,Sudurpashchim,construction,77290,649,0,0,0
B01094,55,F,widowed,secondary,business_owner,Gandaki,retail,106849,632,1,0,0
B01095,55,M,married,master,agriculture,Karnali,agriculture,61077,628,0,1,1
B01096,21,M,married,bachelor,salaried,Bagmati,construction,23585,737,0,2,1
B01097,60,M,married,secondary,agriculture,Bagmati,services,61767,584,0,3,0
B01098,42,M,married,secondary,self-employed,Bagmati,services,89447,685,0,0,0
B01099,49,M,married,bachelor,informal,Madhesh,manufacturing,36990,704,0,1,0
B01100,28,F,married,master,self-employed,Bagmati,education,97765,648,1,1,1
B01101,31,F,married,secondary,self-employed,Koshi,wholesale,111689,663,0,3,1
B01102,61,F,married,secondary,self-employed,Lumbini,health,115840,673,1,3,0
B01103,57,F,married,master,business_owner,Sudurpashchim,manufacturing,120664,710,0,0,1
B01104,34,M,single,bachelor,informal,Bagmati,health,49890,759,0,2,0
B01105,50,F,married,secondary,salaried,Karnali,retail,75766,604,0,2,0
B01106,55,M,single,bachelor,salaried,Karnali,retail,94623,625,0,0,1
B01107,41,M,married,secondary,informal,Bagmati,construction,50718,627,0,1,1
B01108,57,M,single,bachelor,self-employed,Bagmati,education,104356,674,1,2,1
B01109,25,M,married,secondary,self-employed,Koshi,services,111779,653,0,0,0
B01110,39,M,married,phd,self-employed,Bagmati,agriculture,143756,712,0,1,0
B01111,34,M,single,bachelor,salaried,Bagmati,education,58283,639,0,0,1
B01112,46,M,single,bachelor,agriculture,Lumbini,retail,79262,626,0,2,1
B01113,24,F,single,bachelor,business_owner,Karnali,manufacturing,231199,633,0,3,0
B01114,45,M,married,master,salaried,Koshi,education,59559,681,1,2,1
B01115,65,M,married,master,salaried,Karnali,services,65664,728,1,0,1
B01116,62,M,single,secondary,agriculture,Koshi,wholesale,42287,673,0,0,1
B01117,45,F,married,bachelor,salaried,Karnali,construction,83137,644,1,2,1
B01118,38,M,married,bachelor,informal,Bagmati,services,17074,618,0,1,1
B01119,60,M,married,bachelor,salaried,Karnali,retail,60010,755,0,2,0
B01120,28,M,divorced,secondary,self-employed,Karnali,health,76790,578,0,0,1
B01121,59,M,married,bachelor,informal,Koshi,manufacturing,39583,665,0,2,1
B01122,60,M,married,secondary,business_owner,Sudurpashchim,construction,103297,716,0,3,0
B01123,34,M,single,master,self-employed,Gandaki,construction,70322,664,0,3,1
B01124,52,M,single,secondary,business_owner,Koshi,retail,154982,644,0,1,1
B01125,58,M,single,master,salaried,Koshi,retail,80764,704,0,2,0
B01126,53,M,single,bachelor,salaried,Koshi,wholesale,104068,615,0,1,1
B01127,43,F,married,bachelor,informal,Madhesh,services,56699,579,1,2,1
B01128,35,F,married,bachelor,business_owner,Sudurpashchim,agriculture,70608,694,0,0,1
B01129,53,M,married,secondary,business_owner,Madhesh,agriculture,112348,620,0,2,1
B01130,45,M,single,secondary,salaried,Madhesh,services,64475,682,0,1,0
B01131,37,F,married,primary,salaried,Koshi,retail,75104,668,0,3,1
B01132,53,M,married,bachelor,salaried,Gandaki,services,91864,689,1,2,0
B01133,67,M,widowed,secondary,self-employed,Koshi,manufacturing,90575,663,1,1,1
B01134,22,F,single,master,agriculture,Bagmati,services,53392,705,0,3,0
B01135,34,M,divorced,secondary,self-employed,Gandaki,retail,85301,636,0,1,0
B01136,60,M,married,secondary,agriculture,Madhesh,agriculture,64590,718,0,4,0
B01137,60,M,married,secondary,salaried,Karnali,retail,58621,608,0,2,0
B01138,59,F,married,master,salaried,Karnali,services,40859,739,0,4,0
B01139,26,M,single,bachelor,salaried,Sudurpashchim,agriculture,82891,788,0,0,0
B01140,26,F,single,secondary,self-employed,Lumbini,retail,96255,681,0,1,1
B01141,23,O,married,bachelor,salaried,Sudurpashchim,manufacturing,96468,761,1,2,1
B01142,27,M,married,primary,informal,Gandaki,services,15000,776,0,3,1
B01143,28,M,divorced,phd,salaried,Madhesh,retail,67993,657,0,0,1
B01144,62,M,married,bachelor,informal,Gandaki,retail,46600,678,0,0,1
B01145,35,M,single,secondary,self-employed,Gandaki,health,39673,630,0,1,0
B01146,67,M,married,bachelor,informal,Karnali,manufacturing,43701,634,0,3,1
B01147,49,F,married,primary,self-employed,Koshi,health,120607,688,0,2,1
B01148,53,F,married,phd,informal,Bagmati,manufacturing,76291,585,0,1,0
B01149,50,F,married,secondary,salaried,Lumbini,manufacturing,89648,721,0,0,1
B01150,59,M,divorced,bachelor,business_owner,Madhesh,services,105398,684,0,2,0
B01151,47,F,married,secondary,informal,Gandaki,wholesale,63922,712,0,1,1
B01152,56,F,married,bachelor,salaried,Lumbini,wholesale,88228,665,0,2,1
B01153,49,F,married,master,salaried,Gandaki,services,60312,712,0,1,1
B01154,58,M,divorced,bachelor,self-employed,Karnali,services,67546,689,0,2,0
B01155,53,F,married,bachelor,informal,Bagmati,retail,42472,703,0,3,0
B01156,57,M,single,master,self-employed,Karnali,wholesale,53474,725,1,2,1
B01157,47,M,single,primary,self-employed,Lumbini,wholesale,75676,605,0,1,0
B01158,53,M,single,secondary,salaried,Madhesh,services,79735,636,0,2,0
B01159,24,F,married,secondary,salaried,Gandaki,agriculture,90770,802,0,1,1
B01160,42,F,married,phd,agriculture,Bagmati,education,43180,686,0,3,1
B01161,22,M,married,secondary,salaried,Karnali,wholesale,97768,581,0,0,0
B01162,30,M,single,bachelor,business_owner,Lumbini,retail,149254,581,0,3,0
B01163,25,M,married,bachelor,informal,Karnali,services,55434,671,0,0,1
B01164,30,M,married,secondary,salaried,Gandaki,education,51619,646,1,0,1
B01165,53,M,married,secondary,business_owner,Gandaki,retail,201349,631,0,1,0
B01166,58,M,married,secondary,salaried,Madhesh,agriculture,81067,774,0,4,1
B01167,33,F,married,secondary,self-employed,Bagmati,services,75019,655,0,4,1
B01168,51,M,single,secondary,salaried,Koshi,retail,59817,720,0,0,1
B01169,67,M,single,primary,business_owner,Karnali,services,106029,689,1,0,0
B01170,56,M,married,master,salaried,Gandaki,wholesale,49633,659,0,1,1
B01171,65,F,divorced,phd,self-employed,Lumbini,education,114649,612,0,1,1
B01172,44,F,married,secondary,self-employed,Karnali,services,57522,717,0,2,1
B01173,35,F,single,secondary,salaried,Madhesh,manufacturing,75796,546,0,1,0
B01174,49,M,married,primary,business_owner,Madhesh,manufacturing,99753,723,1,2,1
B01175,28,F,married,bachelor,salaried,Gandaki,agriculture,83415,683,0,2,1
B01176,25,M,married,master,business_owner,Gandaki,services,156301,709,1,2,1
B01177,49,F,single,secondary,salaried,Gandaki,retail,57121,675,0,3,0
B01178,67,F,single,secondary,business_owner,Sudurpashchim,services,118475,607,0,0,1
B01179,24,F,married,master,salaried,Koshi,retail,41132,697,1,0,1
B01180,32,F,married,bachelor,self-employed,Gandaki,agriculture,136016,722,0,2,1
B01181,65,F,single,primary,salaried,Karnali,retail,91360,649,0,1,0
B01182,22,M,single,bachelor,business_owner,Karnali,manufacturing,57200,711,0,0,0
B01183,47,F,married,secondary,salaried,Sudurpashchim,retail,52661,691,0,3,0
B01184,51,M,married,secondary,informal,Sudurpashchim,health,42977,700,0,2,0
B01185,56,M,divorced,master,informal,Bagmati,services,45581,628,0,1,1
B01186,56,M,married,master,salaried,Lumbini,services,56278,746,0,2,0
B01187,46,M,married,secondary,self-employed,Gandaki,health,50652,691,0,1,0
B01188,63,M,single,master,salaried,Karnali,services,77900,721,0,4,0
B01189,47,M,married,secondary,salaried,Sudurpashchim,health,104789,654,0,0,0
B01190,25,M,married,master,business_owner,Karnali,retail,122459,729,0,2,1
B01191,40,F,married,bachelor,business_owner,Karnali,wholesale,106872,652,0,2,1
B01192,31,M,married,master,business_owner,Sudurpashchim,agriculture,102142,626,0,1,1
B01193,30,M,single,master,salaried,Koshi,education,48065,772,1,2,0
B01194,60,F,single,primary,salaried,Sudurpashchim,wholesale,56560,545,0,3,1
B01195,58,M,married,master,salaried,Sudurpashchim,health,92722,839,1,2,0
B01196,26,F,single,master,business_owner,Lumbini,manufacturing,26811,714,0,1,0
B01197,28,F,single,master,self-employed,Sudurpashchim,construction,87103,658,0,2,1
B01198,43,F,widowed,secondary,business_owner,Madhesh,services,121257,693,0,3,1
B01199,67,F,married,master,salaried,Sudurpashchim,retail,72367,714,0,1,0
B01200,46,M,married,master,salaried,Karnali,education,84548,657,0,2,0
B01201,66,F,married,secondary,salaried,Gandaki,health,71223,787,1,1,1
B01202,63,M,widowed,master,salaried,Karnali,services,60920,756,0,0,1
B01203,32,M,married,primary,salaried,Lumbini,retail,56867,825,0,0,0
B01204,46,F,married,secondary,agriculture,Madhesh,retail,73370,608,0,4,1
B01205,33,M,married,bachelor,informal,Sudurpashchim,manufacturing,60615,687,0,2,1
B01206,60,F,married,bachelor,self-employed,Koshi,retail,171329,599,0,0,0
B01207,38,F,married,bachelor,self-employed,Bagmati,services,76570,615,0,3,0
B01208,45,F,married,primary,salaried,Sudurpashchim,wholesale,57235,657,0,2,0
B01209,53,F,married,phd,agriculture,Gandaki,agriculture,58157,658,0,2,1
B01210,67,M,married,primary,salaried,Bagmati,retail,78580,695,0,0,0
B01211,60,M,single,secondary,informal,Koshi,services,54545,669,0,3,1
B01212,63,F,married,primary,self-employed,Lumbini,manufacturing,110413,719,0,2,1
B01213,32,M,single,bachelor,salaried,Lumbini,manufacturing,82533,693,0,2,0
B01214,64,F,married,master,informal,Koshi,services,61125,766,0,0,0
B01215,56,F,married,bachelor,salaried,Karnali,wholesale,94160,721,0,1,1
B01216,68,F,married,master,self-employed,Koshi,agriculture,121775,610,0,1,0
B01217,24,M,married,primary,self-employed,Sudurpashchim,education,17159,667,0,4,1
B01218,25,M,married,bachelor,salaried,Gandaki,agriculture,74647,671,0,0,0
B01219,57,M,married,secondary,self-employed,Madhesh,health,57303,699,0,2,0
B01220,28,M,married,bachelor,business_owner,Sudurpashchim,agriculture,167495,734,0,0,1
B01221,62,F,married,primary,business_owner,Sudurpashchim,construction,17296,691,0,0,0
B01222,69,M,single,bachelor,salaried,Sudurpashchim,retail,99384,707,1,1,1
B01223,48,M,single,bachelor,informal,Bagmati,services,32029,613,0,3,0
B01224,51,M,married,master,salaried,Bagmati,services,48122,650,0,2,1
B01225,29,F,married,bachelor,salaried,Lumbini,wholesale,77124,570,0,4,1
B01226,49,F,married,secondary,salaried,Sudurpashchim,manufacturing,62534,699,0,3,1
B01227,34,M,married,bachelor,salaried,Karnali,wholesale,105587,721,0,0,1
B01228,60,M,single,secondary,salaried,Lumbini,agriculture,97260,602,0,3,0
B01229,61,M,single,master,informal,Gandaki,services,37337,684,0,1,0
B01230,42,M,widowed,bachelor,salaried,Koshi,services,90849,669,0,3,0
B01231,31,F,single,secondary,salaried,Bagmati,health,59094,768,0,0,0
B01232,43,F,married,phd,salaried,Sudurpashchim,services,58921,626,0,3,1
B01233,21,M,married,bachelor,business_owner,Gandaki,services,152138,725,0,0,0
B01234,66,M,married,primary,agriculture,Lumbini,wholesale,76205,738,0,1,1
B01235,57,O,single,bachelor,salaried,Lumbini,education,61178,664,0,0,0
B01236,41,M,single,secondary,salaried,Bagmati,services,62701,691,0,0,1
B01237,46,F,single,master,salaried,Lumbini,manufacturing,76024,734,0,1,1
B01238,66,M,married,master,salaried,Karnali,retail,52120,615,0,3,0
B01239,56,M,married,phd,salaried,Lumbini,manufacturing,101308,652,0,2,1
B01240,43,M,single,bachelor,self-employed,Madhesh,wholesale,57893,685,0,1,0
B01241,21,M,married,secondary,salaried,Koshi,construction,57336,789,0,0,1
B01242,60,F,married,bachelor,self-employed,Lumbini,construction,138017,653,0,1,1
B01243,35,M,single,secondary,salaried,Madhesh,agriculture,74291,660,0,3,0
B01244,41,M,married,bachelor,informal,Gandaki,construction,74153,760,0,0,1
B01245,67,M,married,bachelor,informal,Lumbini,services,41710,711,0,2,0
B01246,29,M,single,primary,self-employed,Karnali,agriculture,160585,795,0,0,1
B01247,29,M,married,secondary,salaried,Gandaki,services,82312,735,0,1,1
B01248,30,M,married,master,salaried,Sudurpashchim,agriculture,54951,667,0,0,1
B01249,46,F,divorced,master,self-employed,Lumbini,wholesale,61964,659,1,0,1
B01250,61,M,married,primary,business_owner,Bagmati,retail,54425,630,0,0,0
B01251,55,M,married,primary,self-employed,Madhesh,services,44565,603,0,1,0
B01252,45,F,married,secondary,agriculture,Madhesh,services,38128,694,0,1,1
B01253,46,M,married,master,informal,Bagmati,wholesale,30126,709,0,2,0
B01254,31,F,married,secondary,salaried,Koshi,construction,18441,716,0,0,1
B01255,58,M,married,bachelor,self-employed,Sudurpashchim,retail,110245,668,0,0,1
B01256,22,F,single,primary,salaried,Karnali,wholesale,85506,781,0,0,1
B01257,27,F,married,bachelor,salaried,Madhesh,construction,76167,600,0,3,0
B01258,38,F,married,secondary,self-employed,Gandaki,services,50951,594,0,2,0
B01259,47,O,married,master,salaried,Karnali,agriculture,102935,630,0,2,0
B01260,54,M,divorced,secondary,agriculture,Madhesh,manufacturing,46792,675,0,1,0
B01261,47,F,single,bachelor,salaried,Sudurpashchim,health,53335,615,0,0,0
B01262,37,M,married,secondary,self-employed,Koshi,manufacturing,91977,749,0,0,1
B01263,63,M,single,bachelor,self-employed,Sudurpashchim,retail,90257,634,0,1,0
B01264,64,M,married,master,business_owner,Gandaki,services,15000,625,0,2,1
B01265,44,M,married,secondary,salaried,Sudurpashchim,retail,69381,733,1,3,1
B01266,45,M,married,master,agriculture,Karnali,health,52169,686,0,3,1
B01267,27,F,married,bachelor,self-employed,Gandaki,retail,73637,718,0,1,0
B01268,26,M,married,secondary,self-employed,Bagmati,services,45356,672,0,1,1
B01269,44,F,married,secondary,salaried,Lumbini,wholesale,44160,690,0,0,0
B01270,53,F,married,secondary,self-employed,Bagmati,education,100421,596,0,1,0
B01271,69,M,married,bachelor,agriculture,Karnali,wholesale,63708,667,0,3,1
B01272,49,M,divorced,bachelor,self-employed,Lumbini,health,71559,617,0,0,1
B01273,63,M,single,primary,agriculture,Bagmati,retail,56881,782,0,4,0
B01274,42,M,single,bachelor,self-employed,Lumbini,retail,71262,746,0,1,0
B01275,46,M,married,master,salaried,Madhesh,wholesale,52935,639,0,1,0
B01276,48,M,widowed,master,salaried,Sudurpashchim,construction,74289,664,0,0,1
B01277,70,M,married,bachelor,salaried,Gandaki,education,47018,666,0,2,1
B01278,41,F,single,master,business_owner,Lumbini,retail,205220,793,0,1,0
B01279,69,F,married,bachelor,agriculture,Madhesh,retail,24124,697,0,1,0
B01280,27,M,married,secondary,salaried,Sudurpashchim,construction,75676,651,0,1,1
B01281,37,F,single,master,self-employed,Sudurpashchim,retail,89507,683,0,0,0
B01282,40,M,married,bachelor,self-employed,Koshi,retail,86844,590,0,1,1
B01283,61,M,widowed,bachelor,self-employed,Bagmati,retail,129501,671,0,1,0
B01284,69,F,married,bachelor,salaried,Koshi,retail,16275,616,0,2,0
B01285,40,M,married,master,salaried,Karnali,wholesale,78234,573,0,2,1
B01286,42,M,married,master,salaried,Madhesh,retail,64532,784,0,1,1
B01287,48,O,single,secondary,salaried,Koshi,services,81679,674,0,2,0
B01288,60,F,divorced,secondary,salaried,Koshi,construction,71093,633,0,1,0
B01289,69,F,married,bachelor,salaried,Sudurpashchim,services,68499,582,0,2,0
B01290,27,F,married,bachelor,business_owner,Madhesh,construction,65670,663,0,0,1
B01291,21,F,married,secondary,salaried,Sudurpashchim,retail,56537,667,1,0,1
B01292,52,M,married,master,informal,Gandaki,agriculture,91972,717,0,1,1
B01293,33,M,married,bachelor,salaried,Lumbini,wholesale,81862,623,0,2,0
B01294,50,M,single,secondary,salaried,Karnali,construction,91051,646,0,0,1
B01295,43,M,married,primary,salaried,Karnali,retail,62962,624,0,0,0
B01296,39,M,divorced,secondary,salaried,Bagmati,education,52887,663,0,1,0
B01297,52,M,married,master,agriculture,Sudurpashchim,wholesale,63975,565,0,0,1
B01298,50,F,divorced,secondary,salaried,Lumbini,services,31925,631,0,2,0
B01299,49,F,single,secondary,informal,Bagmati,health,35238,710,0,2,0
B01300,69,F,married,bachelor,informal,Karnali,manufacturing,39681,608,0,3,0
B01301,65,M,married,secondary,self-employed,Lumbini,services,113349,730,0,0,1
B01302,49,F,married,primary,self-employed,Koshi,health,97411,723,0,1,1
B01303,50,M,married,secondary,business_owner,Gandaki,services,98719,728,0,2,0
B01304,36,F,married,bachelor,salaried,Koshi,retail,77379,675,1,2,1
B01305,60,M,single,bachelor,business_owner,Gandaki,health,106358,670,0,1,1
B01306,39,F,married,secondary,salaried,Sudurpashchim,wholesale,91400,693,0,2,1
B01307,38,M,single,secondary,salaried,Madhesh,education,74723,748,0,3,0
B01308,21,F,married,phd,self-employed,Bagmati,retail,137093,743,0,0,0
B01309,34,F,single,secondary,self-employed,Bagmati,construction,76666,584,0,2,0
B01310,67,M,single,secondary,informal,Madhesh,manufacturing,63380,627,1,1,1
B01311,70,M,married,secondary,salaried,Lumbini,health,71808,617,0,4,1
B01312,22,O,married,secondary,agriculture,Madhesh,manufacturing,37449,715,0,2,1
B01313,48,M,married,bachelor,salaried,Sudurpashchim,retail,122031,638,0,0,0
B01314,69,F,married,secondary,salaried,Karnali,manufacturing,96194,664,0,1,0
B01315,70,F,married,bachelor,salaried,Madhesh,retail,74686,769,0,4,0
B01316,50,M,married,primary,self-employed,Gandaki,construction,107979,737,1,2,0
B01317,58,M,married,secondary,salaried,Karnali,education,48359,751,0,1,1
B01318,24,M,single,master,self-employed,Madhesh,services,53595,636,0,2,1
B01319,21,F,married,secondary,agriculture,Bagmati,construction,70053,523,1,2,1
B01320,28,M,divorced,bachelor,self-employed,Koshi,retail,85143,653,0,0,1
B01321,49,M,married,secondary,self-employed,Gandaki,services,80325,596,0,0,1
B01322,59,M,married,bachelor,agriculture,Sudurpashchim,services,44817,568,0,2,0
B01323,23,F,single,primary,business_owner,Gandaki,manufacturing,126843,737,0,1,1
B01324,52,F,single,master,self-employed,Lumbini,retail,77372,626,0,0,1
B01325,30,O,married,secondary,salaried,Koshi,construction,29357,631,0,2,0
B01326,30,M,married,master,informal,Gandaki,retail,66238,655,0,1,1
B01327,39,F,single,secondary,self-employed,Madhesh,agriculture,81683,766,0,1,1
B01328,66,F,divorced,bachelor,salaried,Gandaki,retail,106630,666,0,0,0
B01329,54,F,married,secondary,salaried,Gandaki,construction,34756,727,0,2,0
B01330,53,F,married,master,agriculture,Gandaki,retail,18209,658,0,2,0
B01331,43,M,married,secondary,salaried,Lumbini,services,64491,588,0,2,0
B01332,48,M,single,secondary,informal,Gandaki,wholesale,59662,610,0,1,0
B01333,52,F,married,bachelor,salaried,Gandaki,construction,45606,675,0,2,1
B01334,70,M,married,primary,agriculture,Lumbini,services,27347,681,1,3,1
B01335,27,F,married,secondary,salaried,Karnali,construction,77439,705,0,1,1
B01336,49,F,married,master,self-employed,Koshi,wholesale,75613,705,0,0,1
B01337,28,M,single,phd,informal,Sudurpashchim,construction,53161,725,0,2,1
B01338,21,F,divorced,secondary,self-employed,Karnali,retail,76151,633,0,0,1
B01339,23,M,single,master,self-employed,Bagmati,wholesale,96554,775,0,1,1
B01340,44,M,married,bachelor,salaried,Lumbini,services,97322,781,0,0,1
B01341,43,F,widowed,secondary,salaried,Lumbini,retail,45649,646,0,1,0
B01342,28,F,single,bachelor,salaried,Gandaki,retail,93695,631,0,1,0
B01343,67,M,married,bachelor,business_owner,Gandaki,health,43313,577,1,0,1
B01344,57,M,single,phd,salaried,Sudurpashchim,health,82186,684,0,3,1
B01345,23,F,married,secondary,salaried,Bagmati,construction,98385,700,0,1,1
B01346,53,F,married,bachelor,self-employed,Gandaki,wholesale,69277,643,0,2,1
B01347,48,F,married,primary,business_owner,Madhesh,wholesale,149004,691,0,1,1
B01348,67,M,divorced,primary,business_owner,Gandaki,agriculture,98080,599,0,2,0
B01349,28,M,married,primary,salaried,Gandaki,retail,81707,728,0,1,1
B01350,54,M,married,phd,salaried,Madhesh,health,24830,646,0,2,1
B01351,55,F,married,master,informal,Bagmati,wholesale,47432,691,0,3,0
B01352,52,M,divorced,master,salaried,Madhesh,health,77907,687,0,2,0
B01353,44,M,single,bachelor,agriculture,Lumbini,services,74204,567,0,1,0
B01354,34,F,widowed,secondary,agriculture,Madhesh,construction,66654,721,0,2,1
B01355,52,M,single,secondary,agriculture,Koshi,retail,47097,632,0,1,0
B01356,66,O,married,secondary,salaried,Lumbini,education,75361,686,0,0,1
B01357,63,F,married,secondary,agriculture,Gandaki,wholesale,23969,597,0,0,0
B01358,36,F,single,bachelor,agriculture,Sudurpashchim,agriculture,79593,649,0,4,0
B01359,24,M,married,bachelor,self-employed,Lumbini,construction,105734,695,0,0,1
B01360,57,M,married,primary,salaried,Bagmati,retail,32781,616,0,3,0
B01361,41,F,married,primary,salaried,Bagmati,services,74919,619,0,1,0
B01362,34,F,single,primary,salaried,Madhesh,services,76446,682,0,1,0
B01363,51,F,married,secondary,self-employed,Lumbini,wholesale,61781,666,0,2,1
B01364,68,M,divorced,master,self-employed,Gandaki,services,87905,694,0,0,0
B01365,38,F,married,bachelor,salaried,Bagmati,wholesale,52510,655,0,2,1
B01366,27,F,single,master,self-employed,Karnali,services,42862,710,0,2,1
B01367,30,F,married,bachelor,salaried,Gandaki,agriculture,57733,644,0,2,0
B01368,27,F,single,secondary,business_owner,Karnali,agriculture,127721,708,0,2,0
B01369,53,F,married,primary,informal,Koshi,wholesale,58924,625,0,0,1
B01370,43,F,married,master,salaried,Karnali,education,71396,641,0,1,1
B01371,41,M,married,master,salaried,Bagmati,education,88761,715,0,0,0
B01372,39,M,married,secondary,salaried,Madhesh,services,82974,647,0,1,1
B01373,68,M,married,bachelor,business_owner,Koshi,services,73407,611,0,3,1
B01374,39,M,married,bachelor,business_owner,Lumbini,services,148849,770,0,2,0
B01375,56,M,married,bachelor,informal,Gandaki,agriculture,55031,673,1,2,1
B01376,49,M,married,master,salaried,Bagmati,agriculture,104836,701,0,2,0
B01377,38,M,married,bachelor,informal,Koshi,retail,51159,551,0,0,1
B01378,22,M,married,bachelor,salaried,Koshi,agriculture,45306,748,0,2,0
B01379,21,F,married,primary,self-employed,Bagmati,wholesale,68377,821,0,2,1
B01380,67,F,divorced,primary,salaried,Lumbini,retail,32948,743,0,0,1
B01381,25,M,married,secondary,informal,Lumbini,agriculture,52657,751,0,3,0
B01382,40,F,married,primary,self-employed,Madhesh,agriculture,134619,653,0,2,1
B01383,31,M,single,bachelor,business_owner,Sudurpashchim,services,15000,689,0,0,1
B01384,62,M,married,bachelor,agriculture,Karnali,manufacturing,80532,702,0,1,0
B01385,22,M,married,secondary,salaried,Lumbini,health,79944,637,0,1,1
B01386,23,M,single,master,salaried,Madhesh,manufacturing,48468,668,0,1,0
B01387,43,F,single,secondary,agriculture,Karnali,agriculture,54620,620,1,2,1
B01388,32,F,married,secondary,salaried,Koshi,retail,49113,653,0,3,0
B01389,40,M,married,secondary,salaried,Bagmati,retail,78808,721,0,2,1
B01390,25,M,married,secondary,self-employed,Lumbini,wholesale,86900,578,0,3,0
B01391,57,M,single,secondary,self-employed,Madhesh,manufacturing,94880,727,0,3,0
B01392,58,M,married,bachelor,salaried,Koshi,construction,51621,588,0,3,0
B01393,50,M,single,secondary,salaried,Lumbini,services,54533,678,1,0,1
B01394,29,M,married,phd,salaried,Gandaki,services,80036,683,0,1,1
B01395,54,F,single,primary,self-employed,Sudurpashchim,wholesale,69918,707,0,0,1
B01396,64,F,single,secondary,informal,Koshi,wholesale,47235,665,1,1,1
B01397,55,M,single,primary,informal,Lumbini,health,51794,618,0,3,1
B01398,42,F,married,bachelor,business_owner,Koshi,agriculture,109993,685,0,0,1
B01399,64,M,single,primary,salaried,Bagmati,retail,93102,794,0,2,1
B01400,44,M,married,master,informal,Bagmati,construction,42216,674,0,2,0
B01401,37,M,married,bachelor,self-employed,Sudurpashchim,construction,78532,627,0,0,1
B01402,30,F,married,bachelor,salaried,Bagmati,agriculture,57365,649,1,1,1
B01403,50,F,married,bachelor,informal,Karnali,retail,60599,683,0,1,0
B01404,66,F,married,secondary,business_owner,Gandaki,services,88175,660,0,0,1
B01405,43,M,single,secondary,business_owner,Bagmati,retail,176452,653,0,2,1
B01406,52,F,married,secondary,business_owner,Gandaki,construction,127340,748,0,1,0
B01407,37,M,single,bachelor,salaried,Bagmati,agriculture,123641,703,0,1,0
B01408,70,F,single,secondary,salaried,Karnali,services,56790,668,0,0,0
B01409,37,M,married,primary,business_owner,Koshi,services,177383,669,0,1,0
B01410,34,M,married,phd,salaried,Lumbini,retail,80204,685,0,0,0
B01411,29,F,married,primary,self-employed,Lumbini,retail,69587,706,0,3,0
B01412,60,F,married,master,agriculture,Bagmati,health,59426,746,0,1,0
B01413,22,M,divorced,master,agriculture,Lumbini,retail,58549,652,0,3,1
B01414,65,F,single,secondary,self-employed,Bagmati,retail,75041,620,0,2,0
B01415,45,M,single,secondary,agriculture,Bagmati,health,57709,644,1,2,0
B01416,59,F,single,secondary,agriculture,Sudurpashchim,manufacturing,70941,627,0,1,0
B01417,29,F,single,bachelor,business_owner,Madhesh,construction,143010,591,0,1,0
B01418,42,F,married,bachelor,salaried,Madhesh,retail,61616,753,0,1,1
B01419,63,F,married,master,salaried,Sudurpashchim,manufacturing,60489,722,0,0,1
B01420,66,M,single,master,salaried,Madhesh,services,68251,549,0,3,1
B01421,24,M,divorced,bachelor,salaried,Gandaki,construction,92249,687,0,1,1
B01422,46,F,married,secondary,salaried,Madhesh,retail,54924,654,0,4,1
B01423,49,M,married,secondary,salaried,Bagmati,services,77842,648,0,2,0
B01424,65,M,single,master,self-employed,Karnali,construction,38125,538,1,0,0
B01425,54,M,single,secondary,informal,Karnali,manufacturing,53919,674,0,2,0
B01426,43,M,single,primary,salaried,Koshi,manufacturing,85035,679,0,1,1
B01427,57,F,single,bachelor,business_owner,Madhesh,retail,211242,610,0,1,0
B01428,31,M,married,secondary,business_owner,Karnali,retail,161638,764,0,1,1
B01429,26,F,single,master,salaried,Madhesh,agriculture,61975,719,0,3,0
B01430,38,M,married,bachelor,informal,Koshi,agriculture,21981,616,0,1,0
B01431,41,M,widowed,primary,self-employed,Karnali,health,100425,731,0,2,1
B01432,62,M,married,master,salaried,Bagmati,agriculture,63455,649,0,1,0
B01433,56,M,divorced,secondary,business_owner,Gandaki,services,135034,733,0,2,1
B01434,61,M,single,secondary,salaried,Sudurpashchim,education,55596,596,0,1,0
B01435,58,F,married,secondary,business_owner,Sudurpashchim,retail,112206,684,0,1,0
B01436,54,M,married,primary,salaried,Sudurpashchim,services,36000,608,0,1,1
B01437,37,F,single,bachelor,agriculture,Madhesh,wholesale,31168,629,1,1,1
B01438,57,M,single,secondary,self-employed,Karnali,retail,49381,569,0,2,0
B01439,45,M,married,secondary,business_owner,Karnali,construction,159275,607,0,1,1
B01440,58,F,married,secondary,salaried,Koshi,services,53454,607,0,4,1
B01441,32,M,married,master,business_owner,Bagmati,manufacturing,182006,600,0,0,0
B01442,43,M,married,master,agriculture,Lumbini,services,35286,685,0,1,1
B01443,62,M,married,secondary,self-employed,Karnali,services,147878,578,0,0,0
B01444,42,M,single,secondary,self-employed,Gandaki,retail,26534,691,0,0,0
B01445,41,F,married,secondary,self-employed,Koshi,agriculture,97729,730,0,3,1
B01446,47,M,single,secondary,informal,Karnali,services,45578,626,0,3,0
B01447,51,F,single,master,self-employed,Karnali,construction,48656,670,0,2,1
B01448,26,F,divorced,bachelor,agriculture,Koshi,retail,40083,657,0,3,1
B01449,47,M,married,secondary,agriculture,Koshi,retail,45296,652,0,3,0
B01450,60,F,married,secondary,self-employed,Madhesh,agriculture,92494,534,0,2,1
B01451,54,M,married,primary,salaried,Karnali,education,51271,613,1,3,1
B01452,32,F,married,bachelor,self-employed,Lumbini,services,97759,755,1,1,1
B01453,65,M,single,secondary,agriculture,Gandaki,construction,52155,693,0,2,0
B01454,27,F,single,phd,salaried,Bagmati,health,85583,662,0,2,0
B01455,30,M,single,master,self-employed,Bagmati,health,59129,564,0,0,1
B01456,65,M,married,secondary,agriculture,Lumbini,construction,42632,708,0,3,1
B01457,37,F,married,bachelor,salaried,Koshi,construction,98842,625,1,0,0
B01458,46,F,married,master,business_owner,Koshi,wholesale,79228,607,0,3,1
B01459,41,M,married,bachelor,salaried,Koshi,construction,42150,612,0,1,1
B01460,48,M,divorced,secondary,salaried,Karnali,services,57380,703,0,1,0
B01461,66,F,single,secondary,agriculture,Koshi,health,18032,671,0,0,1
B01462,22,F,married,master,salaried,Koshi,retail,103457,723,0,3,0
B01463,63,F,married,bachelor,salaried,Karnali,services,64344,737,0,0,0
B01464,21,F,married,bachelor,agriculture,Karnali,manufacturing,45084,634,0,2,0
B01465,56,F,widowed,master,salaried,Lumbini,services,84850,673,0,2,0
B01466,46,F,single,master,informal,Madhesh,retail,34116,658,0,1,0
B01467,49,M,married,master,informal,Karnali,manufacturing,41761,600,0,4,1
B01468,41,M,married,primary,salaried,Gandaki,construction,54961,608,0,0,1
B01469,31,F,single,bachelor,salaried,Koshi,agriculture,34899,666,0,2,0
B01470,60,F,married,bachelor,business_owner,Madhesh,wholesale,122284,672,0,1,1
B01471,31,M,married,bachelor,self-employed,Bagmati,construction,115771,672,0,1,1
B01472,56,M,widowed,bachelor,salaried,Lumbini,wholesale,71585,672,0,0,0
B01473,69,F,single,secondary,business_owner,Madhesh,retail,161390,630,0,2,0
B01474,59,M,married,master,salaried,Karnali,agriculture,48084,792,0,3,0
B01475,60,M,married,bachelor,agriculture,Koshi,education,36427,688,0,0,0
B01476,55,M,married,primary,salaried,Koshi,services,44114,643,0,0,1
B01477,54,M,married,bachelor,salaried,Koshi,manufacturing,77331,697,0,4,1
B01478,67,M,married,secondary,salaried,Madhesh,wholesale,63647,628,0,0,1
B01479,44,M,married,secondary,informal,Koshi,services,39674,676,1,1,1
B01480,42,M,married,primary,business_owner,Karnali,retail,150104,697,0,1,0
B01481,25,F,married,secondary,agriculture,Madhesh,health,41486,705,1,1,1
B01482,53,M,single,bachelor,salaried,Koshi,construction,91593,606,0,2,0
B01483,56,F,married,bachelor,salaried,Bagmati,agriculture,74713,842,0,4,0
B01484,67,F,single,bachelor,salaried,Bagmati,manufacturing,62677,740,0,1,1
B01485,40,M,married,master,self-employed,Gandaki,construction,38451,787,0,2,0
B01486,39,F,married,secondary,self-employed,Koshi,services,104898,661,0,2,0
B01487,55,M,married,secondary,business_owner,Koshi,wholesale,132732,689,0,1,1
B01488,63,F,married,master,salaried,Madhesh,retail,76621,677,0,0,1
B01489,37,M,widowed,secondary,informal,Madhesh,agriculture,50444,645,0,2,0
B01490,65,F,single,phd,salaried,Sudurpashchim,health,59418,717,0,1,0
B01491,63,F,married,master,informal,Koshi,retail,42729,626,0,1,1
B01492,54,M,married,bachelor,salaried,Gandaki,retail,60828,713,0,4,1
B01493,29,M,single,phd,self-employed,Koshi,services,122501,648,0,2,0
B01494,46,F,single,primary,salaried,Karnali,construction,64497,697,0,4,1
B01495,22,F,divorced,secondary,self-employed,Madhesh,wholesale,66422,755,0,1,1
B01496,29,M,married,bachelor,self-employed,Koshi,wholesale,124562,668,0,3,1
B01497,29,F,divorced,secondary,self-employed,Madhesh,manufacturing,121299,718,0,2,1
B01498,60,M,widowed,master,self-employed,Koshi,manufacturing,92091,647,0,4,1
B01499,37,F,single,primary,business_owner,Lumbini,retail,114155,610,0,4,0
B01500,21,M,married,bachelor,business_owner,Madhesh,retail,102920,766,0,4,0
B01501,45,F,married,bachelor,agriculture,Gandaki,agriculture,49208,716,1,4,1
B01502,63,M,married,bachelor,salaried,Lumbini,services,52505,668,0,0,1
B01503,60,M,married,secondary,self-employed,Karnali,health,99501,713,0,2,1
B01504,62,M,married,secondary,self-employed,Koshi,agriculture,134575,619,0,1,0
B01505,45,M,married,master,salaried,Sudurpashchim,retail,81252,699,0,2,1
B01506,59,M,married,secondary,self-employed,Karnali,services,51902,687,0,4,0
B01507,55,M,single,master,salaried,Madhesh,services,79102,711,0,0,1
B01508,23,F,married,bachelor,salaried,Lumbini,retail,73890,765,0,2,0
B01509,70,M,married,master,salaried,Karnali,health,78925,755,0,2,1
B01510,57,M,married,bachelor,salaried,Gandaki,construction,53608,599,0,1,0
B01511,64,M,single,secondary,business_owner,Sudurpashchim,wholesale,120151,565,0,1,1
B01512,64,M,married,bachelor,business_owner,Madhesh,wholesale,159739,689,0,0,0
B01513,50,M,single,master,informal,Lumbini,retail,28950,684,0,0,1
B01514,58,M,married,secondary,business_owner,Karnali,wholesale,99789,613,0,2,1
B01515,54,M,married,phd,salaried,Lumbini,manufacturing,64242,622,0,1,1
B01516,32,M,married,secondary,informal,Lumbini,services,59975,633,0,0,1
B01517,39,M,single,secondary,agriculture,Karnali,health,70654,748,0,4,0
B01518,57,F,married,secondary,self-employed,Bagmati,retail,27546,649,0,2,1
B01519,64,M,married,master,self-employed,Koshi,manufacturing,114925,592,0,1,1
B01520,69,M,married,secondary,informal,Madhesh,education,62684,671,0,1,0
B01521,37,F,married,master,self-employed,Madhesh,services,118440,675,1,2,1
B01522,30,M,married,master,informal,Sudurpashchim,retail,37055,618,0,1,1
B01523,69,F,married,secondary,salaried,Sudurpashchim,wholesale,65403,707,0,2,0
B01524,67,M,single,primary,salaried,Sudurpashchim,services,38651,738,0,2,0
B01525,32,F,single,bachelor,self-employed,Madhesh,health,22151,655,0,0,0
B01526,36,F,married,secondary,self-employed,Lumbini,education,74154,592,0,3,0
B01527,44,M,married,master,agriculture,Sudurpashchim,health,51376,660,0,1,1
B01528,39,F,married,secondary,informal,Karnali,construction,47651,692,0,1,1
B01529,28,M,married,bachelor,salaried,Koshi,services,86422,556,0,4,0
B01530,51,M,single,master,salaried,Gandaki,education,131222,701,1,1,0
B01531,41,F,married,secondary,agriculture,Madhesh,health,42872,654,0,2,1
B01532,37,F,married,secondary,self-employed,Karnali,services,53332,677,0,2,0
B01533,43,M,married,secondary,salaried,Koshi,wholesale,80922,659,0,0,0
B01534,57,M,single,secondary,self-employed,Koshi,manufacturing,91667,634,0,4,0
B01535,36,M,married,bachelor,business_owner,Bagmati,retail,94146,669,0,1,1
B01536,26,M,divorced,master,agriculture,Karnali,retail,66395,647,0,1,0
B01537,28,F,single,secondary,self-employed,Madhesh,health,60641,655,0,3,0
B01538,45,M,married,bachelor,salaried,Sudurpashchim,health,67428,627,0,2,1
B01539,38,M,single,bachelor,informal,Lumbini,retail,43936,705,0,2,0
B01540,45,M,married,secondary,business_owner,Sudurpashchim,services,77352,743,0,3,1
B01541,32,M,married,secondary,self-employed,Koshi,construction,33708,627,1,1,0
B01542,35,M,married,master,salaried,Koshi,agriculture,74379,669,0,0,0
B01543,46,F,married,bachelor,business_owner,Gandaki,services,181592,615,0,0,0
B01544,61,F,divorced,bachelor,salaried,Sudurpashchim,construction,89218,696,0,3,0
B01545,65,F,single,bachelor,salaried,Bagmati,education,90555,687,0,0,0
B01546,46,M,single,primary,self-employed,Koshi,health,61031,643,0,1,0
B01547,67,F,married,bachelor,salaried,Koshi,services,74281,670,0,1,0
B01548,52,F,married,bachelor,business_owner,Lumbini,retail,55912,723,0,1,0
B01549,30,F,divorced,bachelor,salaried,Lumbini,education,73378,587,0,2,1
B01550,36,M,married,secondary,business_owner,Gandaki,retail,182495,604,0,4,1
B01551,27,M,married,primary,salaried,Karnali,construction,98396,707,0,1,1
B01552,37,M,married,secondary,salaried,Gandaki,retail,110608,678,0,1,1
B01553,43,M,married,master,salaried,Gandaki,services,89783,671,0,2,1
B01554,46,M,divorced,secondary,informal,Lumbini,services,52136,727,0,1,0
B01555,41,M,married,bachelor,agriculture,Sudurpashchim,retail,65745,714,0,3,0
B01556,42,M,single,primary,salaried,Sudurpashchim,health,83611,769,0,1,0
B01557,27,F,single,primary,agriculture,Sudurpashchim,retail,35469,724,0,1,1
B01558,34,M,single,bachelor,self-employed,Karnali,education,39540,704,0,4,1
B01559,35,M,single,bachelor,informal,Lumbini,education,58241,672,0,1,1
B01560,27,F,married,bachelor,salaried,Bagmati,wholesale,111866,667,0,1,0
B01561,29,F,married,secondary,business_owner,Madhesh,agriculture,161578,675,1,0,1
B01562,68,F,married,bachelor,salaried,Madhesh,wholesale,32225,687,0,4,0
B01563,28,O,married,secondary,salaried,Bagmati,construction,59613,609,0,2,0
B01564,70,M,married,secondary,informal,Sudurpashchim,manufacturing,42049,689,1,1,1
B01565,43,F,single,bachelor,self-employed,Madhesh,wholesale,29318,662,0,3,0
B01566,49,M,single,secondary,salaried,Karnali,services,42462,695,0,2,0
B01567,38,M,single,secondary,salaried,Lumbini,agriculture,69258,643,0,1,1
B01568,51,M,married,bachelor,business_owner,Madhesh,education,131773,639,0,2,1
B01569,50,M,single,bachelor,business_owner,Karnali,retail,75629,688,0,2,0
B01570,59,M,married,master,salaried,Lumbini,manufacturing,41541,701,0,1,0
B01571,55,F,married,secondary,informal,Karnali,wholesale,62899,642,0,0,1
B01572,38,F,married,primary,salaried,Bagmati,construction,62349,748,0,0,0
B01573,62,F,single,secondary,salaried,Gandaki,retail,65211,747,0,2,0
B01574,59,M,married,phd,informal,Bagmati,agriculture,36799,588,0,3,1
B01575,37,F,married,bachelor,salaried,Madhesh,retail,54576,632,0,2,1
B01576,34,F,married,bachelor,salaried,Lumbini,manufacturing,96055,681,0,3,0
B01577,51,M,divorced,primary,self-employed,Karnali,construction,58606,695,0,2,0
B01578,44,F,single,bachelor,agriculture,Madhesh,construction,53234,792,1,3,0
B01579,55,M,single,primary,salaried,Madhesh,construction,70174,683,0,0,1
B01580,64,M,divorced,bachelor,informal,Gandaki,services,15777,669,0,1,0
B01581,65,F,married,master,agriculture,Sudurpashchim,education,54337,612,0,1,1
B01582,54,M,married,phd,salaried,Madhesh,manufacturing,39120,588,0,1,1
B01583,23,M,married,bachelor,business_owner,Gandaki,education,148595,668,0,2,1
B01584,57,F,married,secondary,salaried,Lumbini,manufacturing,46271,788,0,3,1
B01585,63,F,divorced,master,self-employed,Lumbini,services,100660,663,0,1,1
B01586,60,M,widowed,bachelor,agriculture,Karnali,wholesale,42268,632,0,4,1
B01587,46,M,married,primary,informal,Sudurpashchim,manufacturing,34885,700,0,1,1
B01588,43,M,married,bachelor,salaried,Gandaki,retail,74211,565,0,2,1
B01589,64,F,married,secondary,self-employed,Bagmati,education,40844,679,0,2,0
B01590,59,M,single,bachelor,self-employed,Lumbini,agriculture,82923,720,0,1,0
B01591,35,M,single,secondary,salaried,Sudurpashchim,health,85645,623,0,1,1
B01592,69,F,divorced,bachelor,salaried,Karnali,retail,90852,750,0,2,1
B01593,24,M,single,secondary,salaried,Bagmati,wholesale,60747,711,0,4,1
B01594,49,M,single,secondary,business_owner,Lumbini,education,105750,751,0,2,1
B01595,42,M,single,bachelor,self-employed,Lumbini,services,40242,599,0,1,1
B01596,45,F,married,master,salaried,Karnali,services,54985,665,0,0,1
B01597,33,M,married,bachelor,agriculture,Karnali,education,21918,726,0,4,0
B01598,38,M,married,secondary,agriculture,Koshi,manufacturing,57921,593,0,1,1
B01599,53,F,single,master,self-employed,Madhesh,retail,110265,727,0,3,1
B01600,36,M,married,master,salaried,Madhesh,education,60915,665,0,2,1
B01601,65,M,married,secondary,business_owner,Bagmati,retail,72379,727,0,2,1
B01602,62,M,married,primary,salaried,Madhesh,education,76163,687,0,2,1
B01603,64,M,married,bachelor,salaried,Bagmati,retail,52640,753,0,1,1
B01604,22,M,single,master,business_owner,Sudurpashchim,agriculture,150237,604,0,2,0
B01605,55,M,widowed,phd,salaried,Lumbini,retail,108708,693,0,2,0
B01606,62,M,married,master,salaried,Koshi,agriculture,52311,592,0,2,1
B01607,54,M,divorced,bachelor,salaried,Koshi,retail,55166,698,0,3,0
B01608,50,F,married,bachelor,salaried,Lumbini,education,40808,693,1,0,1
B01609,33,O,married,primary,salaried,Karnali,services,72922,659,0,2,0
B01610,33,F,married,secondary,informal,Gandaki,retail,46171,632,0,0,0
B01611,38,F,married,secondary,salaried,Gandaki,agriculture,64588,657,0,0,0
B01612,52,M,widowed,bachelor,salaried,Madhesh,services,70322,680,0,2,0
B01613,52,F,married,bachelor,salaried,Karnali,retail,49126,691,0,0,0
B01614,55,M,single,bachelor,informal,Bagmati,retail,20052,781,0,2,1
B01615,59,F,married,secondary,self-employed,Sudurpashchim,services,62227,723,0,1,0
B01616,66,O,married,bachelor,salaried,Koshi,retail,31689,643,0,1,1
B01617,49,F,married,primary,agriculture,Madhesh,retail,34078,707,0,0,1
B01618,69,O,single,secondary,salaried,Lumbini,wholesale,76194,723,0,1,1
B01619,49,F,married,bachelor,salaried,Karnali,agriculture,71193,639,0,3,0
B01620,64,M,married,bachelor,salaried,Koshi,manufacturing,34524,714,0,2,1
B01621,36,M,married,phd,salaried,Bagmati,retail,90986,593,0,4,0
B01622,64,F,married,secondary,salaried,Bagmati,health,66108,637,0,0,0
B01623,67,M,married,bachelor,business_owner,Gandaki,education,61530,597,0,3,1
B01624,30,F,single,secondary,salaried,Madhesh,wholesale,62712,663,0,2,0
B01625,50,O,married,secondary,self-employed,Lumbini,retail,67509,649,0,1,1
B01626,45,M,single,master,salaried,Koshi,health,52645,653,0,2,1
B01627,59,F,single,bachelor,salaried,Sudurpashchim,services,86251,720,0,2,0
B01628,40,F,married,master,self-employed,Bagmati,wholesale,51810,680,0,1,0
B01629,25,F,divorced,secondary,informal,Koshi,services,47769,719,0,2,1
B01630,21,F,married,master,salaried,Lumbini,construction,43173,764,0,1,1
B01631,50,M,married,primary,business_owner,Koshi,retail,118339,790,0,1,1
B01632,69,F,divorced,master,salaried,Madhesh,construction,75308,667,0,1,0
B01633,23,F,married,secondary,salaried,Gandaki,construction,75346,704,0,3,0
B01634,65,M,single,secondary,salaried,Koshi,manufacturing,71616,666,0,1,0
B01635,34,M,divorced,bachelor,salaried,Karnali,education,65219,731,0,1,0
B01636,50,F,married,master,salaried,Gandaki,retail,48718,720,0,2,0
B01637,70,M,married,primary,salaried,Lumbini,manufacturing,48948,639,0,2,0
B01638,24,F,single,secondary,agriculture,Gandaki,services,55378,647,0,2,0
B01639,38,F,married,master,salaried,Koshi,services,44771,751,0,0,1
B01640,57,M,single,secondary,self-employed,Koshi,wholesale,40278,645,0,2,1
B01641,45,F,single,secondary,salaried,Karnali,services,98595,669,0,1,0
B01642,68,F,married,secondary,self-employed,Bagmati,retail,77208,712,0,2,1
B01643,21,M,married,secondary,self-employed,Karnali,wholesale,104050,666,0,2,1
B01644,66,M,married,master,salaried,Koshi,wholesale,87469,759,0,2,1
B01645,35,M,married,master,salaried,Sudurpashchim,construction,71022,732,0,3,1
B01646,29,M,married,bachelor,business_owner,Gandaki,retail,103045,626,0,2,0
B01647,35,F,married,phd,agriculture,Karnali,agriculture,43523,643,0,2,0
B01648,69,M,married,bachelor,salaried,Karnali,wholesale,102160,707,0,1,0
B01649,44,F,single,primary,salaried,Sudurpashchim,retail,58823,672,0,0,0
B01650,24,M,married,secondary,informal,Sudurpashchim,wholesale,47646,568,0,4,1
B01651,32,M,divorced,secondary,salaried,Sudurpashchim,wholesale,83546,622,0,1,1
B01652,57,F,married,secondary,self-employed,Bagmati,manufacturing,92521,688,0,2,0
B01653,57,F,married,master,salaried,Koshi,services,91687,724,1,2,1
B01654,63,M,married,master,salaried,Koshi,health,62267,725,0,0,1
B01655,26,M,married,secondary,self-employed,Lumbini,health,105200,783,0,3,0
B01656,59,M,married,bachelor,self-employed,Bagmati,services,31161,637,0,3,1
B01657,66,M,single,bachelor,salaried,Lumbini,construction,96938,640,0,2,0
B01658,44,F,married,master,self-employed,Lumbini,retail,118694,674,0,0,1
B01659,31,M,married,master,agriculture,Lumbini,manufacturing,44520,583,0,2,0
B01660,33,M,married,bachelor,self-employed,Madhesh,construction,98165,675,1,0,0
B01661,54,M,single,master,salaried,Lumbini,retail,87821,664,0,2,1
B01662,45,F,divorced,bachelor,self-employed,Karnali,retail,53867,719,0,2,1
B01663,27,O,married,bachelor,business_owner,Gandaki,retail,113496,728,0,0,0
B01664,24,M,married,primary,agriculture,Karnali,services,26496,695,0,2,1
B01665,28,F,married,secondary,business_owner,Karnali,services,171228,675,0,1,1
B01666,40,M,married,bachelor,salaried,Koshi,services,86455,695,0,3,0
B01667,49,M,divorced,secondary,business_owner,Madhesh,services,107357,631,0,2,1
B01668,65,F,married,primary,business_owner,Lumbini,services,102138,670,0,1,1
B01669,66,F,married,bachelor,salaried,Koshi,construction,67020,676,0,1,0
B01670,30,F,single,primary,self-employed,Bagmati,retail,58082,671,1,3,1
B01671,63,F,married,bachelor,salaried,Bagmati,construction,66519,666,0,1,1
B01672,54,M,married,bachelor,business_owner,Koshi,agriculture,73302,641,0,1,1
B01673,46,F,married,phd,salaried,Gandaki,construction,87966,619,0,0,1
B01674,61,M,single,bachelor,self-employed,Koshi,construction,119108,664,0,1,0
B01675,69,F,married,primary,informal,Koshi,services,59177,708,0,3,0
B01676,23,M,single,bachelor,agriculture,Madhesh,retail,28504,579,0,2,1
B01677,26,F,single,master,informal,Bagmati,manufacturing,41873,648,0,1,1
B01678,25,M,married,phd,informal,Bagmati,health,53770,789,0,1,0
B01679,25,M,married,secondary,salaried,Lumbini,manufacturing,85375,664,0,0,0
B01680,67,F,married,secondary,business_owner,Karnali,retail,37251,683,0,4,1
B01681,43,M,married,master,self-employed,Koshi,retail,107214,776,0,2,0
B01682,69,M,single,secondary,agriculture,Koshi,health,27621,693,0,2,0
B01683,29,M,married,bachelor,salaried,Gandaki,retail,66920,694,0,2,1
B01684,55,M,married,secondary,informal,Sudurpashchim,retail,63862,625,0,3,1
B01685,40,M,single,primary,self-employed,Sudurpashchim,services,118662,692,0,4,1
B01686,69,M,married,secondary,agriculture,Bagmati,health,73870,674,1,0,1
B01687,62,F,married,secondary,salaried,Gandaki,wholesale,48674,726,0,4,0
B01688,55,M,married,bachelor,salaried,Madhesh,services,53614,745,0,3,1
B01689,70,F,married,master,business_owner,Lumbini,agriculture,94673,677,0,1,0
B01690,38,F,married,secondary,salaried,Gandaki,retail,67071,696,0,3,1
B01691,37,M,married,master,agriculture,Bagmati,education,53900,571,1,2,1
B01692,44,F,married,primary,salaried,Madhesh,services,95545,552,0,3,1
B01693,23,M,single,bachelor,business_owner,Koshi,services,78212,735,0,1,1
B01694,52,F,married,primary,salaried,Madhesh,education,57422,538,0,2,0
B01695,55,M,married,master,self-employed,Karnali,health,127709,693,0,0,1
B01696,58,M,married,master,business_owner,Gandaki,services,67842,665,0,3,0
B01697,33,F,married,bachelor,salaried,Bagmati,retail,84537,743,0,4,0
B01698,67,F,married,master,salaried,Gandaki,construction,68227,673,0,2,0
B01699,45,F,married,bachelor,salaried,Koshi,services,77761,774,0,1,1
B01700,29,M,single,phd,self-employed,Sudurpashchim,health,60658,664,0,2,1
B01701,24,F,married,bachelor,self-employed,Koshi,health,106215,738,0,1,0
B01702,34,M,divorced,master,business_owner,Bagmati,retail,90560,593,0,2,0
B01703,57,M,single,bachelor,self-employed,Karnali,health,42412,548,0,2,1
B01704,54,M,widowed,primary,self-employed,Lumbini,services,99401,673,0,0,0
B01705,31,F,married,bachelor,salaried,Madhesh,agriculture,19938,598,0,0,1
B01706,61,M,married,secondary,salaried,Madhesh,retail,58639,672,0,2,1
B01707,23,M,single,bachelor,salaried,Koshi,education,75822,652,0,1,1
B01708,48,F,single,bachelor,informal,Gandaki,agriculture,56366,708,1,3,1
B01709,49,M,divorced,bachelor,agriculture,Sudurpashchim,agriculture,72077,616,0,1,0
B01710,29,M,married,primary,salaried,Gandaki,education,105550,698,1,0,1
B01711,23,M,married,secondary,self-employed,Karnali,services,129152,723,0,2,0
B01712,45,F,married,bachelor,agriculture,Lumbini,services,53447,664,0,2,0
B01713,54,M,single,master,self-employed,Gandaki,education,118768,701,0,2,0
B01714,32,M,single,secondary,salaried,Madhesh,construction,73522,621,0,2,1
B01715,62,F,married,secondary,salaried,Sudurpashchim,health,83718,654,0,2,1
B01716,29,F,widowed,bachelor,self-employed,Gandaki,health,67019,601,0,2,0
B01717,35,M,married,bachelor,informal,Sudurpashchim,services,51931,804,0,0,1
B01718,60,F,married,secondary,business_owner,Lumbini,services,98703,743,0,1,0
B01719,45,F,married,secondary,salaried,Madhesh,wholesale,66529,766,1,0,1
B01720,25,F,married,secondary,salaried,Sudurpashchim,agriculture,79304,742,0,0,0
B01721,31,M,married,phd,agriculture,Gandaki,services,87644,639,1,1,1
B01722,54,F,married,secondary,agriculture,Madhesh,construction,57105,591,0,0,1
B01723,44,M,married,secondary,self-employed,Koshi,retail,84648,652,0,4,0
B01724,35,M,married,primary,business_owner,Koshi,retail,82570,701,0,1,1
B01725,58,M,single,secondary,salaried,Karnali,retail,87924,659,1,1,0
B01726,28,M,widowed,master,agriculture,Koshi,retail,43961,552,0,3,1
B01727,25,M,single,secondary,agriculture,Gandaki,agriculture,56734,716,0,1,1
B01728,68,F,single,primary,salaried,Lumbini,retail,84038,587,0,1,1
B01729,46,M,married,bachelor,business_owner,Madhesh,retail,176884,652,0,1,0
B01730,38,M,married,primary,salaried,Sudurpashchim,retail,86847,771,0,1,1
B01731,26,M,married,primary,salaried,Bagmati,construction,45530,678,0,1,0
B01732,57,M,married,master,salaried,Koshi,construction,35656,734,0,1,1
B01733,68,F,married,master,salaried,Koshi,retail,84029,694,0,3,1
B01734,33,M,single,master,salaried,Bagmati,construction,71720,620,0,0,1
B01735,48,M,married,master,self-employed,Sudurpashchim,services,96744,715,0,0,1
B01736,25,M,married,bachelor,self-employed,Sudurpashchim,wholesale,136592,672,0,2,0
B01737,33,M,married,primary,self-employed,Bagmati,agriculture,66502,593,1,1,1
B01738,37,M,married,master,salaried,Sudurpashchim,retail,95828,584,0,1,0
B01739,70,F,single,master,salaried,Gandaki,construction,57866,696,0,3,0
B01740,60,F,married,master,self-employed,Sudurpashchim,retail,131958,793,0,3,1
B01741,65,M,married,bachelor,salaried,Madhesh,health,85010,616,0,3,1
B01742,52,F,married,secondary,salaried,Sudurpashchim,retail,39857,622,0,1,0
B01743,49,F,married,master,agriculture,Koshi,manufacturing,42488,697,0,4,1
B01744,23,F,widowed,bachelor,business_owner,Lumbini,education,206205,603,0,1,0
B01745,60,M,married,phd,agriculture,Gandaki,retail,82223,804,0,0,0
B01746,54,M,divorced,secondary,self-employed,Gandaki,services,103126,627,0,1,0
B01747,60,M,married,secondary,salaried,Sudurpashchim,services,77084,648,0,2,1
B01748,47,F,single,secondary,business_owner,Lumbini,manufacturing,130788,631,0,0,1
B01749,33,F,single,master,salaried,Lumbini,wholesale,78740,726,0,2,1
B01750,65,M,married,secondary,self-employed,Karnali,retail,80775,794,0,3,0
B01751,53,M,single,primary,salaried,Lumbini,agriculture,94220,636,0,1,1
B01752,26,F,single,phd,agriculture,Sudurpashchim,services,60401,723,0,2,0
B01753,44,F,divorced,primary,salaried,Sudurpashchim,agriculture,50692,603,1,1,1
B01754,39,O,married,master,informal,Bagmati,retail,54824,728,0,1,1
B01755,36,F,married,secondary,agriculture,Koshi,services,52969,772,0,1,0
B01756,60,M,single,master,self-employed,Karnali,manufacturing,75626,755,0,2,1
B01757,48,F,single,bachelor,business_owner,Sudurpashchim,manufacturing,205433,682,0,1,1
B01758,53,F,single,master,self-employed,Bagmati,services,88113,618,0,3,0
B01759,68,M,married,master,agriculture,Karnali,wholesale,15000,675,0,4,1
B01760,61,M,divorced,primary,self-employed,Koshi,wholesale,77759,658,0,3,1
B01761,33,F,married,primary,agriculture,Karnali,retail,67882,650,0,0,0
B01762,63,M,single,secondary,self-employed,Bagmati,services,57205,686,0,0,1
B01763,65,F,married,bachelor,informal,Madhesh,retail,59392,671,1,1,1
B01764,45,F,married,master,self-employed,Sudurpashchim,agriculture,55069,714,0,2,0
B01765,62,F,married,secondary,self-employed,Koshi,manufacturing,125100,714,0,4,0
B01766,56,M,married,bachelor,agriculture,Gandaki,services,39693,672,0,2,1
B01767,47,M,married,secondary,agriculture,Koshi,services,43667,699,0,2,1
B01768,58,F,single,master,self-employed,Koshi,wholesale,72222,748,0,0,0
B01769,27,M,single,phd,salaried,Koshi,manufacturing,81949,646,0,3,0
B01770,25,F,widowed,secondary,self-employed,Madhesh,education,140323,676,0,0,1
B01771,63,F,single,bachelor,informal,Sudurpashchim,agriculture,45222,618,0,0,0
B01772,65,M,single,primary,business_owner,Bagmati,construction,119509,701,0,3,0
B01773,51,M,single,bachelor,agriculture,Sudurpashchim,construction,39681,686,0,2,1
B01774,43,M,single,bachelor,salaried,Gandaki,services,37453,700,0,0,1
B01775,62,M,married,secondary,self-employed,Bagmati,retail,70794,621,0,1,0
B01776,30,F,married,secondary,business_owner,Karnali,agriculture,63344,717,0,0,0
B01777,52,F,married,secondary,agriculture,Karnali,retail,16028,681,0,2,1
B01778,63,F,married,bachelor,salaried,Karnali,manufacturing,68460,732,0,1,0
B01779,50,F,married,bachelor,agriculture,Bagmati,construction,40233,651,0,3,0
B01780,59,M,married,primary,self-employed,Lumbini,construction,126297,713,1,1,0
B01781,51,F,married,master,salaried,Madhesh,wholesale,52887,699,1,1,0
B01782,38,F,married,bachelor,salaried,Lumbini,services,83407,759,0,0,0
B01783,56,F,single,secondary,salaried,Sudurpashchim,agriculture,83016,669,0,1,1
B01784,22,F,married,primary,self-employed,Karnali,construction,125113,644,0,2,0
B01785,34,M,married,bachelor,salaried,Madhesh,construction,66315,648,0,2,0
B01786,33,F,widowed,master,salaried,Bagmati,health,96380,614,0,1,0
B01787,49,M,married,secondary,agriculture,Karnali,retail,60097,647,0,1,1
B01788,32,M,widowed,secondary,salaried,Bagmati,services,92785,546,0,3,1
B01789,59,M,married,secondary,salaried,Madhesh,wholesale,117883,750,0,1,0
B01790,22,F,single,bachelor,self-employed,Bagmati,retail,81303,781,1,0,1
B01791,52,F,married,secondary,self-employed,Bagmati,education,90124,667,0,1,0
B01792,33,F,widowed,secondary,agriculture,Gandaki,health,43487,699,0,2,1
B01793,66,F,married,bachelor,self-employed,Sudurpashchim,retail,131269,684,0,0,0
B01794,47,F,single,bachelor,agriculture,Lumbini,retail,96883,603,0,1,0
B01795,69,F,married,secondary,self-employed,Lumbini,wholesale,107024,731,0,2,0
B01796,61,M,married,secondary,salaried,Lumbini,construction,37798,740,0,4,0
B01797,37,M,single,bachelor,salaried,Koshi,wholesale,52337,618,0,1,1
B01798,60,M,married,primary,self-employed,Gandaki,retail,119787,693,0,0,0
B01799,51,F,single,primary,salaried,Karnali,retail,47112,661,0,2,1
B01800,54,F,married,master,business_owner,Karnali,services,92976,740,0,1,0
