loan_id,borrower_id,origination_date,maturity_date,product_type,region,sector,employment_type,age,gender,marital_status,education_level,monthly_income_npr,credit_score,loan_amount_npr,interest_rate_pct,term_months,collateral_type,pd,lgd,ead,expected_loss_npr,status,days_past_due,defaulted_flag,current_balance_npr,recovered_amount_npr,vintage,npa_flag,realized_loss_npr
L000001,B01332,2024-12-03,2028-12-03,home,Gandaki,wholesale,informal,48,M,single,secondary,59662,615,952849,12.55,48,property,0.4,0.1737,962380.97,66882.94,60_dpd,83,0,292619.94,0.0,2024-Q4,0,0.0
L000002,B00519,2021-11-07,2023-05-07,auto,Koshi,manufacturing,business_owner,65,M,divorced,primary,120733,658,571055,9.01,18,vehicle,0.4,0.3687,554973.56,81856.58,defaulted,106,1,342494.51,35020.32,2021-Q4,1,46836.26
L000003,B00006,2022-07-10,2024-07-10,personal,Koshi,health,self-employed,41,M,widowed,secondary,83105,620,81180,16.9,24,guarantee,0.4,0.421,83803.14,14111.85,60_dpd,85,0,13195.41,0.0,2022-Q3,0,0.0
L000004,B00922,2023-09-21,2028-09-21,auto,Koshi,services,salaried,67,F,married,secondary,36392,661,170895,17.41,60,cash_deposit,0.4,0.3352,164712.77,22086.97,closed,0,0,0.0,0.0,2023-Q3,0,0.0
L000005,B00329,2024-07-24,2029-07-24,SME,Lumbini,agriculture,salaried,37,M,married,bachelor,53029,602,699345,13.49,60,guarantee,0.4,0.4367,645818.89,112811.4,30_dpd,35,0,302596.03,0.0,2024-Q3,0,0.0
L000006,B00643,2024-10-26,2025-10-26,home,Sudurpashchim,construction,self-employed,32,M,married,secondary,66624,574,1529543,13.61,12,property,0.4,0.2527,1549786.49,156647.18,60_dpd,63,0,1456950.63,0.0,2024-Q4,0,0.0
L000007,B01297,2026-05-01,2030-05-01,auto,Sudurpashchim,wholesale,agriculture,52,M,married,master,63975,577,225994,14.61,48,guarantee,0.4,0.481,216974.55,41745.45,closed,0,0,0.0,0.0,2026-Q2,0,0.0
L000008,B01697,2021-07-25,2022-07-25,auto,Bagmati,retail,salaried,33,F,married,bachelor,84537,765,177363,17.33,12,vehicle,0.0261,0.4951,183759.86,2371.15,current,0,0,132453.72,0.0,2021-Q3,0,0.0
L000009,B01451,2024-01-07,2025-07-07,personal,Karnali,education,salaried,54,M,married,primary,51271,644,117609,17.16,18,guarantee,0.4,0.4122,125629.6,20713.35,current,0,0,37968.41,0.0,2024-Q1,0,0.0
L000010,B01190,2024-07-19,2026-01-19,home,Karnali,retail,business_owner,25,M,married,master,122459,721,902409,9.15,18,property,0.1062,0.229,869807.87,21160.78,30_dpd,33,0,200618.87,0.0,2024-Q3,0,0.0
L000011,B00008,2022-06-07,2027-06-07,micro,Koshi,health,informal,39,M,single,secondary,29288,683,38847,20.1,60,guarantee,0.3603,0.3858,41786.06,5809.54,30_dpd,56,0,30607.74,0.0,2022-Q2,0,0.0
L000012,B00535,2024-06-20,2027-06-20,home,Madhesh,services,informal,53,F,married,master,43947,664,791340,11.59,36,property,0.3913,0.3101,754410.74,91555.81,current,0,0,558678.45,0.0,2024-Q2,0,0.0
L000013,B00193,2025-08-20,2029-08-20,home,Madhesh,services,informal,28,F,divorced,phd,42386,683,1247111,13.02,48,property,0.2703,0.1916,1180379.81,61124.37,current,0,0,740447.2,0.0,2025-Q3,0,0.0
L000014,B01458,2025-01-19,2027-01-19,home,Koshi,wholesale,business_owner,46,F,married,master,79228,645,369695,7.5,24,property,0.4,0.2811,388581.09,43697.41,90_dpd,100,0,91519.57,0.0,2025-Q1,1,0.0
L000015,B01282,2022-08-03,2023-08-03,personal,Koshi,retail,self-employed,40,M,married,bachelor,86844,632,159860,16.32,12,guarantee,0.4,0.5252,166367.63,34947.42,current,0,0,41660.51,0.0,2022-Q3,0,0.0
L000016,B00643,2025-04-26,2031-04-26,SME,Sudurpashchim,construction,self-employed,32,M,married,secondary,66624,634,660196,13.87,72,guarantee,0.4,0.3849,693558.52,106778.56,current,0,0,89925.94,0.0,2025-Q2,0,0.0
L000017,B00316,2021-07-08,2023-07-08,SME,Sudurpashchim,construction,self-employed,36,M,single,primary,60779,769,399611,12.36,24,guarantee,0.0223,0.421,411508.28,3862.66,current,0,0,61164.79,0.0,2021-Q3,0,0.0
L000018,B00981,2023-05-22,2028-05-22,home,Madhesh,agriculture,business_owner,67,M,single,master,91938,608,439265,8.63,60,property,0.4,0.3237,408463.72,52880.14,current,0,0,249060.88,0.0,2023-Q2,0,0.0
L000019,B01668,2023-08-22,2027-08-22,micro,Lumbini,services,business_owner,65,F,married,primary,102138,651,31472,17.01,48,guarantee,0.4,0.4102,33360.07,5474.05,30_dpd,50,0,22132.76,0.0,2023-Q3,0,0.0
L000020,B00505,2021-10-25,2026-10-25,home,Koshi,manufacturing,self-employed,53,M,married,master,124993,648,672926,10.04,60,property,0.4,0.3294,717634.48,94559.78,current,0,0,489687.23,0.0,2021-Q4,0,0.0
L000021,B00303,2024-11-06,2029-11-06,personal,Koshi,retail,salaried,60,F,married,bachelor,37294,759,119787,14.49,60,none,0.0625,0.85,117647.8,6252.22,90_dpd,91,0,13149.05,0.0,2024-Q4,1,0.0
L000022,B01196,2024-09-24,2028-09-24,home,Lumbini,manufacturing,business_owner,26,F,single,master,26811,727,1014315,12.22,48,property,0.0898,0.3314,1019370.95,30323.82,60_dpd,60,0,971896.76,0.0,2024-Q3,0,0.0
L000023,B00774,2024-04-19,2030-04-19,SME,Madhesh,manufacturing,self-employed,38,M,married,primary,125295,706,762574,15.47,72,cash_deposit,0.158,0.2805,741251.0,32843.87,60_dpd,65,0,580748.14,0.0,2024-Q2,0,0.0
L000024,B00026,2023-10-18,2024-10-18,SME,Madhesh,health,self-employed,32,M,married,bachelor,94231,719,1327079,14.47,12,property,0.1722,0.2561,1254929.38,55365.04,60_dpd,74,0,341809.25,0.0,2023-Q4,0,0.0
L000025,B00018,2022-06-19,2024-06-19,SME,Karnali,manufacturing,salaried,22,F,married,master,31893,640,175977,13.42,24,property,0.4,0.1611,184564.08,11892.29,current,0,0,50032.49,0.0,2022-Q2,0,0.0
L000026,B00289,2024-09-30,2027-09-30,home,Koshi,health,informal,55,M,married,bachelor,46748,633,916954,11.91,36,guarantee,0.4,0.3301,918009.14,121231.59,current,0,0,417364.35,0.0,2024-Q3,0,0.0
L000027,B00442,2023-03-19,2024-03-19,home,Lumbini,services,agriculture,25,F,married,bachelor,38499,689,1124412,13.54,12,property,0.2371,0.2148,1153664.79,58737.57,60_dpd,66,0,421111.61,0.0,2023-Q1,0,0.0
L000028,B01583,2026-03-01,2029-03-01,micro,Gandaki,education,business_owner,23,M,married,bachelor,148595,706,55388,17.52,36,none,0.188,0.6638,54742.45,6830.91,current,0,0,8725.01,0.0,2026-Q1,0,0.0
L000029,B00061,2025-02-12,2027-02-12,home,Madhesh,services,business_owner,37,F,single,bachelor,143439,662,884844,11.46,24,guarantee,0.4,0.3805,839716.22,127807.64,closed,0,0,0.0,0.0,2025-Q1,0,0.0
L000030,B00091,2026-05-28,2030-05-28,personal,Koshi,manufacturing,informal,46,M,married,secondary,15000,700,66884,16.31,48,guarantee,0.2133,0.3683,69873.62,5490.41,60_dpd,71,0,52847.31,0.0,2026-Q2,0,0.0
L000031,B01272,2024-04-06,2026-04-06,personal,Lumbini,health,self-employed,49,M,divorced,bachelor,71559,602,77004,17.35,24,none,0.4,0.7712,81744.01,25216.95,60_dpd,62,0,35150.46,0.0,2024-Q2,0,0.0
L000032,B00342,2023-09-30,2028-09-30,SME,Sudurpashchim,health,salaried,47,M,married,bachelor,65884,655,474418,11.58,60,guarantee,0.4,0.4142,447138.31,74073.51,current,0,0,392009.33,0.0,2023-Q3,0,0.0
L000033,B01323,2023-04-29,2024-04-29,personal,Gandaki,manufacturing,business_owner,23,F,single,primary,126843,772,140368,20.74,12,none,0.0497,0.8281,147068.65,6055.4,defaulted,165,1,136316.18,729.3,2023-Q2,1,5326.099999999999
L000034,B00263,2022-06-17,2024-06-17,personal,Lumbini,construction,salaried,38,M,single,bachelor,53827,687,387913,16.32,24,guarantee,0.2779,0.4514,393374.19,49335.48,90_dpd,93,0,322655.51,0.0,2022-Q2,1,0.0
L000035,B01476,2026-01-14,2031-01-14,micro,Koshi,services,salaried,55,M,married,primary,44114,668,132109,19.08,60,guarantee,0.3942,0.2851,126982.44,14272.24,current,0,0,44786.44,0.0,2026-Q1,0,0.0
L000036,B01589,2022-05-02,2023-05-02,personal,Bagmati,education,self-employed,64,F,married,secondary,40844,651,53182,17.58,12,none,0.4,0.7571,49722.11,15058.46,current,0,0,32904.92,0.0,2022-Q2,0,0.0
L000037,B01192,2024-05-30,2025-11-30,personal,Sudurpashchim,agriculture,business_owner,31,M,married,master,102142,602,63474,21.17,18,none,0.4,0.7306,67841.2,19824.85,30_dpd,54,0,64799.92,0.0,2024-Q2,0,0.0
L000038,B00781,2023-01-17,2024-01-17,SME,Sudurpashchim,wholesale,salaried,45,O,single,master,58032,666,1329797,16.8,12,guarantee,0.4,0.3352,1235436.93,165624.87,30_dpd,46,0,766170.39,0.0,2023-Q1,0,0.0
L000039,B00442,2024-07-06,2029-07-06,home,Lumbini,services,agriculture,25,F,married,bachelor,38499,718,1060633,12.93,60,property,0.1153,0.2769,1028884.99,32855.03,current,0,0,751258.95,0.0,2024-Q3,0,0.0
L000040,B01795,2021-11-10,2025-11-10,micro,Lumbini,wholesale,self-employed,69,F,married,secondary,107024,732,26687,16.53,48,none,0.1076,0.6696,25203.52,1816.53,60_dpd,68,0,15473.08,0.0,2021-Q4,0,0.0
L000041,B00935,2024-08-18,2029-08-18,home,Karnali,construction,self-employed,35,M,married,bachelor,98602,806,1615465,12.56,60,property,0.005,0.1659,1646407.5,1365.69,30_dpd,38,0,177504.28,0.0,2024-Q3,0,0.0
L000042,B01629,2023-07-21,2025-01-21,personal,Koshi,services,informal,25,F,divorced,secondary,47769,692,127688,13.6,18,guarantee,0.2515,0.3085,120612.67,9357.69,30_dpd,34,0,90333.9,0.0,2023-Q3,0,0.0
L000043,B01389,2022-08-01,2025-08-01,personal,Bagmati,retail,salaried,40,M,married,secondary,78808,690,33013,18.66,36,guarantee,0.2618,0.4632,32061.71,3887.72,90_dpd,112,0,7789.93,0.0,2022-Q3,1,0.0
L000044,B00145,2024-12-31,2027-12-31,auto,Bagmati,wholesale,salaried,47,M,single,bachelor,77632,615,348263,12.19,36,vehicle,0.4,0.4994,360075.23,71929.78,defaulted,152,1,69844.91,10310.7,2024-Q4,1,61619.08
L000045,B00480,2025-08-14,2026-08-14,personal,Gandaki,wholesale,self-employed,42,M,married,primary,103664,661,146165,17.25,12,guarantee,0.4,0.3706,156984.77,23269.45,30_dpd,38,0,40806.84,0.0,2025-Q3,0,0.0
L000046,B00567,2024-07-23,2026-07-23,micro,Bagmati,manufacturing,informal,65,F,single,master,57848,630,25000,16.92,24,cash_deposit,0.4,0.3029,24386.0,2955.02,defaulted,171,1,4828.86,579.15,2024-Q3,1,2375.87
L000047,B00596,2024-07-07,2028-07-07,home,Gandaki,retail,salaried,55,M,married,secondary,73940,732,1054266,12.04,48,property,0.0776,0.2727,1101257.5,23311.94,current,0,0,948350.88,0.0,2024-Q3,0,0.0
L000048,B00681,2026-06-05,2032-06-05,personal,Madhesh,wholesale,salaried,46,F,single,bachelor,74899,691,85033,16.27,72,guarantee,0.2566,0.5432,87485.16,12192.94,30_dpd,34,0,48576.73,0.0,2026-Q2,0,0.0
L000049,B00992,2023-10-25,2027-10-25,home,Lumbini,education,informal,62,F,married,bachelor,22891,479,842619,12.12,48,guarantee,0.4,0.5737,819889.15,188162.35,30_dpd,53,0,591786.52,0.0,2023-Q4,0,0.0
L000050,B00414,2023-04-26,2025-04-26,auto,Lumbini,agriculture,self-employed,40,M,married,secondary,108599,672,506820,8.25,24,vehicle,0.3378,0.4403,487408.92,72505.87,current,0,0,294179.44,0.0,2023-Q2,0,0.0
L000051,B00686,2022-04-18,2025-04-18,SME,Koshi,retail,self-employed,33,F,divorced,master,35994,697,457372,12.84,36,cash_deposit,0.197,0.2249,460575.6,20408.61,defaulted,170,1,193312.13,5316.11,2022-Q2,1,15092.5
L000052,B01484,2024-08-12,2027-08-12,home,Bagmati,manufacturing,salaried,67,F,single,bachelor,62677,703,497688,12.85,36,guarantee,0.1703,0.519,505667.11,44692.07,current,0,0,339028.4,0.0,2024-Q3,0,0.0
L000053,B00348,2022-10-15,2028-10-15,personal,Karnali,construction,salaried,67,F,single,master,96486,652,43069,16.21,72,none,0.4,0.704,46490.77,13091.4,closed,0,0,0.0,0.0,2022-Q4,0,0.0
L000054,B00866,2021-10-08,2026-10-08,SME,Gandaki,agriculture,salaried,30,M,married,primary,89928,650,1090618,14.18,60,property,0.4,0.29,1137179.6,131892.88,current,0,0,594734.79,0.0,2021-Q4,0,0.0
L000055,B01180,2021-08-01,2022-08-01,personal,Gandaki,agriculture,self-employed,32,F,married,bachelor,136016,683,100684,16.95,12,none,0.3003,0.85,100125.63,25559.57,defaulted,137,1,84639.7,7798.79,2021-Q3,1,17760.78
L000056,B01471,2024-06-04,2025-06-04,micro,Bagmati,construction,self-employed,31,M,married,bachelor,115771,707,30646,15.49,12,none,0.184,0.85,28670.12,4484.64,30_dpd,41,0,3227.75,0.0,2024-Q2,0,0.0
L000057,B00877,2023-02-05,2028-02-05,personal,Sudurpashchim,construction,self-employed,63,M,married,bachelor,112210,619,66663,15.6,60,none,0.4,0.5796,68381.13,15853.31,60_dpd,63,0,48756.84,0.0,2023-Q1,0,0.0
L000058,B00600,2022-11-25,2024-11-25,SME,Gandaki,services,business_owner,69,F,widowed,master,64606,737,235974,10.83,24,vehicle,0.0669,0.4286,234652.62,6724.1,current,0,0,187105.95,0.0,2022-Q4,0,0.0
L000059,B01375,2023-05-27,2025-05-27,SME,Gandaki,agriculture,informal,56,M,married,bachelor,55031,663,651090,13.82,24,vehicle,0.4,0.4068,689832.63,112262.8,90_dpd,103,0,310201.11,0.0,2023-Q2,1,0.0
L000060,B00107,2024-08-06,2026-02-06,home,Koshi,services,business_owner,31,F,married,secondary,196930,739,1336228,11.97,18,property,0.0629,0.3245,1320584.17,26959.94,current,0,0,617699.71,0.0,2024-Q3,0,0.0
L000061,B01258,2022-02-12,2026-02-12,personal,Gandaki,services,self-employed,38,F,married,secondary,50951,600,54168,15.84,48,cash_deposit,0.4,0.2612,56684.59,5923.52,closed,0,0,0.0,0.0,2022-Q1,0,0.0
L000062,B00061,2023-01-12,2027-01-12,personal,Madhesh,services,business_owner,37,F,single,bachelor,143439,658,89875,14.99,48,cash_deposit,0.4,0.2889,96427.16,11142.23,current,0,0,25845.54,0.0,2023-Q1,0,0.0
L000063,B01553,2024-02-15,2025-02-15,home,Gandaki,services,salaried,43,M,married,master,89783,673,1682023,13.36,12,property,0.3314,0.2201,1605442.24,117095.68,defaulted,164,1,1103879.26,38431.29,2024-Q1,1,78664.38999999998
L000064,B00732,2023-01-31,2024-07-31,auto,Lumbini,services,informal,36,M,divorced,secondary,35959,682,423122,13.2,18,guarantee,0.3361,0.3108,415702.14,43427.46,current,0,0,232617.63,0.0,2023-Q1,0,0.0
L000065,B00882,2025-04-26,2029-04-26,personal,Lumbini,construction,informal,43,F,single,secondary,38656,629,47545,15.58,48,guarantee,0.4,0.4149,49211.4,8166.28,current,0,0,7086.41,0.0,2025-Q2,0,0.0
L000066,B01432,2023-04-15,2029-04-15,micro,Bagmati,agriculture,salaried,62,M,married,master,63455,647,33236,16.95,72,none,0.4,0.7807,35472.56,11077.45,current,0,0,10779.25,0.0,2023-Q2,0,0.0
L000067,B01020,2024-04-28,2029-04-28,home,Bagmati,services,informal,51,F,single,master,33395,717,586378,14.13,60,property,0.1185,0.3427,601826.43,24438.04,30_dpd,42,0,286586.64,0.0,2024-Q2,0,0.0
L000068,B00203,2022-11-01,2025-11-01,SME,Madhesh,wholesale,business_owner,52,M,married,secondary,155897,658,1136619,16.33,36,cash_deposit,0.4,0.2467,1089171.14,107478.59,30_dpd,36,0,223137.05,0.0,2022-Q4,0,0.0
L000069,B00456,2025-02-18,2029-02-18,micro,Karnali,retail,salaried,50,M,married,bachelor,94729,697,51506,19.23,48,none,0.227,0.726,55523.91,9151.68,30_dpd,59,0,36804.21,0.0,2025-Q1,0,0.0
L000070,B00467,2026-04-15,2032-04-15,auto,Koshi,agriculture,agriculture,21,M,married,phd,31602,711,240793,12.29,72,vehicle,0.139,0.554,232778.48,17919.93,closed,0,0,0.0,0.0,2026-Q2,0,0.0
L000071,B01384,2022-09-13,2024-09-13,micro,Karnali,manufacturing,agriculture,62,M,married,bachelor,80532,680,62946,18.25,24,cash_deposit,0.3179,0.3643,60343.15,6988.68,90_dpd,101,0,43313.75,0.0,2022-Q3,1,0.0
L000072,B01381,2023-05-26,2026-05-26,SME,Lumbini,agriculture,informal,25,M,married,secondary,52657,766,998138,13.77,36,property,0.0251,0.3127,1068866.4,8384.82,current,0,0,587939.23,0.0,2023-Q2,0,0.0
L000073,B00190,2024-01-30,2029-01-30,micro,Bagmati,wholesale,salaried,23,F,married,bachelor,87081,693,34075,18.18,60,none,0.2464,0.7412,33737.55,6162.45,closed,0,0,0.0,0.0,2024-Q1,0,0.0
L000074,B01778,2024-04-13,2026-04-13,personal,Karnali,manufacturing,salaried,63,F,married,bachelor,68460,686,113927,19.3,24,guarantee,0.2834,0.3776,114767.8,12280.98,current,0,0,34501.5,0.0,2024-Q2,0,0.0
L000075,B00992,2021-12-22,2024-12-22,SME,Lumbini,education,informal,62,F,married,bachelor,22891,521,639893,14.54,36,vehicle,0.4,0.3734,648608.07,96865.12,60_dpd,89,0,635212.16,0.0,2021-Q4,0,0.0
L000076,B00931,2021-09-02,2025-09-02,micro,Gandaki,services,self-employed,21,F,married,master,35412,642,40565,17.56,48,none,0.4,0.7689,40360.1,12413.16,defaulted,111,1,14355.32,1663.95,2021-Q3,1,10749.21
L000077,B01016,2025-02-13,2026-08-13,micro,Madhesh,health,salaried,60,F,married,secondary,65809,719,43000,20.07,18,none,0.1422,0.7171,45892.08,4680.82,current,0,0,34417.48,0.0,2025-Q1,0,0.0
L000078,B00500,2026-05-22,2027-11-22,personal,Gandaki,services,salaried,46,F,married,master,64736,599,138323,15.06,18,none,0.4,0.5976,137135.28,32782.29,90_dpd,98,0,131751.84,0.0,2026-Q2,1,0.0
L000079,B00783,2023-12-11,2026-12-11,personal,Karnali,manufacturing,informal,47,F,single,primary,43936,753,47990,14.29,36,cash_deposit,0.0701,0.2922,47925.8,981.31,30_dpd,36,0,47873.15,0.0,2023-Q4,0,0.0
L000080,B00066,2024-09-27,2026-09-27,personal,Koshi,construction,self-employed,22,M,married,secondary,111612,733,104838,18.28,24,cash_deposit,0.1654,0.3534,101702.39,5943.51,current,0,0,84365.57,0.0,2024-Q3,0,0.0
L000081,B01057,2024-12-25,2026-06-25,personal,Gandaki,services,self-employed,33,F,married,phd,117736,728,141988,15.06,18,guarantee,0.1172,0.5922,146823.31,10190.96,30_dpd,37,0,73140.06,0.0,2024-Q4,0,0.0
L000082,B01714,2022-11-05,2027-11-05,SME,Madhesh,construction,salaried,32,M,single,secondary,73522,630,596807,15.9,60,property,0.4,0.3683,622891.38,91764.32,current,0,0,176586.92,0.0,2022-Q4,0,0.0
L000083,B01662,2026-04-18,2027-04-18,personal,Karnali,retail,self-employed,45,F,divorced,bachelor,53867,714,25000,16.04,12,guarantee,0.1584,0.3631,24502.8,1409.19,current,0,0,9235.67,0.0,2026-Q2,0,0.0
L000084,B00026,2022-05-21,2023-05-21,personal,Madhesh,health,self-employed,32,M,married,bachelor,94231,685,63599,19.62,12,none,0.3489,0.5965,65674.29,13669.03,current,0,0,39449.02,0.0,2022-Q2,0,0.0
L000085,B01706,2022-03-28,2025-03-28,personal,Madhesh,retail,salaried,61,M,married,secondary,58639,725,206322,14.4,36,cash_deposit,0.125,0.291,202880.68,7378.92,current,0,0,109556.39,0.0,2022-Q1,0,0.0
L000086,B00206,2023-11-19,2025-11-19,home,Lumbini,services,salaried,69,F,married,primary,91859,647,738257,7.59,24,guarantee,0.4,0.6065,774466.84,187894.07,current,0,0,215028.47,0.0,2023-Q4,0,0.0
L000087,B01283,2022-09-10,2025-09-10,home,Bagmati,retail,self-employed,61,M,widowed,bachelor,129501,611,688191,11.2,36,guarantee,0.4,0.4002,714811.27,114425.23,defaulted,113,1,670600.08,17223.78,2022-Q3,1,97201.45
L000088,B00236,2022-11-03,2026-11-03,personal,Sudurpashchim,agriculture,salaried,44,F,married,secondary,64068,582,60494,14.73,48,none,0.4,0.6668,62028.19,16545.1,current,0,0,27827.25,0.0,2022-Q4,0,0.0
L000089,B00751,2024-03-27,2029-03-27,home,Gandaki,education,salaried,29,F,married,bachelor,56680,529,743797,11.62,60,property,0.4,0.1257,797828.85,40101.58,current,0,0,618245.74,0.0,2024-Q1,0,0.0
L000090,B01276,2023-10-26,2024-10-26,auto,Sudurpashchim,construction,salaried,48,M,widowed,master,74289,687,377619,13.76,12,cash_deposit,0.2479,0.2393,350709.95,20803.77,30_dpd,44,0,293272.28,0.0,2023-Q4,0,0.0
L000091,B01202,2026-01-10,2028-01-10,personal,Karnali,services,salaried,63,M,widowed,master,60920,724,51130,16.15,24,none,0.1277,0.6858,54357.15,4761.35,current,0,0,36537.0,0.0,2026-Q1,0,0.0
L000092,B01755,2025-01-28,2030-01-28,micro,Koshi,services,agriculture,36,F,married,secondary,52969,780,72032,16.55,60,none,0.0438,0.8269,70139.22,2540.01,defaulted,166,1,58848.76,719.09,2025-Q1,1,1820.92
L000093,B00608,2021-04-06,2023-04-06,SME,Bagmati,agriculture,self-employed,56,F,married,bachelor,43996,595,225466,12.36,24,cash_deposit,0.4,0.3116,226155.28,28186.53,current,0,0,81367.69,0.0,2021-Q2,0,0.0
L000094,B01077,2023-04-17,2028-04-17,auto,Sudurpashchim,wholesale,salaried,29,M,divorced,secondary,77137,629,148159,13.66,60,vehicle,0.4,0.5776,151733.71,35054.58,90_dpd,109,0,105642.87,0.0,2023-Q2,1,0.0
L000095,B00353,2025-06-17,2028-06-17,auto,Lumbini,construction,self-employed,24,M,married,bachelor,55430,619,397550,13.37,36,cash_deposit,0.4,0.3432,429170.4,58912.55,60_dpd,83,0,353589.09,0.0,2025-Q2,0,0.0
L000096,B00626,2023-05-20,2028-05-20,SME,Koshi,agriculture,informal,56,M,married,master,55454,704,1236970,13.84,60,guarantee,0.1661,0.4766,1307205.69,103502.66,current,0,0,265620.12,0.0,2023-Q2,0,0.0
L000097,B01171,2025-12-19,2030-12-19,SME,Lumbini,education,self-employed,65,F,divorced,phd,114649,639,1106368,15.94,60,property,0.4,0.3746,1049434.07,157250.83,closed,0,0,0.0,0.0,2025-Q4,0,0.0
L000098,B00696,2025-08-29,2028-08-29,auto,Sudurpashchim,agriculture,salaried,33,F,married,secondary,58456,716,186686,16.17,36,vehicle,0.1217,0.4598,184669.3,10336.27,30_dpd,37,0,179067.34,0.0,2025-Q3,0,0.0
L000099,B01738,2021-04-17,2022-10-17,home,Sudurpashchim,retail,salaried,37,M,married,master,95828,579,648249,15.2,18,property,0.4,0.1793,698044.14,50071.44,current,0,0,469644.46,0.0,2021-Q2,0,0.0
L000100,B00542,2021-05-14,2022-05-14,home,Koshi,health,informal,60,O,divorced,secondary,21170,715,1824273,9.96,12,guarantee,0.125,0.4093,1824683.55,93375.47,current,0,0,823009.57,0.0,2021-Q2,0,0.0
L000101,B00963,2022-01-14,2027-01-14,auto,Madhesh,education,agriculture,30,M,married,bachelor,29362,800,238001,15.0,60,vehicle,0.005,0.413,228893.58,472.63,current,0,0,51983.24,0.0,2022-Q1,0,0.0
L000102,B00993,2022-06-18,2023-12-18,auto,Sudurpashchim,manufacturing,informal,61,F,married,secondary,44563,629,425054,9.81,18,vehicle,0.4,0.2994,431843.07,51722.47,30_dpd,38,0,346102.25,0.0,2022-Q2,0,0.0
L000103,B00042,2023-06-13,2024-12-13,micro,Sudurpashchim,retail,business_owner,29,M,married,master,56056,641,36179,18.44,18,none,0.4,0.7085,38670.68,10959.28,current,0,0,13905.89,0.0,2023-Q2,0,0.0
L000104,B01604,2024-09-19,2029-09-19,personal,Sudurpashchim,agriculture,business_owner,22,M,single,master,150237,540,119960,15.23,60,guarantee,0.4,0.3088,113724.78,14045.95,closed,0,0,0.0,0.0,2024-Q3,0,0.0
L000105,B00310,2023-08-10,2025-08-10,personal,Madhesh,manufacturing,self-employed,49,M,divorced,secondary,90601,706,114746,13.24,24,guarantee,0.248,0.3949,109395.96,10712.97,current,0,0,95265.74,0.0,2023-Q3,0,0.0
L000106,B01575,2025-10-27,2030-10-27,personal,Madhesh,retail,salaried,37,F,married,bachelor,54576,588,50940,16.81,60,none,0.4,0.7357,49319.42,14514.45,current,0,0,33791.45,0.0,2025-Q4,0,0.0
L000107,B00251,2022-03-12,2028-03-12,home,Sudurpashchim,services,salaried,56,O,single,master,82522,734,1417723,11.53,72,property,0.0732,0.236,1493378.02,25788.04,current,0,0,293858.47,0.0,2022-Q1,0,0.0
L000108,B00144,2025-05-06,2030-05-06,auto,Sudurpashchim,manufacturing,self-employed,59,F,single,secondary,97981,654,188925,13.55,60,vehicle,0.4,0.4119,192371.46,31698.06,current,0,0,72348.84,0.0,2025-Q2,0,0.0
L000109,B01356,2023-04-12,2025-04-12,home,Lumbini,education,salaried,66,O,married,secondary,75361,648,429255,8.92,24,property,0.4,0.3073,461509.29,56723.29,current,0,0,281279.65,0.0,2023-Q2,0,0.0
L000110,B00125,2025-03-05,2026-09-05,SME,Karnali,construction,agriculture,43,F,single,primary,44490,728,761870,14.56,18,property,0.0872,0.217,820012.65,15521.0,60_dpd,79,0,249925.67,0.0,2025-Q1,0,0.0
L000111,B01488,2024-04-20,2029-04-20,micro,Madhesh,retail,salaried,63,F,married,master,76621,682,58156,21.13,60,none,0.3061,0.7561,62533.77,14474.0,30_dpd,52,0,52015.27,0.0,2024-Q2,0,0.0
L000112,B00904,2024-03-02,2025-03-02,auto,Madhesh,wholesale,salaried,62,M,married,secondary,74913,728,550901,10.06,12,guarantee,0.0872,0.4464,559983.78,21802.36,90_dpd,114,0,299437.14,0.0,2024-Q1,1,0.0
L000113,B01338,2022-03-27,2026-03-27,SME,Karnali,retail,self-employed,21,F,divorced,secondary,76151,666,820989,11.82,48,property,0.3777,0.3733,878909.51,123923.86,60_dpd,81,0,356856.35,0.0,2022-Q1,0,0.0
L000114,B01446,2026-05-29,2028-05-29,micro,Karnali,services,informal,47,M,single,secondary,45578,645,55454,19.25,24,none,0.4,0.7483,59674.29,17861.9,closed,0,0,0.0,0.0,2026-Q2,0,0.0
L000115,B00136,2025-08-09,2027-02-09,auto,Sudurpashchim,health,informal,57,F,married,bachelor,48369,657,436079,11.45,18,guarantee,0.4,0.5228,410287.49,85807.31,current,0,0,112568.39,0.0,2025-Q3,0,0.0
L000116,B00668,2023-09-30,2028-09-30,home,Karnali,retail,informal,37,M,divorced,secondary,48863,660,1611427,10.14,60,property,0.4,0.3866,1510229.21,233563.47,current,0,0,697797.12,0.0,2023-Q3,0,0.0
L000117,B00639,2025-10-08,2027-04-08,SME,Lumbini,retail,salaried,63,M,married,bachelor,65028,806,1800000,16.98,18,guarantee,0.005,0.2485,1941495.57,2412.57,30_dpd,44,0,776372.64,0.0,2025-Q4,0,0.0
L000118,B00733,2024-06-30,2026-06-30,SME,Bagmati,retail,agriculture,28,F,married,bachelor,23909,610,502857,18.97,24,guarantee,0.4,0.4473,528512.78,94559.01,30_dpd,49,0,265546.63,0.0,2024-Q2,0,0.0
L000119,B00065,2024-09-05,2025-09-05,home,Madhesh,retail,salaried,24,F,single,primary,59851,705,843749,11.7,12,property,0.162,0.3554,849917.96,48932.56,current,0,0,439001.83,0.0,2024-Q3,0,0.0
L000120,B00670,2024-08-08,2029-08-08,micro,Koshi,retail,self-employed,45,F,married,master,70390,705,57244,21.88,60,guarantee,0.192,0.3627,54820.98,3817.93,closed,0,0,0.0,0.0,2024-Q3,0,0.0
L000121,B01073,2023-11-21,2026-11-21,home,Lumbini,retail,self-employed,21,M,married,secondary,78645,620,942957,12.59,36,property,0.4,0.3594,933977.29,134280.0,current,0,0,449485.65,0.0,2023-Q4,0,0.0
L000122,B00470,2021-11-27,2023-05-27,SME,Madhesh,retail,salaried,54,F,widowed,master,76057,543,599152,14.9,18,cash_deposit,0.4,0.2961,599866.42,71053.57,current,0,0,548453.56,0.0,2021-Q4,0,0.0
L000123,B01629,2026-06-01,2027-12-01,SME,Koshi,services,informal,25,F,divorced,secondary,47769,693,533151,10.71,18,property,0.2164,0.1734,532593.02,19987.4,current,0,0,92738.25,0.0,2026-Q2,0,0.0
L000124,B00961,2024-03-09,2028-03-09,personal,Sudurpashchim,construction,agriculture,57,F,married,bachelor,54605,654,37450,16.07,48,guarantee,0.4,0.3554,36048.24,5125.29,current,0,0,34119.78,0.0,2024-Q1,0,0.0
L000125,B01196,2022-04-09,2027-04-09,personal,Lumbini,manufacturing,business_owner,26,F,single,master,26811,692,96554,14.64,60,none,0.2515,0.6567,89421.23,14767.83,current,0,0,61293.78,0.0,2022-Q2,0,0.0
L000126,B00093,2022-08-19,2024-08-19,home,Lumbini,health,salaried,65,M,single,secondary,75992,564,1909182,10.17,24,property,0.4,0.2552,1895401.2,193448.82,30_dpd,42,0,1079680.4,0.0,2022-Q3,0,0.0
L000127,B01087,2021-06-24,2022-06-24,home,Gandaki,construction,salaried,64,F,married,secondary,100642,701,561138,15.67,12,property,0.1789,0.1,592982.2,10608.73,60_dpd,78,0,170924.99,0.0,2021-Q2,0,0.0
L000128,B00249,2024-06-22,2025-12-22,auto,Madhesh,services,informal,23,M,single,master,45971,681,187948,11.26,18,guarantee,0.282,0.3665,197549.47,20414.4,60_dpd,61,0,176455.08,0.0,2024-Q2,0,0.0
L000129,B01212,2026-06-10,2027-06-10,personal,Lumbini,manufacturing,self-employed,63,F,married,primary,110413,721,147046,17.96,12,cash_deposit,0.1362,0.2607,153298.32,5444.75,current,0,0,107364.23,0.0,2026-Q2,0,0.0
L000130,B01788,2025-07-06,2030-07-06,auto,Bagmati,services,salaried,32,M,widowed,secondary,92785,570,335102,12.23,60,vehicle,0.4,0.4388,332662.65,58382.76,current,0,0,81130.36,0.0,2025-Q3,0,0.0
L000131,B01206,2021-11-10,2027-11-10,home,Koshi,retail,self-employed,60,F,married,bachelor,171329,594,1040141,12.12,72,cash_deposit,0.4,0.3477,1110307.12,154416.16,current,0,0,825756.13,0.0,2021-Q4,0,0.0
L000132,B00918,2024-09-11,2027-09-11,SME,Koshi,education,salaried,65,F,married,secondary,77623,628,1447306,17.75,36,vehicle,0.4,0.4246,1516792.22,257636.65,30_dpd,40,0,1388690.88,0.0,2024-Q3,0,0.0
L000133,B01282,2026-05-13,2031-05-13,micro,Koshi,retail,self-employed,40,M,married,bachelor,86844,577,46646,14.7,60,none,0.4,0.6655,43032.8,11454.78,90_dpd,94,0,7616.02,0.0,2026-Q2,1,0.0
L000134,B00294,2026-05-06,2030-05-06,auto,Sudurpashchim,agriculture,salaried,40,M,married,secondary,67883,682,738280,13.51,48,guarantee,0.2761,0.3618,755992.11,75531.98,30_dpd,52,0,76274.07,0.0,2026-Q2,0,0.0
L000135,B01429,2025-09-05,2031-09-05,SME,Madhesh,agriculture,salaried,26,F,single,master,61975,715,476609,17.12,72,property,0.125,0.2306,450380.15,12988.43,current,0,0,406557.3,0.0,2025-Q3,0,0.0
L000136,B00266,2023-04-03,2028-04-03,micro,Sudurpashchim,retail,informal,31,F,married,master,43312,694,55387,18.98,60,cash_deposit,0.2415,0.3579,59665.56,5156.67,current,0,0,40014.32,0.0,2023-Q2,0,0.0
L000137,B00951,2025-09-20,2030-09-20,SME,Bagmati,construction,salaried,43,O,widowed,secondary,48969,599,1503902,12.41,60,guarantee,0.4,0.5628,1450367.61,326500.61,30_dpd,57,0,734060.85,0.0,2025-Q3,0,0.0
L000138,B01139,2023-11-27,2024-11-27,auto,Sudurpashchim,agriculture,salaried,26,M,single,bachelor,82891,799,654029,12.99,12,vehicle,0.005,0.463,649736.95,1504.05,current,0,0,601644.77,0.0,2023-Q4,0,0.0
L000139,B01065,2021-03-03,2022-03-03,home,Madhesh,services,salaried,43,M,married,bachelor,63145,683,481897,9.54,12,property,0.2703,0.2975,514793.17,41397.48,90_dpd,106,0,374147.55,0.0,2021-Q1,1,0.0
L000140,B00963,2025-05-25,2030-05-25,SME,Madhesh,education,agriculture,30,M,married,bachelor,29362,724,565974,15.97,60,property,0.0977,0.3438,521591.48,17524.87,90_dpd,114,0,454916.64,0.0,2025-Q2,1,0.0
L000141,B01645,2026-03-10,2029-03-10,home,Sudurpashchim,construction,salaried,35,M,married,master,71022,725,304607,11.56,36,property,0.095,0.3783,288208.24,10358.61,current,0,0,151490.35,0.0,2026-Q1,0,0.0
L000142,B00588,2022-11-08,2025-11-08,home,Sudurpashchim,wholesale,self-employed,43,F,married,secondary,112507,592,676369,11.69,36,property,0.4,0.2829,707697.24,80092.46,current,0,0,358971.19,0.0,2022-Q4,0,0.0
L000143,B01386,2022-05-12,2025-05-12,home,Madhesh,manufacturing,salaried,23,M,single,master,48468,654,660376,12.88,36,cash_deposit,0.4,0.3943,648114.5,102208.6,30_dpd,51,0,545221.73,0.0,2022-Q2,0,0.0
L000144,B00887,2024-12-19,2026-06-19,personal,Karnali,agriculture,self-employed,28,M,married,secondary,102797,684,61340,16.63,18,guarantee,0.2946,0.4862,64471.36,9234.41,defaulted,104,1,33801.49,1041.1,2024-Q4,1,8193.31
L000145,B00448,2024-08-19,2027-08-19,personal,Karnali,agriculture,agriculture,50,M,married,bachelor,55814,719,139532,12.61,36,none,0.1422,0.8036,133602.48,15270.84,current,0,0,88998.26,0.0,2024-Q3,0,0.0
L000146,B01157,2024-05-06,2025-11-06,auto,Lumbini,wholesale,self-employed,47,M,single,primary,75676,644,263581,12.9,18,guarantee,0.4,0.3387,266597.04,36115.61,90_dpd,97,0,188857.72,0.0,2024-Q2,1,0.0
L000147,B01013,2022-10-02,2024-10-02,SME,Gandaki,education,self-employed,29,F,single,secondary,122032,768,553232,9.65,24,guarantee,0.0232,0.4691,519172.08,5650.75,current,0,0,103055.14,0.0,2022-Q4,0,0.0
L000148,B00197,2023-04-26,2024-04-26,micro,Bagmati,education,salaried,53,F,married,bachelor,32400,702,25000,20.17,12,guarantee,0.2046,0.3432,24179.97,1697.66,current,0,0,16201.11,0.0,2023-Q2,0,0.0
L000149,B00767,2023-05-21,2026-05-21,personal,Madhesh,services,informal,30,M,divorced,primary,61520,798,73684,15.23,36,guarantee,0.0344,0.5749,73280.39,1447.81,60_dpd,80,0,34179.68,0.0,2023-Q2,0,0.0
L000150,B01090,2026-04-08,2030-04-08,auto,Lumbini,agriculture,self-employed,31,M,single,secondary,118806,678,245077,14.46,48,vehicle,0.3,0.3922,230761.89,27156.26,30_dpd,42,0,209761.91,0.0,2026-Q2,0,0.0
L000151,B01574,2021-11-20,2022-11-20,personal,Bagmati,agriculture,informal,59,M,married,phd,36799,575,153963,22.73,12,none,0.4,0.7519,150530.51,45272.62,30_dpd,37,0,133729.59,0.0,2021-Q4,0,0.0
L000152,B00471,2025-06-06,2028-06-06,micro,Lumbini,manufacturing,informal,52,M,widowed,bachelor,58349,696,84795,15.78,36,none,0.2918,0.7755,91479.58,20698.23,current,0,0,81503.14,0.0,2025-Q2,0,0.0
L000153,B00444,2023-03-13,2028-03-13,auto,Madhesh,manufacturing,salaried,24,F,married,bachelor,76412,648,142203,14.27,60,vehicle,0.4,0.5245,143017.52,30004.67,30_dpd,30,0,135796.29,0.0,2023-Q1,0,0.0
L000154,B00296,2026-05-30,2027-11-30,micro,Sudurpashchim,retail,informal,53,F,married,primary,54236,690,38635,17.7,18,none,0.2618,0.7151,39189.67,7337.1,90_dpd,103,0,31114.67,0.0,2026-Q2,1,0.0
L000155,B01563,2024-12-23,2027-12-23,micro,Bagmati,construction,salaried,28,O,married,secondary,59613,653,36337,15.22,36,none,0.4,0.7692,39115.43,12034.32,90_dpd,94,0,19340.51,0.0,2024-Q4,1,0.0
L000156,B01766,2024-09-28,2028-09-28,personal,Gandaki,services,agriculture,56,M,married,bachelor,39693,705,62894,17.72,48,none,0.192,0.6938,59136.11,7878.47,60_dpd,64,0,45923.19,0.0,2024-Q3,0,0.0
L000157,B00305,2023-08-06,2024-08-06,SME,Bagmati,construction,agriculture,55,F,married,bachelor,65592,679,385585,15.76,12,vehicle,0.3539,0.3909,386572.42,53487.25,60_dpd,75,0,345407.79,0.0,2023-Q3,0,0.0
L000158,B01046,2023-10-01,2025-10-01,SME,Madhesh,manufacturing,self-employed,40,M,single,bachelor,27608,649,219309,14.51,24,guarantee,0.4,0.3732,229305.28,34228.61,current,0,0,64522.87,0.0,2023-Q4,0,0.0
L000159,B00506,2021-01-14,2022-07-14,home,Lumbini,agriculture,business_owner,50,F,married,secondary,54033,640,422431,12.39,18,property,0.4,0.1966,452335.83,35572.4,closed,0,0,0.0,0.0,2021-Q1,0,0.0
L000160,B01215,2024-05-26,2025-11-26,SME,Karnali,wholesale,salaried,56,F,married,bachelor,94160,724,408658,13.01,18,vehicle,0.0977,0.4356,427470.7,18195.52,30_dpd,36,0,345560.08,0.0,2024-Q2,0,0.0
L000161,B00070,2024-01-14,2025-07-14,SME,Sudurpashchim,services,informal,49,F,married,primary,64934,645,940626,15.08,18,vehicle,0.4,0.3087,942472.45,116394.16,current,0,0,882963.08,0.0,2024-Q1,0,0.0
L000162,B01060,2022-04-11,2023-10-11,SME,Madhesh,services,informal,53,F,widowed,secondary,49371,661,398649,13.08,18,vehicle,0.4,0.5187,407354.93,84515.81,current,0,0,188486.43,0.0,2022-Q2,0,0.0
L000163,B00629,2024-08-17,2025-08-17,SME,Gandaki,services,self-employed,59,M,single,master,86754,658,651441,11.48,12,property,0.4,0.392,640995.82,100515.28,60_dpd,66,0,566414.49,0.0,2024-Q3,0,0.0
L000164,B01185,2023-05-28,2026-05-28,home,Bagmati,services,informal,56,M,divorced,master,45581,661,1166942,14.58,36,property,0.4,0.1481,1089694.76,64552.17,current,0,0,513076.57,0.0,2023-Q2,0,0.0
L000165,B00586,2026-01-06,2030-01-06,SME,Lumbini,construction,self-employed,52,M,married,bachelor,64800,736,472724,14.3,48,guarantee,0.0689,0.3593,441979.22,10943.39,30_dpd,56,0,224975.01,0.0,2026-Q1,0,0.0
L000166,B01354,2026-06-18,2031-06-18,auto,Madhesh,construction,agriculture,34,F,widowed,secondary,66654,769,297968,15.31,60,vehicle,0.0223,0.434,295943.58,2863.39,current,0,0,213383.08,0.0,2026-Q2,0,0.0
L000167,B01034,2023-07-06,2024-07-06,home,Sudurpashchim,wholesale,business_owner,31,F,married,phd,180930,727,2715207,12.65,12,cash_deposit,0.0898,0.3461,2654156.8,82454.28,current,0,0,754112.39,0.0,2023-Q3,0,0.0
L000168,B00867,2022-03-08,2026-03-08,personal,Lumbini,health,business_owner,37,F,married,bachelor,106672,700,58946,13.0,48,none,0.2133,0.7871,62990.08,10576.61,current,0,0,20889.52,0.0,2022-Q1,0,0.0
L000169,B01512,2026-01-03,2028-01-03,SME,Madhesh,wholesale,business_owner,64,M,married,bachelor,159739,716,515744,15.01,24,property,0.1217,0.2809,546173.51,18674.26,30_dpd,38,0,78621.48,0.0,2026-Q1,0,0.0
L000170,B00331,2024-03-28,2027-03-28,auto,Madhesh,health,salaried,68,M,single,secondary,48580,726,242311,16.24,36,vehicle,0.1523,0.4075,255937.45,15888.79,30_dpd,41,0,202333.75,0.0,2024-Q1,0,0.0
L000171,B01304,2023-05-24,2028-05-24,home,Koshi,retail,salaried,36,F,married,bachelor,77379,697,1480425,10.14,60,cash_deposit,0.257,0.3177,1401713.13,114468.18,30_dpd,44,0,335971.16,0.0,2023-Q2,0,0.0
L000172,B01611,2025-04-14,2029-04-14,auto,Gandaki,agriculture,salaried,38,F,married,secondary,64588,687,211000,15.0,48,guarantee,0.2479,0.3585,209749.99,18635.46,30_dpd,33,0,118981.91,0.0,2025-Q2,0,0.0
L000173,B00111,2025-06-09,2026-06-09,auto,Karnali,services,business_owner,55,M,married,primary,147277,727,498393,13.78,12,vehicle,0.0898,0.3984,517349.54,18497.09,current,0,0,178219.77,0.0,2025-Q2,0,0.0
L000174,B00836,2021-04-07,2026-04-07,personal,Lumbini,health,self-employed,68,M,single,secondary,142321,657,99127,12.56,60,none,0.4,0.7105,92849.59,26386.49,current,0,0,9445.04,0.0,2021-Q2,0,0.0
L000175,B00586,2021-09-30,2026-09-30,personal,Lumbini,construction,self-employed,52,M,married,bachelor,64800,772,273971,15.78,60,none,0.0497,0.6124,266038.0,8100.72,current,0,0,116153.44,0.0,2021-Q3,0,0.0
L000176,B00065,2025-11-16,2030-11-16,home,Madhesh,retail,salaried,24,F,single,primary,59851,710,1157592,10.99,60,property,0.1426,0.1881,1074356.52,28818.51,90_dpd,115,0,241660.4,0.0,2025-Q4,1,0.0
L000177,B00369,2024-06-15,2027-06-15,personal,Gandaki,agriculture,business_owner,66,F,married,bachelor,134586,652,201196,17.18,36,none,0.4,0.7937,198629.97,63057.62,current,0,0,189196.04,0.0,2024-Q2,0,0.0
L000178,B00578,2023-11-27,2029-11-27,micro,Gandaki,retail,salaried,55,M,single,phd,73295,683,65667,18.6,72,none,0.3003,0.7174,63803.23,13747.08,closed,0,0,0.0,0.0,2023-Q4,0,0.0
L000179,B01326,2024-08-11,2027-08-11,personal,Gandaki,retail,informal,30,M,married,master,66238,646,31538,16.04,36,guarantee,0.4,0.4594,29800.9,5475.96,current,0,0,15972.77,0.0,2024-Q3,0,0.0
L000180,B00546,2023-03-21,2024-09-21,personal,Karnali,retail,self-employed,49,M,single,bachelor,113021,661,67456,16.74,18,none,0.4,0.624,71483.76,17842.64,30_dpd,47,0,65170.03,0.0,2023-Q1,0,0.0
L000181,B01337,2025-07-18,2026-07-18,personal,Sudurpashchim,construction,informal,28,M,single,phd,53161,702,122483,19.31,12,cash_deposit,0.2046,0.2173,131613.08,5849.61,current,0,0,119962.81,0.0,2025-Q3,0,0.0
L000182,B01798,2023-06-01,2026-06-01,home,Gandaki,retail,self-employed,60,M,married,primary,119787,698,1664251,13.31,36,property,0.1924,0.2602,1552284.77,77714.59,current,0,0,1230484.3,0.0,2023-Q2,0,0.0
L000183,B01585,2023-04-06,2024-04-06,home,Lumbini,services,self-employed,63,F,divorced,master,100660,636,530797,9.4,12,property,0.4,0.1982,570608.14,45238.69,30_dpd,47,0,506785.14,0.0,2023-Q2,0,0.0
L000184,B01596,2024-12-16,2027-12-16,SME,Karnali,services,salaried,45,F,married,master,54985,684,541958,9.76,36,guarantee,0.2646,0.3622,546127.92,52332.21,current,0,0,328527.45,0.0,2024-Q4,0,0.0
L000185,B01332,2024-02-02,2026-02-02,personal,Gandaki,wholesale,informal,48,M,single,secondary,59662,588,43862,19.87,24,none,0.4,0.7473,41691.14,12462.9,90_dpd,117,0,36283.31,0.0,2024-Q1,1,0.0
L000186,B01400,2025-03-25,2027-03-25,personal,Bagmati,construction,informal,44,M,married,master,42216,708,164562,17.91,24,cash_deposit,0.1801,0.2764,165701.24,8251.49,30_dpd,56,0,82172.19,0.0,2025-Q1,0,0.0
L000187,B01528,2024-01-21,2028-01-21,home,Karnali,construction,informal,39,F,married,secondary,47651,671,636981,12.47,48,property,0.3443,0.2041,645087.41,45345.17,current,0,0,390037.93,0.0,2024-Q1,0,0.0
L000188,B00065,2023-04-05,2024-04-05,auto,Madhesh,retail,salaried,24,F,single,primary,59851,690,272179,10.04,12,vehicle,0.2318,0.4244,278975.68,27443.02,30_dpd,42,0,84814.52,0.0,2023-Q2,0,0.0
L000189,B00311,2021-02-05,2024-02-05,micro,Sudurpashchim,retail,informal,38,M,married,secondary,65530,616,27253,15.93,36,none,0.4,0.7144,28744.28,8214.19,current,0,0,15381.46,0.0,2021-Q1,0,0.0
L000190,B01111,2025-12-23,2028-12-23,auto,Bagmati,education,salaried,34,M,single,bachelor,58283,661,293012,12.71,36,guarantee,0.4,0.4263,312544.1,53293.96,closed,0,0,0.0,0.0,2025-Q4,0,0.0
L000191,B00331,2025-06-21,2031-06-21,personal,Madhesh,health,salaried,68,M,single,secondary,48580,715,63580,19.65,72,guarantee,0.215,0.3911,65148.44,5479.49,current,0,0,37914.01,0.0,2025-Q2,0,0.0
L000192,B00620,2022-04-19,2023-10-19,SME,Koshi,construction,salaried,36,F,married,bachelor,102283,646,869805,7.5,18,vehicle,0.4,0.5433,832338.52,180873.39,30_dpd,30,0,773587.34,0.0,2022-Q2,0,0.0
L000193,B01719,2024-10-25,2025-10-25,auto,Madhesh,wholesale,salaried,45,F,married,secondary,66529,814,405818,12.43,12,cash_deposit,0.0591,0.3448,428804.53,8743.09,closed,0,0,0.0,0.0,2024-Q4,0,0.0
L000194,B00986,2024-10-22,2027-10-22,home,Karnali,agriculture,agriculture,67,F,single,secondary,68714,590,405123,11.15,36,guarantee,0.4,0.4629,393344.3,72832.89,60_dpd,89,0,358019.96,0.0,2024-Q4,0,0.0
L000195,B00953,2025-03-11,2026-03-11,home,Karnali,health,self-employed,63,F,married,secondary,90684,625,2238545,9.65,12,property,0.4,0.2668,2292750.0,244723.5,closed,0,0,0.0,0.0,2025-Q1,0,0.0
L000196,B01347,2025-07-31,2027-07-31,SME,Madhesh,wholesale,business_owner,48,F,married,primary,149004,708,378926,13.46,24,guarantee,0.1501,0.5105,354763.04,27190.49,current,0,0,182001.61,0.0,2025-Q3,0,0.0
L000197,B00340,2022-07-25,2028-07-25,personal,Karnali,retail,salaried,28,M,single,bachelor,43797,653,54968,18.63,72,guarantee,0.4,0.4695,57350.5,10770.01,90_dpd,117,0,53309.23,0.0,2022-Q3,1,0.0
L000198,B00754,2023-08-17,2025-02-17,personal,Madhesh,wholesale,business_owner,33,M,single,primary,124651,641,96731,15.44,18,none,0.4,0.7551,96007.18,28999.26,30_dpd,43,0,91218.57,0.0,2023-Q3,0,0.0
L000199,B01728,2026-03-16,2031-03-16,auto,Lumbini,retail,salaried,68,F,single,primary,84038,635,210732,12.49,60,vehicle,0.4,0.56,225181.19,50443.99,current,0,0,79028.0,0.0,2026-Q1,0,0.0
L000200,B00464,2025-06-24,2026-12-24,auto,Koshi,manufacturing,self-employed,43,M,married,bachelor,75838,571,486519,15.02,18,vehicle,0.4,0.401,451636.04,72439.25,current,0,0,205179.7,0.0,2025-Q2,0,0.0
L000201,B00819,2023-06-02,2028-06-02,micro,Gandaki,services,agriculture,52,F,married,primary,53653,643,102404,17.73,60,cash_deposit,0.4,0.3515,95312.33,13400.19,current,0,0,93108.08,0.0,2023-Q2,0,0.0
L000202,B01035,2026-03-05,2029-03-05,SME,Bagmati,education,salaried,28,M,married,bachelor,45017,652,501842,15.57,36,cash_deposit,0.4,0.4006,488312.79,78248.51,closed,0,0,0.0,0.0,2026-Q1,0,0.0
L000203,B00005,2021-05-05,2024-05-05,SME,Gandaki,services,salaried,28,F,married,secondary,108619,622,1800000,12.49,36,vehicle,0.4,0.3525,1656599.48,233596.51,closed,0,0,0.0,0.0,2021-Q2,0,0.0
L000204,B01404,2023-11-28,2024-11-28,personal,Gandaki,services,business_owner,66,F,married,secondary,88175,699,169465,12.92,12,cash_deposit,0.2178,0.3143,161187.07,11036.25,closed,0,0,0.0,0.0,2023-Q4,0,0.0
L000205,B00146,2024-11-23,2030-11-23,auto,Karnali,agriculture,salaried,29,M,single,secondary,90482,678,256804,15.06,72,guarantee,0.3,0.4081,248667.64,30446.35,current,0,0,61754.05,0.0,2024-Q4,0,0.0
L000206,B00036,2021-12-02,2023-06-02,personal,Bagmati,services,salaried,67,O,single,master,96051,702,56258,14.57,18,none,0.2046,0.6611,55078.19,7449.25,90_dpd,100,0,22492.38,0.0,2021-Q4,1,0.0
L000207,B00534,2026-06-09,2028-06-09,SME,Bagmati,manufacturing,salaried,53,M,married,secondary,68443,645,234661,12.17,24,guarantee,0.4,0.4395,233116.06,40979.4,30_dpd,56,0,215149.15,0.0,2026-Q2,0,0.0
L000208,B00246,2023-01-12,2028-01-12,personal,Lumbini,manufacturing,business_owner,26,F,married,master,145436,662,99647,14.38,60,guarantee,0.4,0.3689,100731.68,14862.84,30_dpd,36,0,91357.68,0.0,2023-Q1,0,0.0
L000209,B00966,2021-12-23,2023-12-23,auto,Lumbini,services,salaried,59,F,married,secondary,99081,713,218439,11.22,24,vehicle,0.1319,0.5474,211315.92,15252.1,current,0,0,62756.26,0.0,2021-Q4,0,0.0
L000210,B01146,2024-04-07,2026-04-07,personal,Karnali,manufacturing,informal,67,M,married,bachelor,43701,651,129006,15.13,24,none,0.4,0.7196,131586.39,37873.63,60_dpd,82,0,35058.9,0.0,2024-Q2,0,0.0
L000211,B01578,2022-07-29,2023-07-29,personal,Madhesh,construction,agriculture,44,F,single,bachelor,53234,733,143507,15.83,12,none,0.1654,0.5729,150642.43,14273.15,90_dpd,102,0,75681.11,0.0,2022-Q3,1,0.0
L000212,B01707,2022-05-07,2024-05-07,micro,Koshi,education,salaried,23,M,single,bachelor,75822,711,85695,20.28,24,cash_deposit,0.169,0.2479,86232.35,3611.05,current,0,0,44416.75,0.0,2022-Q2,0,0.0
L000213,B00335,2023-07-17,2024-07-17,home,Sudurpashchim,construction,agriculture,66,F,married,master,26185,781,1542981,11.92,12,guarantee,0.0731,0.4503,1450577.56,47777.93,30_dpd,54,0,300421.65,0.0,2023-Q3,0,0.0
L000214,B01009,2023-01-03,2025-01-03,home,Gandaki,construction,salaried,31,M,single,bachelor,106360,570,1163385,13.52,24,guarantee,0.4,0.5336,1072341.75,228868.73,90_dpd,112,0,871680.73,0.0,2023-Q1,1,0.0
L000215,B00600,2022-07-02,2027-07-02,home,Gandaki,services,business_owner,69,F,widowed,master,64606,709,1319289,11.23,60,cash_deposit,0.1463,0.2305,1405820.52,47430.26,90_dpd,115,0,967286.68,0.0,2022-Q3,1,0.0
L000216,B00877,2024-12-04,2026-12-04,home,Sudurpashchim,construction,self-employed,63,M,married,bachelor,112210,635,542254,13.18,24,property,0.4,0.3729,512353.67,76427.8,30_dpd,43,0,502162.98,0.0,2024-Q4,0,0.0
L000217,B00016,2022-09-29,2024-03-29,micro,Madhesh,health,agriculture,23,F,married,secondary,41150,588,70515,19.73,18,guarantee,0.4,0.43,69326.71,11923.85,60_dpd,79,0,19371.84,0.0,2022-Q3,0,0.0
L000218,B00728,2022-07-03,2027-07-03,home,Sudurpashchim,education,self-employed,31,M,married,primary,88048,553,862687,9.46,60,property,0.4,0.2736,891895.84,97591.78,30_dpd,58,0,205976.41,0.0,2022-Q3,0,0.0
L000219,B01223,2021-08-11,2022-08-11,micro,Bagmati,services,informal,48,M,single,bachelor,32029,622,67040,21.17,12,cash_deposit,0.4,0.3117,72312.87,9015.42,current,0,0,17012.72,0.0,2021-Q3,0,0.0
L000220,B01395,2022-05-01,2023-05-01,personal,Sudurpashchim,wholesale,self-employed,54,F,single,primary,69918,697,49515,17.08,12,none,0.227,0.7715,50043.0,8765.95,current,0,0,8338.57,0.0,2022-Q2,0,0.0
L000221,B01791,2021-05-07,2022-05-07,auto,Bagmati,education,self-employed,52,F,married,secondary,90124,607,317989,15.31,12,vehicle,0.4,0.5099,299042.55,60997.66,60_dpd,80,0,139607.23,0.0,2021-Q2,0,0.0
L000222,B01624,2021-02-17,2023-02-17,SME,Madhesh,wholesale,salaried,30,F,single,secondary,62712,682,1800000,13.36,24,guarantee,0.2761,0.405,1749390.38,195622.08,30_dpd,46,0,1098780.47,0.0,2021-Q1,0,0.0
L000223,B01760,2023-11-17,2025-11-17,SME,Koshi,wholesale,self-employed,61,M,divorced,primary,77759,609,610288,18.11,24,guarantee,0.4,0.223,617247.59,55064.39,defaulted,144,1,192576.31,24654.95,2023-Q4,1,30409.44
L000224,B01295,2025-10-17,2030-10-17,personal,Karnali,retail,salaried,43,M,married,primary,62962,644,66041,15.42,60,none,0.4,0.6616,61411.35,16252.77,current,0,0,44477.03,0.0,2025-Q4,0,0.0
L000225,B00699,2021-03-27,2025-03-27,home,Sudurpashchim,construction,business_owner,45,M,married,primary,158075,667,612711,7.5,48,property,0.3709,0.3341,645645.0,80012.24,60_dpd,79,0,541590.45,0.0,2021-Q1,0,0.0
L000226,B01777,2023-10-08,2026-10-08,home,Karnali,retail,agriculture,52,F,married,secondary,16028,627,907019,8.82,36,property,0.4,0.1764,938937.31,66236.2,current,0,0,788410.84,0.0,2023-Q4,0,0.0
L000227,B00185,2024-07-08,2028-07-08,auto,Koshi,wholesale,informal,53,M,married,secondary,62478,624,520894,7.62,48,vehicle,0.4,0.4739,511170.27,96898.48,current,0,0,292457.78,0.0,2024-Q3,0,0.0
L000228,B01636,2024-05-31,2027-05-31,home,Gandaki,retail,salaried,50,F,married,master,48718,683,570857,12.8,36,guarantee,0.2703,0.3488,587770.68,55419.09,90_dpd,98,0,262671.79,0.0,2024-Q2,1,0.0
L000229,B01597,2022-11-10,2026-11-10,personal,Karnali,education,agriculture,33,M,married,bachelor,21918,724,131921,18.48,48,guarantee,0.1277,0.4447,122786.23,6973.88,current,0,0,17409.9,0.0,2022-Q4,0,0.0
L000230,B01019,2021-10-12,2023-10-12,auto,Koshi,services,business_owner,44,F,married,phd,56533,665,416182,10.68,24,vehicle,0.3845,0.399,447598.66,68656.25,current,0,0,70008.3,0.0,2021-Q4,0,0.0
L000231,B00606,2022-07-22,2024-07-22,personal,Madhesh,retail,self-employed,39,F,married,secondary,73229,647,115155,16.93,24,none,0.4,0.7388,114579.75,33862.74,closed,0,0,0.0,0.0,2022-Q3,0,0.0
L000232,B01255,2025-12-28,2029-12-28,personal,Sudurpashchim,retail,self-employed,58,M,married,bachelor,110245,696,97149,14.34,48,none,0.2318,0.7599,101921.17,17950.66,current,0,0,62227.23,0.0,2025-Q4,0,0.0
L000233,B00921,2023-01-13,2024-01-13,SME,Gandaki,wholesale,agriculture,46,M,married,bachelor,54826,704,377779,13.65,12,property,0.1661,0.2542,395462.0,16697.51,current,0,0,297433.91,0.0,2023-Q1,0,0.0
L000234,B01114,2022-01-19,2024-01-19,home,Koshi,education,salaried,45,M,married,master,59559,705,1076291,8.71,24,property,0.222,0.2026,1043125.21,46921.93,current,0,0,785265.22,0.0,2022-Q1,0,0.0
L000235,B01798,2023-05-05,2026-05-05,home,Gandaki,retail,self-employed,60,M,married,primary,119787,734,431778,13.88,36,property,0.0732,0.1703,442620.58,5515.5,30_dpd,44,0,319581.65,0.0,2023-Q2,0,0.0
L000236,B00535,2023-03-30,2024-03-30,SME,Madhesh,services,informal,53,F,married,master,43947,756,546628,13.14,12,property,0.0362,0.4671,553191.66,9340.46,60_dpd,72,0,304961.75,0.0,2023-Q1,0,0.0
L000237,B00782,2023-10-01,2025-10-01,personal,Karnali,agriculture,agriculture,42,F,single,bachelor,36238,649,60162,14.78,24,cash_deposit,0.4,0.3206,62201.71,7975.85,60_dpd,76,0,19659.23,0.0,2023-Q4,0,0.0
L000238,B00879,2024-11-23,2027-11-23,SME,Lumbini,manufacturing,salaried,68,M,married,secondary,103378,655,300577,12.29,36,property,0.4,0.2451,278727.49,27328.38,90_dpd,96,0,172353.49,0.0,2024-Q4,1,0.0
L000239,B00951,2021-08-09,2023-08-09,SME,Bagmati,construction,salaried,43,O,widowed,secondary,48969,595,349349,11.9,24,guarantee,0.4,0.429,323589.15,55523.99,current,0,0,253464.82,0.0,2021-Q3,0,0.0
L000240,B01753,2026-03-02,2027-09-02,home,Sudurpashchim,agriculture,salaried,44,F,divorced,primary,50692,657,291343,9.31,18,property,0.4,0.2025,302257.75,24484.05,90_dpd,111,0,198941.32,0.0,2026-Q1,1,0.0
L000241,B00829,2021-08-17,2025-08-17,personal,Sudurpashchim,construction,self-employed,32,F,married,secondary,133502,732,38619,11.35,48,guarantee,0.1076,0.2246,37330.99,902.61,90_dpd,115,0,21664.31,0.0,2021-Q3,1,0.0
L000242,B00332,2024-01-03,2029-01-03,auto,Lumbini,education,salaried,32,M,married,primary,90685,593,94614,11.44,60,vehicle,0.4,0.4426,87247.21,15447.74,current,0,0,11862.1,0.0,2024-Q1,0,0.0
L000243,B00648,2025-12-08,2027-12-08,home,Lumbini,wholesale,salaried,58,M,single,secondary,64364,684,489686,10.06,24,property,0.3246,0.2005,468634.97,30502.33,30_dpd,31,0,323167.83,0.0,2025-Q4,0,0.0
L000244,B01766,2023-12-20,2028-12-20,personal,Gandaki,services,agriculture,56,M,married,bachelor,39693,618,87598,16.75,60,cash_deposit,0.4,0.2625,81673.84,8574.88,current,0,0,68323.93,0.0,2023-Q4,0,0.0
L000245,B01119,2022-08-22,2026-08-22,personal,Karnali,retail,salaried,60,M,married,bachelor,60010,751,49729,14.44,48,guarantee,0.0729,0.4056,47371.72,1399.88,current,0,0,18479.86,0.0,2022-Q3,0,0.0
L000246,B00375,2026-04-10,2028-04-10,SME,Koshi,retail,informal,43,M,married,bachelor,34892,674,839436,14.1,24,property,0.385,0.2029,778958.77,60833.57,30_dpd,55,0,748446.99,0.0,2026-Q2,0,0.0
L000247,B00443,2023-02-13,2029-02-13,SME,Bagmati,services,salaried,59,O,married,secondary,82194,609,211479,11.87,72,cash_deposit,0.4,0.3405,207616.91,28275.25,current,0,0,116473.24,0.0,2023-Q1,0,0.0
L000248,B01361,2026-01-11,2028-01-11,auto,Bagmati,services,salaried,41,F,married,primary,74919,594,481756,14.21,24,vehicle,0.4,0.4023,465976.1,74976.4,90_dpd,108,0,337263.71,0.0,2026-Q1,1,0.0
L000249,B01329,2024-03-22,2025-03-22,personal,Gandaki,construction,salaried,54,F,married,secondary,34756,725,155162,16.55,12,none,0.125,0.597,160561.07,11981.86,30_dpd,40,0,88724.11,0.0,2024-Q1,0,0.0
L000250,B01198,2026-02-25,2028-02-25,micro,Madhesh,services,business_owner,43,F,widowed,secondary,121257,703,63197,20.59,24,guarantee,0.2003,0.3467,58806.86,4083.46,30_dpd,48,0,7746.04,0.0,2026-Q1,0,0.0
L000251,B00579,2026-06-08,2027-06-08,auto,Karnali,agriculture,informal,69,M,married,secondary,32394,664,323293,12.09,12,vehicle,0.3913,0.495,321227.65,62219.18,current,0,0,162661.78,0.0,2026-Q2,0,0.0
L000252,B00183,2024-09-06,2029-09-06,SME,Madhesh,services,agriculture,45,F,divorced,secondary,76839,670,1317096,17.56,60,cash_deposit,0.3509,0.3888,1284582.84,175268.98,current,0,0,921105.21,0.0,2024-Q3,0,0.0
L000253,B00567,2022-08-25,2027-08-25,auto,Bagmati,manufacturing,informal,65,F,single,master,57848,618,578701,14.59,60,vehicle,0.4,0.4472,560008.08,100181.83,current,0,0,162273.16,0.0,2022-Q3,0,0.0
L000254,B00019,2026-02-18,2031-02-18,home,Sudurpashchim,agriculture,salaried,44,M,married,primary,122651,704,959674,14.77,60,property,0.1661,0.2683,957042.2,42662.71,defaulted,126,1,396948.21,19015.06,2026-Q1,1,23647.649999999998
L000255,B01032,2021-05-31,2022-05-31,micro,Karnali,retail,business_owner,22,F,single,primary,135078,673,25682,17.55,12,none,0.3614,0.738,27446.25,7319.49,current,0,0,23797.43,0.0,2021-Q2,0,0.0
L000256,B00558,2022-10-13,2024-10-13,personal,Madhesh,services,self-employed,49,F,married,secondary,111987,696,39742,17.08,24,none,0.2318,0.756,38674.72,6776.2,30_dpd,47,0,31746.85,0.0,2022-Q4,0,0.0
L000257,B00160,2024-01-24,2030-01-24,auto,Bagmati,wholesale,salaried,59,O,married,secondary,51764,686,285387,12.16,72,vehicle,0.2534,0.4661,306954.97,36249.8,30_dpd,56,0,152602.19,0.0,2024-Q1,0,0.0
L000258,B00921,2024-05-25,2027-05-25,SME,Gandaki,wholesale,agriculture,46,M,married,bachelor,54826,615,832515,14.41,36,guarantee,0.4,0.4386,851106.57,149329.34,current,0,0,147494.03,0.0,2024-Q2,0,0.0
L000259,B00458,2023-01-31,2028-01-31,auto,Koshi,services,salaried,37,M,widowed,secondary,40899,682,335058,13.63,60,vehicle,0.2761,0.3861,351555.2,37480.54,current,0,0,85757.13,0.0,2023-Q1,0,0.0
L000260,B01282,2025-11-05,2026-11-05,home,Koshi,retail,self-employed,40,M,married,bachelor,86844,594,761594,15.26,12,property,0.4,0.2139,709642.45,60705.19,30_dpd,32,0,467670.4,0.0,2025-Q4,0,0.0
L000261,B00461,2023-05-03,2024-11-03,personal,Gandaki,construction,self-employed,46,F,married,bachelor,102624,691,99347,18.1,18,cash_deposit,0.2566,0.2848,106197.41,7761.34,60_dpd,72,0,87506.27,0.0,2023-Q2,0,0.0
L000262,B01602,2023-10-12,2026-10-12,auto,Madhesh,education,salaried,62,M,married,primary,76163,675,364400,10.9,36,guarantee,0.3187,0.3302,345017.59,36300.67,current,0,0,156034.76,0.0,2023-Q4,0,0.0
L000263,B00661,2025-07-28,2027-07-28,micro,Madhesh,wholesale,salaried,58,F,single,bachelor,62491,654,90194,24.0,24,guarantee,0.4,0.4139,88903.62,14719.12,current,0,0,35844.38,0.0,2025-Q3,0,0.0
L000264,B00531,2021-08-29,2025-08-29,auto,Gandaki,services,salaried,32,M,divorced,secondary,63275,727,369412,13.19,48,vehicle,0.0898,0.5375,344862.35,16635.59,closed,0,0,0.0,0.0,2021-Q3,0,0.0
L000265,B01554,2025-10-28,2026-10-28,personal,Lumbini,services,informal,46,M,divorced,secondary,52136,732,75373,15.82,12,guarantee,0.1076,0.5207,74201.7,4158.78,90_dpd,119,0,10785.81,0.0,2025-Q4,1,0.0
L000266,B01163,2021-01-22,2022-07-22,home,Karnali,services,informal,25,M,married,bachelor,55434,706,905974,12.94,18,guarantee,0.158,0.4164,911620.1,59974.23,current,0,0,829327.34,0.0,2021-Q1,0,0.0
L000267,B00555,2025-08-05,2027-08-05,personal,Sudurpashchim,health,salaried,37,F,widowed,secondary,78826,646,34167,14.0,24,cash_deposit,0.4,0.174,35793.48,2491.39,current,0,0,23523.59,0.0,2025-Q3,0,0.0
L000268,B01434,2024-05-24,2025-05-24,home,Sudurpashchim,education,salaried,61,M,single,secondary,55596,537,387887,13.83,12,property,0.4,0.2659,362740.48,38578.83,30_dpd,42,0,36630.4,0.0,2024-Q2,0,0.0
L000269,B00669,2024-01-20,2026-01-20,home,Gandaki,manufacturing,salaried,27,M,married,secondary,42122,681,353861,12.8,24,guarantee,0.342,0.3219,359997.66,39633.22,defaulted,145,1,149332.81,8047.03,2024-Q1,1,31586.190000000002
L000270,B00987,2023-06-25,2029-06-25,home,Sudurpashchim,services,business_owner,28,F,married,master,90515,723,876505,13.11,72,cash_deposit,0.1005,0.3999,820619.16,32980.9,current,0,0,117650.31,0.0,2023-Q2,0,0.0
L000271,B00315,2024-09-28,2028-09-28,micro,Koshi,wholesale,salaried,55,M,divorced,bachelor,79288,754,29288,15.59,48,none,0.1287,0.8043,29812.07,3086.66,30_dpd,50,0,29250.07,0.0,2024-Q3,0,0.0
L000272,B01612,2026-06-12,2029-06-12,personal,Madhesh,services,salaried,52,M,widowed,bachelor,70322,733,62191,18.03,36,guarantee,0.1054,0.3731,61750.38,2427.95,closed,0,0,0.0,0.0,2026-Q2,0,0.0
L000273,B00201,2022-07-12,2024-07-12,personal,Koshi,health,self-employed,35,M,single,secondary,90961,669,39955,15.11,24,none,0.4,0.6154,42311.0,10415.51,60_dpd,83,0,24570.03,0.0,2022-Q3,0,0.0
L000274,B01601,2023-07-29,2027-07-29,SME,Bagmati,retail,business_owner,65,M,married,secondary,72379,677,860573,16.17,48,property,0.3062,0.3521,818741.27,88262.84,60_dpd,66,0,701141.03,0.0,2023-Q3,0,0.0
L000275,B00761,2022-03-10,2025-03-10,auto,Lumbini,services,salaried,26,F,single,secondary,38977,810,230639,15.6,36,cash_deposit,0.005,0.3144,224211.91,352.44,current,0,0,109261.73,0.0,2022-Q1,0,0.0
L000276,B00849,2026-01-24,2029-01-24,SME,Madhesh,health,salaried,70,F,married,master,87420,727,923648,15.57,36,guarantee,0.1498,0.508,865088.74,65806.73,current,0,0,90937.61,0.0,2026-Q1,0,0.0
L000277,B01603,2026-06-23,2029-06-23,personal,Bagmati,retail,salaried,64,M,married,bachelor,52640,739,51096,11.92,36,cash_deposit,0.0929,0.3257,53570.19,1621.09,30_dpd,30,0,41922.38,0.0,2026-Q2,0,0.0
L000278,B00670,2021-09-16,2023-03-16,auto,Koshi,retail,self-employed,45,F,married,master,70390,743,270473,13.09,18,guarantee,0.0556,0.37,254561.27,5231.45,current,0,0,67867.12,0.0,2021-Q3,0,0.0
L000279,B00368,2021-12-03,2023-06-03,personal,Sudurpashchim,agriculture,agriculture,69,M,married,secondary,51846,605,52719,20.69,18,none,0.4,0.7383,49313.3,14562.47,current,0,0,31121.51,0.0,2021-Q4,0,0.0
L000280,B00580,2024-06-12,2026-06-12,personal,Karnali,services,informal,55,M,married,bachelor,36022,762,295636,15.11,24,guarantee,0.0592,0.3812,305245.68,6884.15,current,0,0,154118.69,0.0,2024-Q2,0,0.0
L000281,B00507,2023-04-08,2024-10-08,SME,Madhesh,wholesale,salaried,57,M,single,phd,80413,630,1178346,9.32,18,property,0.4,0.3938,1085911.99,171060.87,60_dpd,64,0,988678.97,0.0,2023-Q2,0,0.0
L000282,B01372,2023-07-27,2026-07-27,SME,Madhesh,services,salaried,39,M,married,secondary,82974,653,1395995,12.1,36,guarantee,0.4,0.3735,1437816.42,214803.92,current,0,0,1277078.9,0.0,2023-Q3,0,0.0
L000283,B01582,2025-08-14,2030-08-14,SME,Madhesh,manufacturing,salaried,54,M,married,phd,39120,604,447494,13.83,60,property,0.4,0.4272,450554.48,76981.81,90_dpd,104,0,149256.57,0.0,2025-Q3,1,0.0
L000284,B01762,2023-02-13,2024-02-13,auto,Bagmati,services,self-employed,63,M,single,secondary,57205,718,332021,14.49,12,vehicle,0.1153,0.4695,355981.62,19277.6,30_dpd,37,0,82849.77,0.0,2023-Q1,0,0.0
L000285,B00634,2023-09-09,2025-03-09,personal,Madhesh,agriculture,self-employed,51,M,married,secondary,75352,682,94310,16.64,18,guarantee,0.3061,0.4051,96842.25,12008.58,defaulted,115,1,18102.58,1203.94,2023-Q3,1,10804.64
L000286,B00190,2025-11-26,2028-11-26,SME,Bagmati,wholesale,salaried,23,F,married,bachelor,87081,652,1314911,11.24,36,property,0.4,0.1675,1255193.81,84112.91,current,0,0,1206173.29,0.0,2025-Q4,0,0.0
L000287,B01536,2021-12-06,2024-12-06,SME,Karnali,retail,agriculture,26,M,divorced,master,66395,667,621562,13.48,36,cash_deposit,0.3709,0.2504,601017.99,55824.92,60_dpd,65,0,139724.79,0.0,2021-Q4,0,0.0
L000288,B00481,2022-07-17,2027-07-17,micro,Madhesh,education,self-employed,49,M,divorced,master,120325,729,102244,16.17,60,guarantee,0.1747,0.4073,103283.0,7349.98,current,0,0,25606.18,0.0,2022-Q3,0,0.0
L000289,B01594,2025-10-10,2030-10-10,home,Lumbini,education,business_owner,49,M,single,secondary,105750,738,997463,10.07,60,property,0.0649,0.3715,1023851.82,24673.07,closed,0,0,0.0,0.0,2025-Q4,0,0.0
L000290,B01709,2024-04-02,2026-04-02,personal,Sudurpashchim,agriculture,agriculture,49,M,divorced,bachelor,72077,631,114730,14.74,24,none,0.4,0.6725,122351.2,32912.7,closed,0,0,0.0,0.0,2024-Q2,0,0.0
L000291,B00731,2023-01-06,2026-01-06,home,Gandaki,education,salaried,52,F,divorced,secondary,82158,634,689384,13.14,36,cash_deposit,0.4,0.3277,673553.33,88291.08,closed,0,0,0.0,0.0,2023-Q1,0,0.0
L000292,B01624,2021-07-25,2022-07-25,micro,Madhesh,wholesale,salaried,30,F,single,secondary,62712,679,25000,18.21,12,guarantee,0.3239,0.5027,26178.34,4262.93,30_dpd,42,0,4820.24,0.0,2021-Q3,0,0.0
L000293,B00027,2023-01-24,2025-01-24,personal,Koshi,retail,self-employed,42,F,married,secondary,117004,779,82337,14.65,24,none,0.0445,0.6324,88824.14,2497.73,60_dpd,69,0,75622.04,0.0,2023-Q1,0,0.0
L000294,B01059,2025-06-19,2030-06-19,auto,Sudurpashchim,services,salaried,23,F,single,master,83968,744,201246,14.25,60,guarantee,0.0538,0.4209,201069.4,4555.01,current,0,0,123239.16,0.0,2025-Q2,0,0.0
L000295,B01333,2024-05-27,2026-05-27,home,Gandaki,construction,salaried,52,F,married,bachelor,45606,635,275606,10.44,24,property,0.4,0.2564,266501.98,27335.71,current,0,0,83150.13,0.0,2024-Q2,0,0.0
L000296,B01771,2021-06-04,2024-06-04,personal,Sudurpashchim,agriculture,informal,63,F,single,bachelor,45222,636,92367,18.55,36,guarantee,0.4,0.3212,92414.76,11874.75,defaulted,178,1,13976.94,1327.17,2021-Q2,1,10547.58
L000297,B01654,2026-05-09,2031-05-09,home,Koshi,health,salaried,63,M,married,master,62267,761,453651,9.18,60,property,0.0303,0.3035,419981.72,3856.23,30_dpd,54,0,60617.92,0.0,2026-Q2,0,0.0
L000298,B01013,2022-06-11,2025-06-11,personal,Gandaki,education,self-employed,29,F,single,secondary,122032,765,87190,16.39,36,guarantee,0.0561,0.4312,94060.95,2273.76,90_dpd,92,0,24463.71,0.0,2022-Q2,1,0.0
L000299,B00390,2021-08-09,2026-08-09,personal,Bagmati,manufacturing,business_owner,43,M,single,bachelor,116795,781,126851,14.19,60,none,0.0431,0.7899,127315.97,4338.11,30_dpd,55,0,78268.26,0.0,2021-Q3,0,0.0
L000300,B00279,2021-08-05,2023-02-05,micro,Madhesh,manufacturing,informal,69,F,married,secondary,43113,696,79592,19.83,18,none,0.2318,0.8185,85147.83,16152.93,current,0,0,18540.03,0.0,2021-Q3,0,0.0
L000301,B01388,2024-07-13,2026-07-13,SME,Koshi,retail,salaried,32,F,married,secondary,49113,629,1776646,13.64,24,guarantee,0.4,0.5072,1918621.48,389212.93,90_dpd,114,0,831477.9,0.0,2024-Q3,1,0.0
L000302,B01491,2026-02-24,2029-02-24,micro,Koshi,retail,informal,63,F,married,master,42729,643,56466,19.14,36,cash_deposit,0.4,0.191,54507.75,4165.32,current,0,0,39015.45,0.0,2026-Q1,0,0.0
L000303,B00006,2024-11-16,2027-11-16,personal,Koshi,health,self-employed,41,M,widowed,secondary,83105,608,68126,18.11,36,guarantee,0.4,0.4169,72276.31,12052.66,60_dpd,79,0,34663.96,0.0,2024-Q4,0,0.0
L000304,B01221,2023-04-30,2026-04-30,SME,Sudurpashchim,construction,business_owner,62,F,married,primary,17296,651,945394,15.49,36,vehicle,0.4,0.4617,906782.47,167482.49,defaulted,161,1,533596.26,62558.13,2023-Q2,1,104924.35999999999
L000305,B00609,2026-02-19,2027-02-19,personal,Madhesh,wholesale,agriculture,32,M,married,secondary,60165,618,39217,19.42,12,cash_deposit,0.4,0.3501,38851.32,5441.06,60_dpd,74,0,5409.29,0.0,2026-Q1,0,0.0
L000306,B00165,2024-11-08,2028-11-08,home,Lumbini,retail,salaried,56,M,married,master,73385,707,247715,15.43,48,property,0.154,0.31,239148.61,11417.44,90_dpd,101,0,172589.01,0.0,2024-Q4,1,0.0
L000307,B00465,2024-06-18,2027-06-18,home,Sudurpashchim,health,self-employed,29,O,divorced,primary,90969,635,483807,9.79,36,guarantee,0.4,0.5033,499300.9,100518.29,closed,0,0,0.0,0.0,2024-Q2,0,0.0
L000308,B01635,2026-04-09,2027-10-09,personal,Karnali,education,salaried,34,M,divorced,bachelor,65219,713,82989,16.5,18,none,0.1619,0.6071,85831.19,8433.49,defaulted,153,1,27747.92,1424.79,2026-Q2,1,7008.7
L000309,B00711,2026-06-12,2028-06-12,SME,Karnali,agriculture,salaried,31,M,married,bachelor,66571,716,602481,13.48,24,property,0.1217,0.2697,624870.09,20514.83,current,0,0,443155.97,0.0,2026-Q2,0,0.0
L000310,B00495,2024-08-09,2028-08-09,home,Madhesh,construction,salaried,66,M,married,master,81852,648,2449456,13.58,48,property,0.4,0.2616,2575419.1,269494.97,current,0,0,775341.84,0.0,2024-Q3,0,0.0
L000311,B00203,2021-08-23,2023-02-23,SME,Madhesh,wholesale,business_owner,52,M,married,secondary,155897,688,531151,17.81,18,guarantee,0.2424,0.406,572242.57,56322.33,30_dpd,39,0,495049.19,0.0,2021-Q3,0,0.0
L000312,B00012,2022-06-06,2026-06-06,personal,Lumbini,wholesale,self-employed,44,F,widowed,secondary,46311,680,70996,21.83,48,none,0.3179,0.6398,66057.94,13437.57,30_dpd,56,0,41770.54,0.0,2022-Q2,0,0.0
L000313,B01597,2021-02-12,2026-02-12,auto,Karnali,education,agriculture,33,M,married,bachelor,21918,747,126515,13.92,60,vehicle,0.0489,0.6011,129992.6,3819.95,current,0,0,109533.49,0.0,2021-Q1,0,0.0
L000314,B01163,2023-01-04,2026-01-04,micro,Karnali,services,informal,25,M,married,bachelor,55434,671,30730,13.99,36,none,0.3743,0.7371,28390.77,7833.8,30_dpd,30,0,11590.99,0.0,2023-Q1,0,0.0
L000315,B00846,2022-05-13,2023-05-13,personal,Gandaki,health,business_owner,58,F,married,secondary,59612,673,173340,17.55,12,cash_deposit,0.3614,0.3388,166188.54,20349.02,defaulted,122,1,69436.61,1029.23,2022-Q2,1,19319.79
L000316,B00479,2021-11-21,2025-11-21,SME,Madhesh,manufacturing,informal,25,M,married,bachelor,36801,635,835507,14.15,48,property,0.4,0.3319,887667.89,117841.03,closed,0,0,0.0,0.0,2021-Q4,0,0.0
L000317,B00138,2025-06-30,2026-06-30,personal,Gandaki,agriculture,salaried,34,F,single,bachelor,76509,660,315132,15.53,12,none,0.4,0.7665,327358.92,100365.3,current,0,0,119156.93,0.0,2025-Q2,0,0.0
L000318,B00970,2023-12-19,2024-12-19,home,Karnali,wholesale,informal,45,M,married,phd,57658,685,1088546,13.22,12,guarantee,0.2589,0.4493,1001858.31,116569.22,current,0,0,564144.6,0.0,2023-Q4,0,0.0
L000319,B00043,2024-03-12,2027-03-12,SME,Lumbini,agriculture,salaried,59,M,married,master,71774,641,501753,13.42,36,property,0.4,0.297,480064.34,57023.59,current,0,0,466417.73,0.0,2024-Q1,0,0.0
L000320,B01545,2026-05-30,2029-05-30,home,Bagmati,education,salaried,65,F,single,bachelor,90555,647,632050,10.89,36,guarantee,0.4,0.4599,623924.16,114777.53,current,0,0,455790.14,0.0,2026-Q2,0,0.0
L000321,B00116,2022-04-25,2026-04-25,home,Madhesh,wholesale,salaried,61,M,single,bachelor,60586,679,975797,12.31,48,guarantee,0.2939,0.3023,934651.09,83065.65,30_dpd,47,0,892327.23,0.0,2022-Q2,0,0.0
L000322,B01399,2021-07-03,2025-07-03,home,Bagmati,retail,salaried,64,M,single,primary,93102,786,3183781,11.23,48,guarantee,0.0101,0.5373,3430514.34,18654.14,current,0,0,690238.72,0.0,2021-Q3,0,0.0
L000323,B00648,2024-01-06,2027-01-06,micro,Lumbini,wholesale,salaried,58,M,single,secondary,64364,735,29351,18.6,36,guarantee,0.161,0.5046,30896.42,2510.55,90_dpd,119,0,27314.81,0.0,2024-Q1,1,0.0
L000324,B01359,2024-10-14,2029-10-14,personal,Lumbini,construction,self-employed,24,M,married,bachelor,105734,680,168579,17.25,60,cash_deposit,0.3179,0.2136,166962.89,11336.46,closed,0,0,0.0,0.0,2024-Q4,0,0.0
L000325,B00859,2023-12-08,2025-12-08,micro,Sudurpashchim,retail,salaried,35,M,married,secondary,64555,701,25000,17.6,24,guarantee,0.2089,0.4425,25885.94,2393.04,current,0,0,17214.96,0.0,2023-Q4,0,0.0
L000326,B01268,2022-05-06,2025-05-06,auto,Bagmati,services,self-employed,26,M,married,secondary,45356,677,275440,16.36,36,vehicle,0.3062,0.5279,270290.37,43685.47,current,0,0,139744.44,0.0,2022-Q2,0,0.0
L000327,B01193,2021-09-06,2024-09-06,personal,Koshi,education,salaried,30,M,single,master,48065,772,405220,15.29,36,none,0.1097,0.85,394505.56,36792.86,90_dpd,102,0,98616.99,0.0,2021-Q3,1,0.0
L000328,B01327,2025-07-21,2030-07-21,SME,Madhesh,agriculture,self-employed,39,F,single,secondary,81683,799,266453,14.42,60,cash_deposit,0.005,0.2365,284498.22,336.42,30_dpd,31,0,78811.06,0.0,2025-Q3,0,0.0
L000329,B01719,2023-07-02,2026-07-02,personal,Madhesh,wholesale,salaried,45,F,married,secondary,66529,745,90153,17.17,36,none,0.1421,0.6654,87814.17,8304.88,current,0,0,80297.58,0.0,2023-Q3,0,0.0
L000330,B00774,2025-09-25,2029-09-25,home,Madhesh,manufacturing,self-employed,38,M,married,primary,125295,656,461852,11.85,48,guarantee,0.4,0.5805,494159.1,114748.57,current,0,0,400581.99,0.0,2025-Q3,0,0.0
L000331,B01155,2021-01-11,2024-01-11,auto,Bagmati,retail,informal,53,F,married,bachelor,42472,711,196015,9.33,36,vehicle,0.139,0.3261,202233.75,9164.82,30_dpd,57,0,174352.12,0.0,2021-Q1,0,0.0
L000332,B01396,2024-03-04,2025-09-04,personal,Koshi,wholesale,informal,64,F,single,secondary,47235,668,250053,14.96,18,guarantee,0.4,0.453,251130.0,45500.01,current,0,0,41408.62,0.0,2024-Q1,0,0.0
L000333,B00479,2026-01-14,2029-01-14,personal,Madhesh,manufacturing,informal,25,M,married,bachelor,36801,622,135926,14.95,36,none,0.4,0.8237,134412.21,44284.08,current,0,0,115222.53,0.0,2026-Q1,0,0.0
L000334,B00758,2024-04-08,2026-04-08,personal,Bagmati,manufacturing,agriculture,33,F,widowed,secondary,47706,698,35399,17.05,24,none,0.2224,0.7269,33661.24,5441.22,closed,0,0,0.0,0.0,2024-Q2,0,0.0
L000335,B00253,2025-06-20,2028-06-20,personal,Lumbini,services,salaried,46,M,single,secondary,41037,704,61119,13.62,36,none,0.2561,0.6392,58248.21,9535.44,closed,0,0,0.0,0.0,2025-Q2,0,0.0
L000336,B00641,2026-05-04,2031-05-04,personal,Madhesh,education,salaried,38,M,married,primary,90389,646,331160,15.4,60,cash_deposit,0.4,0.3107,323509.77,40212.05,current,0,0,165200.94,0.0,2026-Q2,0,0.0
L000337,B00097,2023-07-05,2027-07-05,personal,Karnali,retail,salaried,65,F,married,secondary,70679,653,72473,14.31,48,none,0.4,0.7575,77647.98,23528.44,60_dpd,83,0,74251.44,0.0,2023-Q3,0,0.0
L000338,B00067,2021-03-23,2024-03-23,personal,Madhesh,retail,business_owner,26,F,single,master,40967,761,85901,13.83,36,cash_deposit,0.0603,0.3527,80588.25,1712.54,current,0,0,20664.41,0.0,2021-Q1,0,0.0
L000339,B01036,2022-06-20,2024-06-20,auto,Madhesh,services,salaried,46,F,single,secondary,61544,681,290104,15.36,24,cash_deposit,0.282,0.3529,280052.28,27871.91,current,0,0,148758.93,0.0,2022-Q2,0,0.0
L000340,B00605,2023-01-02,2024-01-02,micro,Lumbini,manufacturing,salaried,33,M,married,master,91081,700,113154,20.54,12,none,0.2733,0.78,117026.85,24950.05,30_dpd,59,0,102268.28,0.0,2023-Q1,0,0.0
L000341,B01327,2024-03-22,2029-03-22,personal,Madhesh,agriculture,self-employed,39,F,single,secondary,81683,819,188988,13.4,60,cash_deposit,0.0279,0.251,180448.27,1265.33,60_dpd,85,0,168823.55,0.0,2024-Q1,0,0.0
L000342,B01004,2021-09-04,2023-09-04,SME,Karnali,services,business_owner,26,F,married,secondary,84905,751,702398,14.98,24,guarantee,0.0429,0.4718,660785.78,13363.04,current,0,0,144689.31,0.0,2021-Q3,0,0.0
L000343,B01262,2023-12-28,2027-12-28,auto,Koshi,manufacturing,self-employed,37,M,married,secondary,91977,681,261799,15.66,48,guarantee,0.282,0.3943,262891.89,29234.41,60_dpd,86,0,55403.2,0.0,2023-Q4,0,0.0
L000344,B01414,2021-05-03,2026-05-03,home,Bagmati,retail,self-employed,65,F,single,secondary,75041,619,1172694,9.26,60,property,0.4,0.2774,1230248.84,136528.46,90_dpd,98,0,952893.14,0.0,2021-Q2,1,0.0
L000345,B01577,2022-05-26,2023-11-26,SME,Karnali,construction,self-employed,51,M,divorced,primary,58606,730,511853,14.03,18,vehicle,0.0823,0.3679,523183.67,15843.41,current,0,0,55742.96,0.0,2022-Q2,0,0.0
L000346,B00770,2025-01-10,2028-01-10,personal,Madhesh,retail,self-employed,65,F,single,master,46729,620,45639,18.22,36,guarantee,0.4,0.3985,44298.51,7060.71,60_dpd,82,0,16689.57,0.0,2025-Q1,0,0.0
L000347,B01582,2026-06-05,2028-06-05,SME,Madhesh,manufacturing,salaried,54,M,married,phd,39120,554,304667,13.1,24,guarantee,0.4,0.3368,293424.3,39530.52,current,0,0,233207.32,0.0,2026-Q2,0,0.0
L000348,B00009,2022-09-04,2025-09-04,SME,Sudurpashchim,agriculture,business_owner,43,F,married,bachelor,63066,729,1263284,17.24,36,property,0.0847,0.2229,1358685.21,25661.74,current,0,0,637763.71,0.0,2022-Q3,0,0.0
L000349,B01253,2022-07-10,2026-07-10,personal,Bagmati,wholesale,informal,46,M,married,master,30126,736,82846,14.57,48,none,0.0989,0.5852,87868.09,5086.24,current,0,0,58087.24,0.0,2022-Q3,0,0.0
L000350,B01557,2021-01-12,2025-01-12,personal,Sudurpashchim,retail,agriculture,27,F,single,primary,35469,738,130816,21.34,48,none,0.0949,0.6098,135137.86,7816.84,current,0,0,82523.48,0.0,2021-Q1,0,0.0
L000351,B00971,2025-02-12,2028-02-12,personal,Sudurpashchim,manufacturing,salaried,37,M,single,secondary,74513,737,65632,11.96,36,none,0.0969,0.85,70498.84,5804.58,current,0,0,54020.15,0.0,2025-Q1,0,0.0
L000352,B01523,2024-03-19,2025-09-19,personal,Sudurpashchim,wholesale,salaried,69,F,married,secondary,65403,682,99741,16.14,18,guarantee,0.3061,0.3518,93244.19,10040.93,60_dpd,71,0,32838.98,0.0,2024-Q1,0,0.0
L000353,B00491,2023-09-03,2024-09-03,auto,Gandaki,manufacturing,salaried,25,O,single,phd,65332,587,383735,12.7,12,guarantee,0.4,0.4989,399504.9,79728.87,current,0,0,242163.17,0.0,2023-Q3,0,0.0
L000354,B01005,2025-05-11,2026-11-11,SME,Lumbini,construction,informal,26,F,single,master,41363,671,410086,15.08,18,guarantee,0.3443,0.4953,424802.81,72451.36,90_dpd,105,0,308207.64,0.0,2025-Q2,1,0.0
L000355,B00568,2024-07-14,2027-07-14,personal,Gandaki,retail,salaried,31,F,married,master,61523,633,78733,15.55,36,none,0.4,0.6527,73312.45,19140.22,current,0,0,36357.07,0.0,2024-Q3,0,0.0
L000356,B00820,2024-03-18,2025-03-18,home,Gandaki,services,self-employed,54,M,married,phd,63206,810,1083295,9.87,12,property,0.005,0.221,1108006.81,1224.32,closed,0,0,0.0,0.0,2024-Q1,0,0.0
L000357,B00428,2025-03-11,2029-03-11,micro,Karnali,construction,salaried,42,M,single,phd,98490,839,68858,21.38,48,cash_deposit,0.0245,0.277,67536.95,458.27,90_dpd,105,0,17296.87,0.0,2025-Q1,1,0.0
L000358,B00819,2021-08-04,2023-02-04,auto,Gandaki,services,agriculture,52,F,married,primary,53653,628,186099,10.73,18,guarantee,0.4,0.4709,195859.94,36888.53,30_dpd,56,0,50502.07,0.0,2021-Q3,0,0.0
L000359,B01144,2021-04-27,2023-04-27,home,Gandaki,retail,informal,62,M,married,bachelor,46600,712,769139,8.19,24,property,0.1354,0.2472,798492.21,26718.61,60_dpd,70,0,652984.36,0.0,2021-Q2,0,0.0
L000360,B00533,2023-12-20,2028-12-20,SME,Madhesh,health,salaried,55,F,widowed,bachelor,49326,707,1279828,14.83,60,vehicle,0.214,0.4587,1379299.84,135420.93,90_dpd,97,0,957435.71,0.0,2023-Q4,1,0.0
L000361,B00466,2023-09-01,2024-09-01,home,Gandaki,retail,business_owner,32,F,divorced,secondary,97655,653,725587,13.73,12,property,0.4,0.3891,743194.5,115671.94,current,0,0,540681.3,0.0,2023-Q3,0,0.0
L000362,B01382,2025-05-13,2029-05-13,SME,Madhesh,agriculture,self-employed,40,F,married,primary,134619,669,784064,17.27,48,property,0.3575,0.2864,764250.41,78265.34,30_dpd,43,0,691663.35,0.0,2025-Q2,0,0.0
L000363,B00070,2024-09-21,2030-09-21,home,Sudurpashchim,services,informal,49,F,married,primary,64934,661,1121618,10.16,72,property,0.4,0.1242,1037945.49,51575.82,current,0,0,259064.91,0.0,2024-Q3,0,0.0
L000364,B01565,2022-10-04,2027-10-04,personal,Madhesh,wholesale,self-employed,43,F,single,bachelor,29318,682,202359,12.47,60,none,0.3061,0.71,204510.54,44453.01,defaulted,121,1,143618.34,19819.61,2022-Q4,1,24633.4
L000365,B01624,2021-04-28,2026-04-28,auto,Madhesh,wholesale,salaried,30,F,single,secondary,62712,653,256241,11.96,60,guarantee,0.4,0.415,255276.82,42373.2,current,0,0,199413.15,0.0,2021-Q2,0,0.0
L000366,B01172,2026-03-30,2031-03-30,personal,Karnali,services,self-employed,44,F,married,secondary,57522,694,146054,15.54,60,none,0.2415,0.6981,155005.77,26129.76,closed,0,0,0.0,0.0,2026-Q1,0,0.0
L000367,B00317,2025-09-18,2030-09-18,personal,Lumbini,services,self-employed,61,M,single,primary,93374,645,55819,19.68,60,cash_deposit,0.4,0.2629,57972.74,6097.05,current,0,0,27806.39,0.0,2025-Q3,0,0.0
L000368,B00839,2024-03-22,2025-03-22,auto,Madhesh,education,salaried,35,F,single,master,78800,686,183259,18.08,12,guarantee,0.2534,0.4635,186418.74,21892.86,current,0,0,51294.8,0.0,2024-Q1,0,0.0
L000369,B00068,2023-04-14,2028-04-14,SME,Sudurpashchim,retail,agriculture,62,F,widowed,master,31356,722,523014,13.64,60,property,0.1033,0.3277,559394.21,18941.18,30_dpd,49,0,478573.15,0.0,2023-Q2,0,0.0
L000370,B00329,2025-07-01,2028-07-01,personal,Lumbini,agriculture,salaried,37,M,married,bachelor,53029,578,59439,15.72,36,cash_deposit,0.4,0.3606,62295.31,8985.34,30_dpd,46,0,15398.29,0.0,2025-Q3,0,0.0
L000371,B00045,2026-01-29,2028-01-29,personal,Karnali,services,self-employed,24,F,single,master,108536,608,34493,17.56,24,guarantee,0.4,0.5122,33616.49,6887.73,30_dpd,57,0,9980.94,0.0,2026-Q1,0,0.0
L000372,B00839,2025-09-25,2031-09-25,home,Madhesh,education,salaried,35,F,single,master,78800,691,326543,14.62,72,guarantee,0.2266,0.431,311220.83,30393.98,current,0,0,271977.84,0.0,2025-Q3,0,0.0
L000373,B00097,2022-05-27,2024-05-27,personal,Karnali,retail,salaried,65,F,married,secondary,70679,647,74910,17.21,24,none,0.4,0.7808,79238.79,24747.97,current,0,0,21028.61,0.0,2022-Q2,0,0.0
L000374,B00266,2022-10-15,2025-10-15,home,Sudurpashchim,retail,informal,31,F,married,master,43312,694,6165928,11.59,36,property,0.2115,0.3716,6251704.01,491285.61,current,0,0,1810211.43,0.0,2022-Q4,0,0.0
L000375,B00651,2022-08-25,2023-08-25,personal,Bagmati,education,informal,33,F,single,secondary,43967,659,78501,18.16,12,none,0.4,0.6343,78583.44,19938.52,current,0,0,53632.08,0.0,2022-Q3,0,0.0
L000376,B01493,2026-04-26,2030-04-26,auto,Koshi,services,self-employed,29,M,single,phd,122501,615,576393,14.18,48,vehicle,0.4,0.3689,560692.34,82724.6,30_dpd,30,0,380120.11,0.0,2026-Q2,0,0.0
L000377,B01569,2025-05-25,2029-05-25,home,Karnali,retail,business_owner,50,M,single,bachelor,75629,679,2109687,13.95,48,property,0.2939,0.2439,1963009.31,140715.59,30_dpd,51,0,916539.28,0.0,2025-Q2,0,0.0
L000378,B00090,2023-10-07,2024-10-07,micro,Koshi,retail,business_owner,44,M,married,secondary,146463,570,85198,21.03,12,cash_deposit,0.4,0.2502,79619.64,7966.97,current,0,0,73284.61,0.0,2023-Q4,0,0.0
L000379,B00708,2023-03-30,2024-03-30,SME,Lumbini,retail,salaried,41,F,single,secondary,64262,795,470015,14.36,12,property,0.0656,0.2129,436386.1,6098.25,current,0,0,89966.91,0.0,2023-Q1,0,0.0
L000380,B00684,2023-01-01,2025-01-01,micro,Madhesh,services,salaried,23,M,married,secondary,55883,750,73746,19.64,24,cash_deposit,0.0743,0.3299,76732.41,1880.92,current,0,0,29097.19,0.0,2023-Q1,0,0.0
L000381,B01573,2024-05-15,2030-05-15,home,Gandaki,retail,salaried,62,F,single,secondary,65211,726,2398100,8.36,72,property,0.0923,0.3233,2508186.96,74880.44,current,0,0,471842.65,0.0,2024-Q2,0,0.0
L000382,B00531,2022-06-25,2023-12-25,home,Gandaki,services,salaried,32,M,divorced,secondary,63275,706,1044933,10.5,18,property,0.158,0.3471,993755.68,54487.12,30_dpd,50,0,394116.64,0.0,2022-Q2,0,0.0
L000383,B01281,2024-12-05,2030-12-05,micro,Sudurpashchim,retail,self-employed,37,F,single,master,89507,683,40087,17.19,72,none,0.3003,0.85,42672.99,10893.35,closed,0,0,0.0,0.0,2024-Q4,0,0.0
L000384,B00684,2021-03-11,2023-03-11,personal,Madhesh,services,salaried,23,M,married,secondary,55883,798,140339,18.53,24,guarantee,0.0344,0.4706,134632.02,2176.99,current,0,0,16717.87,0.0,2021-Q1,0,0.0
L000385,B00403,2023-02-22,2024-08-22,SME,Bagmati,construction,business_owner,49,M,married,master,121173,634,410971,13.33,18,guarantee,0.4,0.4579,409395.68,74978.49,current,0,0,222408.5,0.0,2023-Q1,0,0.0
L000386,B01238,2024-11-19,2026-11-19,home,Karnali,retail,salaried,66,M,married,master,52120,591,667180,12.47,24,cash_deposit,0.4,0.2277,704805.52,64203.77,current,0,0,698821.19,0.0,2024-Q4,0,0.0
L000387,B00917,2023-02-04,2024-08-04,personal,Karnali,retail,salaried,46,F,married,secondary,58091,547,52571,13.34,18,none,0.4,0.7812,48794.1,15246.92,current,0,0,42454.12,0.0,2023-Q1,0,0.0
L000388,B00210,2022-01-02,2028-01-02,home,Bagmati,wholesale,salaried,22,M,single,master,96024,685,462689,14.65,72,property,0.2589,0.2854,497053.95,36732.96,current,0,0,372227.21,0.0,2022-Q1,0,0.0
L000389,B00693,2025-12-08,2028-12-08,home,Karnali,manufacturing,salaried,59,M,married,master,96715,637,1315943,7.5,36,property,0.4,0.2019,1281325.53,103494.04,current,0,0,233459.36,0.0,2025-Q4,0,0.0
L000390,B01170,2023-06-18,2025-06-18,personal,Gandaki,wholesale,salaried,56,M,married,master,49633,678,134000,17.45,24,guarantee,0.33,0.3897,123327.87,15860.98,current,0,0,17500.67,0.0,2023-Q2,0,0.0
L000391,B01746,2026-06-12,2028-06-12,personal,Gandaki,services,self-employed,54,M,divorced,secondary,103126,644,88985,19.17,24,cash_deposit,0.4,0.1641,85533.36,5613.77,current,0,0,58762.63,0.0,2026-Q2,0,0.0
L000392,B00329,2021-04-13,2024-04-13,personal,Lumbini,agriculture,salaried,37,M,married,bachelor,53029,643,125452,17.19,36,none,0.4,0.7881,119712.91,37736.44,current,0,0,92743.69,0.0,2021-Q2,0,0.0
L000393,B01786,2022-04-18,2023-10-18,personal,Bagmati,health,salaried,33,F,widowed,master,96380,627,96939,18.07,18,guarantee,0.4,0.3816,90111.11,13752.93,defaulted,143,1,80314.19,5954.62,2022-Q2,1,7798.31
L000394,B00187,2025-05-05,2028-05-05,auto,Lumbini,services,salaried,47,F,married,bachelor,51659,663,178540,8.53,36,cash_deposit,0.3982,0.2818,190288.85,21356.35,current,0,0,78693.72,0.0,2025-Q2,0,0.0
L000395,B01273,2024-01-14,2027-01-14,personal,Bagmati,retail,agriculture,63,M,single,primary,56881,850,142725,17.23,36,guarantee,0.0233,0.413,139824.06,1344.7,60_dpd,60,0,16742.18,0.0,2024-Q1,0,0.0
L000396,B00516,2024-11-24,2025-11-24,micro,Sudurpashchim,health,salaried,52,F,married,bachelor,87019,679,43852,13.78,12,cash_deposit,0.3239,0.2612,46840.18,3964.0,defaulted,158,1,19075.7,1248.56,2024-Q4,1,2715.44
L000397,B01518,2022-11-26,2025-11-26,auto,Bagmati,retail,self-employed,57,F,married,secondary,27546,683,432629,10.8,36,vehicle,0.2703,0.3513,414620.0,39372.28,current,0,0,179218.11,0.0,2022-Q4,0,0.0
L000398,B00066,2023-05-02,2024-05-02,SME,Koshi,construction,self-employed,22,M,married,secondary,111612,681,1003291,14.49,12,guarantee,0.342,0.4757,966689.82,157257.85,90_dpd,102,0,955636.57,0.0,2023-Q2,1,0.0
L000399,B01219,2023-01-04,2027-01-04,personal,Madhesh,health,self-employed,57,M,married,secondary,57303,717,35470,16.79,48,cash_deposit,0.1485,0.4497,33882.57,2262.51,60_dpd,79,0,30653.56,0.0,2023-Q1,0,0.0
L000400,B00839,2021-10-10,2025-10-10,personal,Madhesh,education,salaried,35,F,single,master,78800,787,62511,15.65,48,guarantee,0.0396,0.3884,60732.63,933.19,90_dpd,118,0,35151.74,0.0,2021-Q4,1,0.0
L000401,B00980,2025-06-19,2028-06-19,micro,Sudurpashchim,services,self-employed,38,F,single,master,132645,638,60168,21.09,36,none,0.4,0.604,60573.85,14634.94,60_dpd,84,0,50392.32,0.0,2025-Q2,0,0.0
L000402,B00026,2024-04-26,2026-04-26,personal,Madhesh,health,self-employed,32,M,married,bachelor,94231,660,64031,15.0,24,none,0.4,0.8126,68703.68,22332.35,current,0,0,36898.78,0.0,2024-Q2,0,0.0
L000403,B00209,2024-09-14,2029-09-14,micro,Bagmati,services,self-employed,59,F,married,bachelor,89873,704,53823,19.16,60,none,0.1961,0.6934,52934.84,7198.23,30_dpd,54,0,11228.05,0.0,2024-Q3,0,0.0
L000404,B01143,2023-05-13,2028-05-13,auto,Madhesh,retail,salaried,28,M,divorced,phd,67993,630,105596,11.48,60,vehicle,0.4,0.4587,102021.06,18717.14,closed,0,0,0.0,0.0,2023-Q2,0,0.0
L000405,B01328,2022-11-17,2027-11-17,home,Gandaki,retail,salaried,66,F,divorced,bachelor,106630,624,940776,11.04,60,cash_deposit,0.4,0.3,961020.81,115311.49,current,0,0,260457.22,0.0,2022-Q4,0,0.0
L000406,B00846,2024-12-14,2030-12-14,home,Gandaki,health,business_owner,58,F,married,secondary,59612,682,338288,12.26,72,property,0.2761,0.2245,317982.91,19713.85,90_dpd,96,0,59228.98,0.0,2024-Q4,1,0.0
L000407,B00024,2021-12-02,2023-12-02,auto,Lumbini,agriculture,salaried,41,F,married,master,48400,680,155022,11.91,24,cash_deposit,0.2879,0.2918,166586.63,13995.06,current,0,0,157017.82,0.0,2021-Q4,0,0.0
L000408,B00138,2026-04-23,2029-04-23,auto,Gandaki,agriculture,salaried,34,F,single,bachelor,76509,601,232276,10.39,36,vehicle,0.4,0.4725,241027.58,45550.89,defaulted,136,1,186123.55,10587.23,2026-Q2,1,34963.66
L000409,B01238,2021-05-27,2024-05-27,home,Karnali,retail,salaried,66,M,married,master,52120,659,1271325,8.54,36,guarantee,0.4,0.3261,1219248.89,159022.89,current,0,0,764661.97,0.0,2021-Q2,0,0.0
L000410,B01551,2025-12-10,2027-12-10,personal,Karnali,construction,salaried,27,M,married,primary,98396,704,94031,15.68,24,none,0.1961,0.7619,98794.36,14761.52,current,0,0,36472.89,0.0,2025-Q4,0,0.0
L000411,B00229,2022-06-29,2026-06-29,home,Bagmati,construction,salaried,52,M,single,master,49914,617,630768,11.73,48,property,0.4,0.2864,659025.13,75511.01,defaulted,145,1,211324.04,12723.68,2022-Q2,1,62787.329999999994
L000412,B00440,2023-03-16,2026-03-16,micro,Madhesh,services,salaried,64,M,married,bachelor,88261,573,26678,19.62,36,none,0.4,0.85,26824.85,9120.45,current,0,0,13358.25,0.0,2023-Q1,0,0.0
L000413,B00611,2022-11-21,2025-11-21,micro,Lumbini,retail,salaried,39,F,married,bachelor,31864,803,25000,14.1,36,guarantee,0.0325,0.3985,23579.98,305.2,30_dpd,53,0,23172.74,0.0,2022-Q4,0,0.0
L000414,B00880,2022-11-01,2027-11-01,personal,Karnali,retail,self-employed,31,F,divorced,secondary,61318,611,45817,16.1,60,cash_deposit,0.4,0.3051,42815.76,5225.85,current,0,0,9533.36,0.0,2022-Q4,0,0.0
L000415,B00360,2025-12-04,2029-12-04,personal,Koshi,retail,salaried,49,M,single,primary,44851,737,64742,19.09,48,guarantee,0.0969,0.5095,62207.63,3069.9,current,0,0,20365.75,0.0,2025-Q4,0,0.0
L000416,B00528,2025-03-02,2027-03-02,home,Sudurpashchim,services,salaried,47,M,married,primary,69291,772,497306,14.93,24,property,0.0197,0.4008,477298.35,3772.61,30_dpd,49,0,428984.37,0.0,2025-Q1,0,0.0
L000417,B01131,2023-08-07,2025-02-07,personal,Koshi,retail,salaried,37,F,married,primary,75104,652,57214,14.43,18,none,0.4,0.5723,58615.4,13417.12,30_dpd,52,0,8852.96,0.0,2023-Q3,0,0.0
L000418,B00699,2021-05-16,2027-05-16,home,Sudurpashchim,construction,business_owner,45,M,married,primary,158075,704,1170599,8.56,72,guarantee,0.1661,0.4241,1095746.73,77195.94,current,0,0,1073422.66,0.0,2021-Q2,0,0.0
L000419,B01191,2021-10-12,2023-10-12,auto,Karnali,wholesale,business_owner,40,F,married,bachelor,106872,584,437026,12.04,24,guarantee,0.4,0.4897,425688.84,83388.2,current,0,0,409100.57,0.0,2021-Q4,0,0.0
L000420,B00945,2024-04-05,2025-04-05,SME,Koshi,construction,agriculture,65,M,married,primary,65674,681,1040411,12.44,12,vehicle,0.282,0.492,1069868.44,148422.51,30_dpd,38,0,504888.66,0.0,2024-Q2,0,0.0
L000421,B01011,2025-04-20,2027-04-20,home,Lumbini,services,self-employed,51,F,married,primary,51349,681,846779,14.1,24,property,0.282,0.2892,779762.78,63597.96,current,0,0,502561.13,0.0,2025-Q2,0,0.0
L000422,B01075,2025-09-10,2030-09-10,SME,Sudurpashchim,manufacturing,salaried,29,F,married,secondary,73943,744,1015828,14.34,60,property,0.0538,0.3156,1081664.55,18373.02,current,0,0,233488.57,0.0,2025-Q3,0,0.0
L000423,B01082,2021-07-26,2022-07-26,personal,Bagmati,construction,business_owner,55,F,single,master,109525,766,178598,17.1,12,none,0.1151,0.6903,170671.48,13558.46,current,0,0,94041.06,0.0,2021-Q3,0,0.0
L000424,B00501,2023-09-09,2026-09-09,home,Koshi,education,self-employed,68,F,married,bachelor,51116,558,1255278,9.6,36,property,0.4,0.3433,1300853.7,178630.64,closed,0,0,0.0,0.0,2023-Q3,0,0.0
L000425,B01744,2023-06-22,2024-06-22,personal,Lumbini,education,business_owner,23,F,widowed,bachelor,206205,565,113589,11.67,12,guarantee,0.4,0.3859,107533.37,16597.88,current,0,0,29392.95,0.0,2023-Q2,0,0.0
L000426,B00638,2023-02-19,2027-02-19,SME,Lumbini,services,salaried,49,F,single,secondary,65293,628,757559,13.33,48,property,0.4,0.269,808977.76,87034.8,current,0,0,191012.81,0.0,2023-Q1,0,0.0
L000427,B00710,2021-05-13,2024-05-13,micro,Karnali,retail,business_owner,41,F,single,bachelor,100454,630,31093,17.47,36,none,0.4,0.6536,30628.27,8007.84,90_dpd,119,0,12094.11,0.0,2021-Q2,1,0.0
L000428,B00778,2024-02-16,2028-02-16,auto,Lumbini,construction,salaried,31,M,divorced,secondary,110770,835,560049,16.69,48,guarantee,0.005,0.4199,539677.13,1132.96,30_dpd,58,0,477126.15,0.0,2024-Q1,0,0.0
L000429,B01737,2022-03-24,2025-03-24,SME,Bagmati,agriculture,self-employed,33,M,married,primary,66502,594,667757,14.32,36,guarantee,0.4,0.4157,680426.0,113145.67,30_dpd,41,0,466866.3,0.0,2022-Q1,0,0.0
L000430,B01698,2024-04-13,2027-04-13,personal,Gandaki,construction,salaried,67,F,married,master,68227,734,74796,19.52,36,cash_deposit,0.1032,0.234,78652.63,1898.49,current,0,0,57089.28,0.0,2024-Q2,0,0.0
L000431,B00594,2024-04-08,2026-04-08,SME,Madhesh,manufacturing,self-employed,43,M,married,secondary,82894,709,338141,10.57,24,property,0.1463,0.3189,354648.77,16550.2,90_dpd,117,0,281190.17,0.0,2024-Q2,1,0.0
L000432,B01562,2024-04-06,2028-04-06,personal,Madhesh,wholesale,salaried,68,F,married,bachelor,32225,718,65783,15.37,48,guarantee,0.1453,0.5144,61140.33,4570.9,90_dpd,114,0,47649.39,0.0,2024-Q2,1,0.0
L000433,B00742,2022-09-22,2028-09-22,personal,Bagmati,services,informal,28,F,married,master,78427,662,69879,17.62,72,cash_deposit,0.4,0.235,73428.25,6901.82,60_dpd,78,0,10203.17,0.0,2022-Q3,0,0.0
L000434,B01677,2024-02-11,2028-02-11,personal,Bagmati,manufacturing,informal,26,F,single,master,41873,651,93489,16.46,48,none,0.4,0.7175,89361.31,25647.51,30_dpd,52,0,38710.37,0.0,2024-Q1,0,0.0
L000435,B00881,2024-05-10,2026-05-10,SME,Bagmati,wholesale,agriculture,67,F,married,secondary,67550,726,839753,18.4,24,property,0.0923,0.1588,793264.66,11633.45,90_dpd,96,0,606557.9,0.0,2024-Q2,1,0.0
L000436,B00800,2023-05-31,2024-05-31,SME,Sudurpashchim,retail,self-employed,23,M,married,bachelor,63776,686,156661,12.7,12,guarantee,0.2534,0.2529,154695.25,9912.77,current,0,0,140082.71,0.0,2023-Q2,0,0.0
L000437,B01620,2025-03-16,2028-03-16,auto,Koshi,manufacturing,salaried,64,M,married,bachelor,34524,672,163403,11.96,36,vehicle,0.3378,0.4142,158408.86,22167.09,current,0,0,59789.22,0.0,2025-Q1,0,0.0
L000438,B01630,2025-08-15,2028-08-15,SME,Lumbini,construction,salaried,21,F,married,master,43173,788,449420,13.24,36,property,0.009,0.1937,421972.94,737.75,30_dpd,41,0,393449.78,0.0,2025-Q3,0,0.0
L000439,B01070,2023-04-25,2029-04-25,auto,Bagmati,construction,salaried,60,O,married,primary,48849,675,110615,14.73,72,guarantee,0.3187,0.4423,109774.6,15471.56,current,0,0,38972.52,0.0,2023-Q2,0,0.0
L000440,B01545,2024-01-22,2029-01-22,SME,Bagmati,education,salaried,65,F,single,bachelor,90555,669,876080,11.78,60,vehicle,0.3575,0.54,861622.22,166352.93,current,0,0,272009.88,0.0,2024-Q1,0,0.0
L000441,B01657,2025-05-17,2028-05-17,personal,Lumbini,construction,salaried,66,M,single,bachelor,96938,637,77332,18.37,36,guarantee,0.4,0.4279,74349.64,12726.02,current,0,0,20553.88,0.0,2025-Q2,0,0.0
L000442,B00615,2025-01-22,2028-01-22,micro,Bagmati,manufacturing,self-employed,48,M,single,bachelor,66195,666,63926,19.83,36,none,0.4,0.7852,60043.05,18857.44,30_dpd,42,0,7808.69,0.0,2025-Q1,0,0.0
L000443,B00434,2022-05-19,2023-05-19,auto,Madhesh,manufacturing,salaried,26,F,widowed,secondary,100054,768,436736,14.22,12,guarantee,0.0232,0.3149,442785.14,3235.11,current,0,0,396232.79,0.0,2022-Q2,0,0.0
L000444,B01458,2021-08-23,2022-08-23,personal,Koshi,wholesale,business_owner,46,F,married,master,79228,598,65699,11.76,12,none,0.4,0.6318,68374.49,17278.37,90_dpd,115,0,25180.1,0.0,2021-Q3,1,0.0
L000445,B00874,2025-05-31,2027-05-31,personal,Sudurpashchim,education,salaried,26,F,married,bachelor,83348,695,95427,15.64,24,none,0.2366,0.834,90762.97,17907.37,current,0,0,57536.84,0.0,2025-Q2,0,0.0
L000446,B01756,2022-06-08,2026-06-08,personal,Karnali,manufacturing,self-employed,60,M,single,master,75626,794,30231,16.98,48,cash_deposit,0.0361,0.4393,30920.53,489.97,closed,0,0,0.0,0.0,2022-Q2,0,0.0
L000447,B01047,2022-08-22,2025-08-22,auto,Madhesh,agriculture,agriculture,69,F,married,master,64059,769,623145,7.92,36,cash_deposit,0.0223,0.3581,632864.38,5053.34,30_dpd,48,0,612077.36,0.0,2022-Q3,0,0.0
L000448,B00535,2021-02-13,2022-02-13,home,Madhesh,services,informal,53,F,married,master,43947,692,527138,10.99,12,property,0.2215,0.3762,552536.67,46031.32,current,0,0,182788.25,0.0,2021-Q1,0,0.0
L000449,B01156,2021-03-13,2022-03-13,personal,Karnali,wholesale,self-employed,57,M,single,master,53474,717,39633,15.09,12,none,0.2085,0.8196,42515.82,7265.22,current,0,0,36786.32,0.0,2021-Q1,0,0.0
L000450,B01349,2023-03-24,2028-03-24,personal,Gandaki,retail,salaried,28,M,married,primary,81707,772,174754,16.91,60,cash_deposit,0.0497,0.3557,186162.27,3292.16,current,0,0,74065.32,0.0,2023-Q1,0,0.0
L000451,B01148,2025-07-09,2027-01-09,SME,Bagmati,manufacturing,informal,53,F,married,phd,76291,589,386361,14.72,18,guarantee,0.4,0.3052,392292.25,47898.42,current,0,0,273618.51,0.0,2025-Q3,0,0.0
L000452,B01189,2024-06-01,2030-06-01,personal,Sudurpashchim,health,salaried,47,M,married,secondary,104789,633,171023,13.84,72,cash_deposit,0.4,0.3226,171538.75,22136.64,current,0,0,86912.61,0.0,2024-Q2,0,0.0
L000453,B01745,2024-02-25,2025-08-25,micro,Gandaki,retail,agriculture,60,M,married,phd,82223,826,77988,17.44,18,guarantee,0.0265,0.4016,81104.08,863.38,current,0,0,55099.28,0.0,2024-Q1,0,0.0
L000454,B01609,2026-03-06,2027-03-06,micro,Karnali,services,salaried,33,O,married,primary,72922,654,25000,16.86,12,none,0.4,0.8321,23650.3,7871.39,current,0,0,7258.86,0.0,2026-Q1,0,0.0
L000455,B00993,2024-12-30,2026-12-30,micro,Sudurpashchim,manufacturing,informal,61,F,married,secondary,44563,626,49325,16.39,24,cash_deposit,0.4,0.4068,46387.01,7548.86,90_dpd,107,0,26614.73,0.0,2024-Q4,1,0.0
L000456,B00219,2021-09-21,2023-09-21,SME,Lumbini,education,salaried,48,M,divorced,secondary,76537,591,1198921,14.02,24,property,0.4,0.291,1168191.4,135989.73,30_dpd,31,0,741150.38,0.0,2021-Q3,0,0.0
L000457,B00532,2023-08-04,2028-08-04,auto,Koshi,manufacturing,salaried,70,M,married,bachelor,81548,615,639742,11.03,60,vehicle,0.4,0.5285,616716.33,130371.84,30_dpd,32,0,129763.15,0.0,2023-Q3,0,0.0
L000458,B01126,2023-01-09,2027-01-09,home,Koshi,wholesale,salaried,53,M,single,bachelor,104068,615,1593741,11.82,48,property,0.4,0.3246,1594384.59,207022.91,closed,0,0,0.0,0.0,2023-Q1,0,0.0
L000459,B00785,2021-04-06,2022-10-06,auto,Koshi,education,salaried,33,F,married,secondary,43689,556,522195,11.18,18,guarantee,0.4,0.4736,523414.74,99161.89,current,0,0,489380.72,0.0,2021-Q2,0,0.0
L000460,B00744,2025-05-24,2028-05-24,SME,Lumbini,construction,business_owner,48,F,single,master,149177,566,552121,11.05,36,guarantee,0.4,0.4533,588247.66,106655.21,30_dpd,38,0,282549.65,0.0,2025-Q2,0,0.0
L000461,B00736,2026-06-06,2031-06-06,home,Madhesh,services,salaried,44,M,widowed,bachelor,63675,597,1323842,10.67,60,property,0.4,0.2092,1333785.24,111602.5,current,0,0,177316.59,0.0,2026-Q2,0,0.0
L000462,B00629,2024-12-25,2030-12-25,micro,Gandaki,services,self-employed,59,M,single,master,86754,667,83585,16.35,72,none,0.4,0.7536,80502.47,24267.86,current,0,0,70731.85,0.0,2024-Q4,0,0.0
L000463,B00576,2022-03-12,2025-03-12,auto,Madhesh,education,self-employed,29,M,married,bachelor,67433,791,654263,15.44,36,vehicle,0.0675,0.4066,680890.83,18685.01,current,0,0,291965.69,0.0,2022-Q1,0,0.0
L000464,B01661,2026-03-29,2028-03-29,SME,Lumbini,retail,salaried,54,M,single,master,87821,678,530376,15.47,24,cash_deposit,0.3,0.2968,550517.97,49017.72,90_dpd,115,0,345465.05,0.0,2026-Q1,1,0.0
L000465,B01037,2023-09-07,2027-09-07,personal,Lumbini,wholesale,salaried,65,F,single,secondary,93625,671,63711,14.09,48,guarantee,0.3743,0.5302,68590.01,13612.33,current,0,0,44503.46,0.0,2023-Q3,0,0.0
L000466,B00626,2022-06-10,2023-12-10,SME,Koshi,agriculture,informal,56,M,married,master,55454,699,294740,13.09,18,cash_deposit,0.1878,0.231,302464.4,13124.58,closed,0,0,0.0,0.0,2022-Q2,0,0.0
L000467,B00554,2024-01-01,2028-01-01,micro,Lumbini,construction,salaried,43,O,married,secondary,52270,711,70975,20.11,48,none,0.169,0.8259,72668.02,10139.7,closed,0,0,0.0,0.0,2024-Q1,0,0.0
L000468,B01072,2024-02-10,2029-02-10,SME,Koshi,retail,business_owner,40,M,married,secondary,79978,740,442316,15.76,60,guarantee,0.061,0.5621,421187.8,14442.72,defaulted,127,1,203317.93,5804.66,2024-Q1,1,8638.06
L000469,B01398,2023-10-13,2028-10-13,auto,Koshi,agriculture,business_owner,42,F,married,bachelor,109993,663,333610,10.59,60,guarantee,0.3982,0.2418,354475.84,34127.39,30_dpd,41,0,172017.99,0.0,2023-Q4,0,0.0
L000470,B00012,2023-01-03,2024-01-03,home,Lumbini,wholesale,self-employed,44,F,widowed,secondary,46311,620,735243,11.73,12,cash_deposit,0.4,0.2836,743247.93,84326.98,current,0,0,515529.06,0.0,2023-Q1,0,0.0
L000471,B01653,2025-09-02,2027-09-02,home,Koshi,services,salaried,57,F,married,master,91687,725,711480,14.6,24,property,0.155,0.1899,664205.68,19552.0,30_dpd,57,0,113004.25,0.0,2025-Q3,0,0.0
L000472,B00869,2023-08-24,2027-08-24,personal,Koshi,retail,salaried,37,M,married,secondary,51879,681,59314,17.37,48,none,0.312,0.7047,60053.28,13204.17,60_dpd,71,0,23225.25,0.0,2023-Q3,0,0.0
L000473,B00401,2021-12-21,2024-12-21,auto,Gandaki,wholesale,self-employed,68,M,married,secondary,61615,767,338805,13.87,36,guarantee,0.0241,0.5202,331373.59,4159.9,90_dpd,100,0,158790.9,0.0,2021-Q4,1,0.0
L000474,B01250,2024-11-27,2029-11-27,home,Bagmati,retail,business_owner,61,M,married,primary,54425,596,408054,15.14,60,property,0.4,0.3093,406106.25,50238.72,60_dpd,72,0,395402.37,0.0,2024-Q4,0,0.0
L000475,B01177,2026-05-05,2028-05-05,home,Gandaki,retail,salaried,49,F,single,secondary,57121,680,1041214,10.19,24,property,0.2879,0.2844,987210.6,80852.33,current,0,0,722342.89,0.0,2026-Q2,0,0.0
L000476,B00373,2026-03-08,2029-03-08,home,Sudurpashchim,construction,salaried,41,F,single,bachelor,73958,595,783939,9.61,36,property,0.4,0.2292,805520.36,73855.58,current,0,0,538274.22,0.0,2026-Q1,0,0.0
L000477,B01052,2022-01-17,2026-01-17,SME,Madhesh,services,business_owner,34,M,married,secondary,137832,722,724086,10.35,48,guarantee,0.1033,0.3818,685199.43,27034.41,current,0,0,655840.18,0.0,2022-Q1,0,0.0
L000478,B00969,2024-08-07,2027-08-07,auto,Gandaki,retail,self-employed,64,F,single,master,24969,684,309298,14.15,36,vehicle,0.2646,0.6123,327643.09,53078.25,current,0,0,157481.99,0.0,2024-Q3,0,0.0
L000479,B01547,2024-04-19,2029-04-19,home,Koshi,services,salaried,67,F,married,bachelor,74281,659,2415423,8.34,60,cash_deposit,0.4,0.2344,2404903.75,225473.38,defaulted,165,1,1489938.02,19484.48,2024-Q2,1,205988.9
L000480,B01099,2023-05-28,2025-05-28,personal,Madhesh,manufacturing,informal,49,M,married,bachelor,36990,720,42412,15.91,24,cash_deposit,0.1392,0.3317,41632.71,1922.39,30_dpd,40,0,36915.1,0.0,2023-Q2,0,0.0
L000481,B01773,2022-09-30,2024-09-30,micro,Sudurpashchim,construction,agriculture,51,M,single,bachelor,39681,654,99198,19.14,24,guarantee,0.4,0.4014,98621.88,15835.96,current,0,0,71631.86,0.0,2022-Q3,0,0.0
L000482,B00248,2021-04-16,2022-04-16,auto,Koshi,retail,self-employed,49,M,single,secondary,104721,652,446299,10.91,12,vehicle,0.4,0.4516,414139.36,74813.68,90_dpd,93,0,171823.83,0.0,2021-Q2,1,0.0
L000483,B00783,2024-04-03,2029-04-03,micro,Karnali,manufacturing,informal,47,F,single,primary,43936,737,88542,13.49,60,none,0.0969,0.769,94520.27,7040.81,defaulted,93,1,19459.99,2845.26,2024-Q2,1,4195.55
L000484,B00913,2022-12-12,2023-12-12,personal,Madhesh,manufacturing,self-employed,66,M,divorced,bachelor,87537,645,31774,15.6,12,none,0.4,0.764,31046.76,9487.72,90_dpd,108,0,11362.05,0.0,2022-Q4,1,0.0
L000485,B00608,2026-02-05,2030-02-05,personal,Bagmati,agriculture,self-employed,56,F,married,bachelor,43996,633,40520,17.13,48,none,0.4,0.7535,41801.11,12598.67,current,0,0,26196.76,0.0,2026-Q1,0,0.0
L000486,B00294,2024-12-04,2027-12-04,SME,Sudurpashchim,agriculture,salaried,40,M,married,secondary,67883,600,1094765,15.85,36,property,0.4,0.3467,1046028.88,145063.82,current,0,0,259407.01,0.0,2024-Q4,0,0.0
L000487,B00725,2025-07-26,2026-07-26,auto,Lumbini,education,salaried,23,M,divorced,bachelor,61088,625,615140,15.56,12,vehicle,0.4,0.6158,591586.69,145713.8,current,0,0,543468.26,0.0,2025-Q3,0,0.0
L000488,B01602,2021-03-23,2022-03-23,auto,Madhesh,education,salaried,62,M,married,primary,76163,667,196691,15.62,12,vehicle,0.3709,0.4868,188712.98,34076.05,current,0,0,75163.3,0.0,2021-Q1,0,0.0
L000489,B01759,2021-09-15,2023-09-15,home,Karnali,wholesale,agriculture,68,M,married,master,15000,707,798850,8.67,24,guarantee,0.154,0.4379,801095.69,54035.66,90_dpd,106,0,160194.52,0.0,2021-Q3,1,0.0
L000490,B00374,2025-01-01,2028-01-01,SME,Sudurpashchim,manufacturing,salaried,52,F,single,master,50683,736,916149,14.95,36,property,0.0689,0.2431,918594.81,15392.54,90_dpd,105,0,798562.06,0.0,2025-Q1,1,0.0
L000491,B00152,2026-04-23,2030-04-23,personal,Lumbini,wholesale,salaried,52,M,married,secondary,72274,740,121179,14.47,48,cash_deposit,0.091,0.2439,120161.88,2666.5,60_dpd,79,0,98266.41,0.0,2026-Q2,0,0.0
L000492,B01373,2024-12-17,2028-12-17,personal,Koshi,services,business_owner,68,M,married,bachelor,73407,629,77405,19.24,48,none,0.4,0.6997,82829.77,23181.46,current,0,0,30557.23,0.0,2024-Q4,0,0.0
L000493,B00674,2025-04-27,2028-04-27,SME,Bagmati,services,agriculture,26,M,married,bachelor,38713,675,471471,18.05,36,property,0.3187,0.3114,443633.99,44025.01,current,0,0,175858.14,0.0,2025-Q2,0,0.0
L000494,B01358,2024-01-10,2027-01-10,personal,Sudurpashchim,agriculture,agriculture,36,F,single,bachelor,79593,674,101958,11.34,36,cash_deposit,0.355,0.3626,97357.24,12533.37,30_dpd,51,0,86719.15,0.0,2024-Q1,0,0.0
L000495,B01447,2023-04-27,2028-04-27,personal,Karnali,construction,self-employed,51,F,single,master,48656,688,118263,16.03,60,cash_deposit,0.2724,0.3565,121306.12,11780.79,current,0,0,20583.98,0.0,2023-Q2,0,0.0
L000496,B01093,2022-04-04,2027-04-04,home,Sudurpashchim,construction,business_owner,32,F,single,bachelor,77290,680,564468,14.63,60,property,0.2879,0.2757,542075.27,43038.28,current,0,0,476035.72,0.0,2022-Q2,0,0.0
L000497,B01569,2022-04-12,2025-04-12,personal,Karnali,retail,business_owner,50,M,single,bachelor,75629,684,47176,13.22,36,guarantee,0.2946,0.4011,44557.07,5265.09,closed,0,0,0.0,0.0,2022-Q2,0,0.0
L000498,B00039,2022-07-23,2025-07-23,personal,Karnali,construction,salaried,57,M,married,primary,43371,663,131907,16.38,36,none,0.4,0.6819,127549.6,34789.56,current,0,0,15869.71,0.0,2022-Q3,0,0.0
L000499,B00264,2024-11-09,2027-11-09,micro,Bagmati,retail,self-employed,60,F,divorced,phd,121720,639,50281,19.13,36,guarantee,0.4,0.4052,49026.86,7946.94,current,0,0,44899.71,0.0,2024-Q4,0,0.0
L000500,B00096,2026-04-30,2027-10-30,personal,Sudurpashchim,construction,salaried,35,M,married,master,73798,679,53732,14.48,18,cash_deposit,0.3239,0.364,55917.79,6592.75,current,0,0,25408.17,0.0,2026-Q2,0,0.0
L000501,B01271,2023-03-15,2025-03-15,SME,Karnali,wholesale,agriculture,69,M,married,bachelor,63708,654,500354,13.77,24,cash_deposit,0.4,0.3451,524575.85,72409.99,90_dpd,110,0,270882.33,0.0,2023-Q1,1,0.0
L000502,B01354,2022-03-17,2023-03-17,auto,Madhesh,construction,agriculture,34,F,widowed,secondary,66654,739,57364,13.49,12,vehicle,0.0629,0.449,59487.78,1680.42,60_dpd,61,0,35959.45,0.0,2022-Q1,0,0.0
L000503,B00813,2023-05-01,2028-05-01,SME,Bagmati,services,salaried,65,F,married,secondary,81424,596,447430,15.72,60,guarantee,0.4,0.4413,429816.53,75868.2,current,0,0,377188.31,0.0,2023-Q2,0,0.0
L000504,B01366,2024-06-20,2026-06-20,personal,Karnali,services,self-employed,27,F,single,master,42862,698,61526,16.02,24,none,0.2224,0.7418,59140.67,9756.3,closed,0,0,0.0,0.0,2024-Q2,0,0.0
L000505,B00326,2024-02-11,2026-02-11,SME,Koshi,construction,self-employed,28,F,married,primary,92460,718,641449,15.07,24,guarantee,0.1753,0.4317,613924.79,46465.02,current,0,0,337557.49,0.0,2024-Q1,0,0.0
L000506,B01739,2021-10-26,2026-10-26,SME,Gandaki,construction,salaried,70,F,single,master,57866,664,791942,14.43,60,vehicle,0.3913,0.4282,770902.49,129184.82,60_dpd,85,0,226140.23,0.0,2021-Q4,0,0.0
L000507,B01617,2024-12-21,2027-12-21,micro,Madhesh,retail,agriculture,49,F,married,primary,34078,740,49904,19.12,36,guarantee,0.091,0.4404,48016.94,1924.56,current,0,0,44832.84,0.0,2024-Q4,0,0.0
L000508,B00174,2022-02-25,2023-08-25,SME,Sudurpashchim,wholesale,salaried,26,M,married,bachelor,75873,768,391978,11.88,18,guarantee,0.0232,0.4181,404391.62,3922.99,30_dpd,51,0,388857.53,0.0,2022-Q1,0,0.0
L000509,B00414,2026-06-16,2027-06-16,home,Lumbini,agriculture,self-employed,40,M,married,secondary,108599,703,749792,11.36,12,property,0.1703,0.2662,731332.26,33159.94,current,0,0,247872.04,0.0,2026-Q2,0,0.0
L000510,B00493,2023-11-04,2024-11-04,SME,Lumbini,retail,salaried,69,M,married,secondary,66098,758,1473508,11.71,12,property,0.0337,0.2386,1586762.64,12757.08,60_dpd,87,0,900540.16,0.0,2023-Q4,0,0.0
L000511,B00466,2021-06-09,2024-06-09,personal,Gandaki,retail,business_owner,32,F,divorced,secondary,97655,731,40643,16.03,36,guarantee,0.1099,0.4983,43568.81,2386.85,current,0,0,7539.3,0.0,2021-Q2,0,0.0
L000512,B01713,2021-09-26,2024-09-26,SME,Gandaki,education,self-employed,54,M,single,master,118768,681,342822,18.28,36,property,0.282,0.3565,322787.79,32447.0,30_dpd,35,0,293290.48,0.0,2021-Q3,0,0.0
L000513,B01710,2022-03-18,2027-03-18,auto,Gandaki,education,salaried,29,M,married,primary,105550,655,131567,13.98,60,vehicle,0.4,0.5677,124773.18,28332.73,90_dpd,97,0,58183.56,0.0,2022-Q1,1,0.0
L000514,B00697,2024-04-08,2028-04-08,personal,Lumbini,wholesale,salaried,48,F,single,bachelor,67946,707,54339,14.3,48,none,0.184,0.7952,51364.57,7516.14,60_dpd,65,0,6181.93,0.0,2024-Q2,0,0.0
L000515,B01261,2025-02-26,2028-02-26,home,Sudurpashchim,health,salaried,47,F,single,bachelor,53335,614,996105,11.47,36,cash_deposit,0.4,0.3143,938853.89,118034.39,60_dpd,69,0,130660.18,0.0,2025-Q1,0,0.0
L000516,B00610,2022-07-09,2025-07-09,personal,Bagmati,manufacturing,agriculture,61,F,married,primary,69111,776,59219,16.41,36,guarantee,0.0466,0.378,62846.02,1106.86,current,0,0,54692.3,0.0,2022-Q3,0,0.0
L000517,B00123,2025-01-05,2030-01-05,SME,Karnali,retail,business_owner,53,M,widowed,secondary,135921,611,700334,11.82,60,cash_deposit,0.4,0.2246,731756.44,65751.95,current,0,0,527453.32,0.0,2025-Q1,0,0.0
L000518,B01023,2024-11-15,2025-11-15,personal,Lumbini,health,salaried,40,M,married,secondary,86581,651,73380,18.44,12,cash_deposit,0.4,0.1161,70860.75,3289.38,current,0,0,13775.7,0.0,2024-Q4,0,0.0
L000519,B01305,2022-12-28,2024-12-28,auto,Gandaki,health,business_owner,60,M,single,bachelor,106358,688,337209,10.39,24,guarantee,0.2424,0.3464,363597.43,30535.44,current,0,0,136544.73,0.0,2022-Q4,0,0.0
L000520,B01380,2023-12-27,2026-12-27,personal,Lumbini,retail,salaried,67,F,divorced,primary,32948,774,99683,16.57,36,cash_deposit,0.0481,0.2985,91784.44,1318.35,current,0,0,11027.94,0.0,2023-Q4,0,0.0
L000521,B01447,2026-03-09,2027-03-09,SME,Karnali,construction,self-employed,51,F,single,master,48656,643,1211506,14.47,12,cash_deposit,0.4,0.3676,1250190.9,183830.22,60_dpd,82,0,1049800.33,0.0,2026-Q1,0,0.0
L000522,B01454,2023-02-17,2024-02-17,micro,Bagmati,health,salaried,27,F,single,phd,85583,668,57044,18.29,12,none,0.3942,0.7621,55328.78,16620.89,90_dpd,91,0,53516.49,0.0,2023-Q1,1,0.0
L000523,B01044,2025-06-26,2027-06-26,micro,Bagmati,retail,business_owner,40,M,divorced,bachelor,103088,600,25000,20.24,24,none,0.4,0.7449,26909.01,8017.83,current,0,0,15623.59,0.0,2025-Q2,0,0.0
L000524,B00739,2025-08-21,2028-08-21,micro,Madhesh,services,salaried,48,O,married,master,53467,633,36056,18.28,36,cash_deposit,0.4,0.2505,35283.23,3535.28,current,0,0,13233.09,0.0,2025-Q3,0,0.0
L000525,B00596,2023-07-09,2025-07-09,home,Gandaki,retail,salaried,55,M,married,secondary,73940,710,612316,9.83,24,property,0.1426,0.1567,632673.49,14137.24,60_dpd,89,0,312171.32,0.0,2023-Q3,0,0.0
L000526,B00912,2025-05-20,2026-05-20,home,Sudurpashchim,wholesale,business_owner,46,M,divorced,bachelor,118530,664,933413,10.37,12,property,0.3913,0.4027,999355.34,157489.13,30_dpd,34,0,554289.49,0.0,2025-Q2,0,0.0
L000527,B01120,2021-11-12,2022-11-12,micro,Karnali,health,self-employed,28,M,divorced,secondary,76790,572,35511,17.81,12,none,0.4,0.6715,37460.04,10061.33,current,0,0,31783.93,0.0,2021-Q4,0,0.0
L000528,B01158,2024-11-17,2028-11-17,home,Madhesh,services,salaried,53,M,single,secondary,79735,640,1056462,13.64,48,property,0.4,0.2328,989220.85,92122.7,current,0,0,264355.14,0.0,2024-Q4,0,0.0
L000529,B01774,2025-09-24,2027-09-24,home,Gandaki,services,salaried,43,M,single,bachelor,37453,772,504440,7.78,24,guarantee,0.0197,0.4929,478308.62,4649.14,current,0,0,443099.24,0.0,2025-Q3,0,0.0
L000530,B01585,2025-05-31,2030-05-31,home,Lumbini,services,self-employed,63,F,divorced,master,100660,695,2046553,12.34,60,property,0.2066,0.3514,2160641.07,156866.33,30_dpd,44,0,936586.91,0.0,2025-Q2,0,0.0
L000531,B00922,2021-02-06,2026-02-06,micro,Koshi,services,salaried,67,F,married,secondary,36392,707,26828,18.5,60,none,0.184,0.7006,26056.76,3359.3,90_dpd,93,0,4731.72,0.0,2021-Q1,1,0.0
L000532,B00479,2025-02-14,2028-02-14,auto,Madhesh,manufacturing,informal,25,M,married,bachelor,36801,602,205685,15.47,36,vehicle,0.4,0.5161,222070.64,45843.94,60_dpd,83,0,218016.91,0.0,2025-Q1,0,0.0
L000533,B00009,2023-03-05,2024-09-05,SME,Sudurpashchim,agriculture,business_owner,43,F,married,bachelor,63066,690,366335,16.11,18,cash_deposit,0.2318,0.3394,377595.77,29701.91,current,0,0,297071.64,0.0,2023-Q1,0,0.0
L000534,B01207,2023-09-08,2026-09-08,personal,Bagmati,services,self-employed,38,F,married,bachelor,76570,607,150377,15.22,36,none,0.4,0.6797,155558.48,42291.78,30_dpd,48,0,40054.68,0.0,2023-Q3,0,0.0
L000535,B01706,2024-04-16,2028-04-16,home,Madhesh,retail,salaried,61,M,married,secondary,58639,681,1498950,10.61,48,guarantee,0.282,0.3246,1380316.22,126329.57,60_dpd,78,0,179656.23,0.0,2024-Q2,0,0.0
L000536,B01729,2024-12-07,2029-12-07,home,Madhesh,retail,business_owner,46,M,married,bachelor,176884,715,1583922,8.22,60,cash_deposit,0.125,0.39,1659914.33,80939.6,30_dpd,52,0,367928.39,0.0,2024-Q4,0,0.0
L000537,B00451,2025-08-13,2027-02-13,home,Karnali,wholesale,self-employed,60,M,married,secondary,116425,691,610848,10.66,18,guarantee,0.2266,0.3482,657892.94,51907.6,closed,0,0,0.0,0.0,2025-Q3,0,0.0
L000538,B01419,2024-07-14,2025-07-14,micro,Sudurpashchim,manufacturing,salaried,63,F,married,master,60489,762,137339,15.22,12,cash_deposit,0.0592,0.4017,134579.36,3198.25,current,0,0,67591.66,0.0,2024-Q3,0,0.0
L000539,B00908,2023-11-14,2025-11-14,home,Karnali,retail,salaried,21,M,married,bachelor,74416,713,341032,10.65,24,guarantee,0.1319,0.3604,335947.41,15964.56,defaulted,94,1,265895.33,4580.5,2023-Q4,1,11384.06
L000540,B01705,2022-02-01,2025-02-01,micro,Madhesh,agriculture,salaried,31,F,married,bachelor,19938,611,25388,22.36,36,none,0.4,0.6276,27234.47,6837.15,current,0,0,24370.53,0.0,2022-Q1,0,0.0
L000541,B01229,2024-02-16,2027-02-16,personal,Gandaki,services,informal,61,M,single,master,37337,690,132631,19.42,36,none,0.2618,0.617,132317.29,21371.4,closed,0,0,0.0,0.0,2024-Q1,0,0.0
L000542,B01347,2024-03-24,2027-03-24,home,Madhesh,wholesale,business_owner,48,F,married,primary,149004,675,1490417,13.67,36,property,0.3187,0.301,1545180.46,148219.42,30_dpd,31,0,1043789.76,0.0,2024-Q1,0,0.0
L000543,B01586,2023-09-19,2025-03-19,home,Karnali,wholesale,agriculture,60,M,widowed,bachelor,42268,635,1521108,12.28,18,property,0.4,0.1611,1550876.75,99929.47,current,0,0,1378790.87,0.0,2023-Q3,0,0.0
L000544,B01260,2023-11-11,2026-11-11,home,Madhesh,manufacturing,agriculture,54,M,divorced,secondary,46792,675,878026,10.98,36,guarantee,0.3187,0.4917,899048.33,140853.28,30_dpd,41,0,805908.41,0.0,2023-Q4,0,0.0
L000545,B00898,2021-11-16,2023-11-16,SME,Karnali,services,salaried,70,M,single,secondary,65409,693,664857,8.7,24,cash_deposit,0.2164,0.4019,667452.6,58060.6,60_dpd,74,0,176441.28,0.0,2021-Q4,0,0.0
L000546,B01651,2022-12-12,2024-12-12,auto,Sudurpashchim,wholesale,salaried,32,M,divorced,secondary,83546,649,378035,14.23,24,vehicle,0.4,0.2571,366552.42,37699.79,current,0,0,281886.49,0.0,2022-Q4,0,0.0
L000547,B01607,2022-10-13,2025-10-13,home,Koshi,retail,salaried,54,M,divorced,bachelor,55166,720,467635,13.59,36,property,0.1092,0.3154,464080.96,15986.62,60_dpd,71,0,387233.68,0.0,2022-Q4,0,0.0
L000548,B01660,2023-02-01,2025-02-01,auto,Madhesh,construction,self-employed,33,M,married,bachelor,98165,690,569282,15.92,24,vehicle,0.2918,0.3307,552754.8,53332.88,current,0,0,409884.09,0.0,2023-Q1,0,0.0
L000549,B01211,2022-07-10,2025-07-10,personal,Koshi,services,informal,60,M,single,secondary,54545,655,98739,14.16,36,guarantee,0.4,0.357,97777.81,13963.55,current,0,0,92830.4,0.0,2022-Q3,0,0.0
L000550,B01178,2021-11-28,2023-11-28,auto,Sudurpashchim,services,business_owner,67,F,single,secondary,118475,597,586679,11.56,24,vehicle,0.4,0.4129,576104.2,95155.76,current,0,0,305803.15,0.0,2021-Q4,0,0.0
L000551,B01634,2024-10-04,2025-10-04,SME,Koshi,manufacturing,salaried,65,M,single,secondary,71616,631,598361,10.26,12,cash_deposit,0.4,0.2246,645029.17,57942.94,60_dpd,66,0,473644.31,0.0,2024-Q4,0,0.0
L000552,B00730,2024-04-17,2027-04-17,auto,Koshi,education,informal,30,M,married,bachelor,71064,726,273656,13.12,36,vehicle,0.1523,0.412,276985.09,17385.6,60_dpd,67,0,206154.45,0.0,2024-Q2,0,0.0
L000553,B00759,2024-09-15,2027-09-15,home,Gandaki,agriculture,informal,66,F,married,bachelor,56166,618,395227,13.34,36,property,0.4,0.2016,381902.33,30800.15,current,0,0,308603.97,0.0,2024-Q3,0,0.0
L000554,B00336,2022-06-05,2023-06-05,personal,Bagmati,manufacturing,self-employed,50,F,married,phd,154606,559,50824,18.26,12,none,0.4,0.6551,53416.59,13997.05,30_dpd,58,0,36711.02,0.0,2022-Q2,0,0.0
L000555,B01387,2022-09-15,2027-09-15,personal,Karnali,agriculture,agriculture,43,F,single,secondary,54620,632,79241,16.15,60,guarantee,0.4,0.4165,83286.33,13875.93,current,0,0,62306.5,0.0,2022-Q3,0,0.0
L000556,B01519,2021-09-16,2026-09-16,home,Koshi,manufacturing,self-employed,64,M,married,master,114925,595,719191,12.12,60,guarantee,0.4,0.5642,771529.86,174104.64,90_dpd,103,0,173520.7,0.0,2021-Q3,1,0.0
L000557,B00550,2023-04-24,2027-04-24,SME,Madhesh,retail,agriculture,66,M,single,phd,34972,661,1197077,14.78,48,vehicle,0.4,0.5471,1214315.88,265751.61,60_dpd,86,0,136611.9,0.0,2023-Q2,0,0.0
L000558,B00484,2025-09-20,2027-09-20,auto,Madhesh,services,salaried,46,M,married,bachelor,72967,689,151937,10.86,24,vehicle,0.2371,0.5533,158211.64,20754.41,current,0,0,21699.32,0.0,2025-Q3,0,0.0
L000559,B01711,2026-05-21,2027-11-21,SME,Karnali,services,self-employed,23,M,married,secondary,129152,696,683836,13.44,18,cash_deposit,0.2018,0.3047,643967.44,39596.6,90_dpd,96,0,67280.99,0.0,2026-Q2,1,0.0
L000560,B00604,2021-05-18,2023-05-18,personal,Madhesh,health,agriculture,42,M,married,secondary,56767,694,308388,15.71,24,none,0.2415,0.6742,321736.64,52377.94,60_dpd,71,0,241473.23,0.0,2021-Q2,0,0.0
L000561,B01171,2021-09-03,2022-09-03,micro,Lumbini,education,self-employed,65,F,divorced,phd,114649,612,52429,23.16,12,none,0.4,0.8111,51460.06,16694.71,current,0,0,43155.39,0.0,2021-Q3,0,0.0
L000562,B00865,2024-05-19,2027-05-19,home,Sudurpashchim,construction,salaried,24,M,divorced,primary,63029,619,1608406,13.84,36,property,0.4,0.261,1578532.0,164810.64,closed,0,0,0.0,0.0,2024-Q2,0,0.0
L000563,B01763,2023-09-15,2026-09-15,personal,Madhesh,retail,informal,65,F,married,bachelor,59392,679,145121,16.45,36,none,0.3839,0.6767,152617.34,39652.28,90_dpd,97,0,95379.36,0.0,2023-Q3,1,0.0
L000564,B01780,2023-04-14,2024-04-14,micro,Lumbini,construction,self-employed,59,M,married,primary,126297,668,31089,19.21,12,none,0.4,0.6562,30201.85,7926.95,current,0,0,11008.09,0.0,2023-Q2,0,0.0
L000565,B01354,2021-10-01,2026-10-01,personal,Madhesh,construction,agriculture,34,F,widowed,secondary,66654,732,121250,15.19,60,none,0.1076,0.7577,123407.68,10065.1,90_dpd,95,0,30781.67,0.0,2021-Q4,1,0.0
L000566,B01741,2025-02-13,2026-08-13,personal,Madhesh,health,salaried,65,M,married,bachelor,85010,595,109886,18.22,18,guarantee,0.4,0.4898,102405.89,20064.16,current,0,0,18799.27,0.0,2025-Q1,0,0.0
L000567,B01327,2021-02-21,2024-02-21,personal,Madhesh,agriculture,self-employed,39,F,single,secondary,81683,699,79073,15.37,36,cash_deposit,0.2178,0.3099,74740.31,5045.38,current,0,0,27817.12,0.0,2021-Q1,0,0.0
L000568,B01714,2021-06-18,2025-06-18,personal,Madhesh,construction,salaried,32,M,single,secondary,73522,677,157839,18.23,48,cash_deposit,0.3362,0.2817,164753.63,15599.68,closed,0,0,0.0,0.0,2021-Q2,0,0.0
L000569,B00588,2024-02-28,2028-02-28,micro,Sudurpashchim,wholesale,self-employed,43,F,married,secondary,112507,614,26025,18.43,48,none,0.4,0.756,26501.61,8013.92,current,0,0,3271.08,0.0,2024-Q1,0,0.0
L000570,B01006,2022-09-16,2023-09-16,auto,Lumbini,retail,business_owner,68,M,married,secondary,142629,704,227387,12.06,12,guarantee,0.1661,0.3977,211315.34,13962.51,current,0,0,103763.95,0.0,2022-Q3,0,0.0
L000571,B00144,2024-10-15,2026-04-15,auto,Sudurpashchim,manufacturing,self-employed,59,F,single,secondary,97981,624,123060,13.67,18,guarantee,0.4,0.3466,114579.46,15883.23,current,0,0,21009.56,0.0,2024-Q4,0,0.0
L000572,B01541,2023-09-27,2026-09-27,home,Koshi,construction,self-employed,32,M,married,secondary,33708,611,615663,13.54,36,property,0.4,0.3709,647034.76,95988.96,closed,0,0,0.0,0.0,2023-Q3,0,0.0
L000573,B01134,2022-07-01,2025-07-01,micro,Bagmati,services,agriculture,22,F,single,master,53392,694,31820,18.97,36,cash_deposit,0.2415,0.2714,29816.43,1954.33,current,0,0,17805.46,0.0,2022-Q3,0,0.0
L000574,B00113,2023-01-16,2024-01-16,micro,Lumbini,health,salaried,25,M,married,secondary,37847,669,49541,15.87,12,guarantee,0.3875,0.2918,50592.27,5721.38,30_dpd,35,0,11121.68,0.0,2023-Q1,0,0.0
L000575,B01588,2026-02-18,2031-02-18,personal,Gandaki,retail,salaried,43,M,married,bachelor,74211,567,138605,17.89,60,guarantee,0.4,0.4893,133029.63,26038.63,30_dpd,52,0,75712.43,0.0,2026-Q1,0,0.0
L000576,B01392,2026-05-23,2031-05-23,SME,Koshi,construction,salaried,58,M,married,bachelor,51621,640,829234,11.67,60,cash_deposit,0.4,0.3133,765691.06,95960.4,30_dpd,36,0,702777.34,0.0,2026-Q2,0,0.0
L000577,B00583,2024-04-19,2027-04-19,SME,Karnali,construction,self-employed,38,F,single,secondary,51906,625,191939,13.7,36,guarantee,0.4,0.4761,183131.63,34873.16,closed,0,0,0.0,0.0,2024-Q2,0,0.0
L000578,B00446,2022-06-20,2024-06-20,home,Sudurpashchim,health,business_owner,65,F,single,primary,147273,607,406878,11.23,24,property,0.4,0.2076,436329.14,36235.47,30_dpd,33,0,141679.66,0.0,2022-Q2,0,0.0
L000579,B01256,2025-11-23,2027-05-23,home,Karnali,wholesale,salaried,22,F,single,primary,85506,741,353970,9.48,18,guarantee,0.0591,0.5249,370497.72,11500.1,current,0,0,95872.52,0.0,2025-Q4,0,0.0
L000580,B00245,2025-01-31,2026-07-31,home,Sudurpashchim,services,agriculture,29,M,married,bachelor,60042,628,550362,13.1,18,property,0.4,0.3099,570958.78,70782.16,90_dpd,94,0,168084.2,0.0,2025-Q1,1,0.0
L000581,B00819,2025-11-07,2027-05-07,SME,Gandaki,services,agriculture,52,F,married,primary,53653,591,442725,15.38,18,cash_deposit,0.4,0.2646,417802.68,44219.31,current,0,0,210065.45,0.0,2025-Q4,0,0.0
L000582,B00888,2025-06-12,2027-06-12,home,Sudurpashchim,retail,salaried,24,M,married,primary,71227,674,653565,9.02,24,property,0.325,0.2953,693485.22,66543.2,current,0,0,353432.61,0.0,2025-Q2,0,0.0
L000583,B00431,2021-02-21,2023-02-21,SME,Bagmati,retail,salaried,42,M,married,phd,68465,693,994224,13.72,24,property,0.2164,0.2769,1042303.59,62466.74,current,0,0,408911.92,0.0,2021-Q1,0,0.0
L000584,B01310,2022-10-04,2024-04-04,auto,Madhesh,manufacturing,informal,67,M,single,secondary,63380,603,442487,13.54,18,cash_deposit,0.4,0.3624,468705.38,67950.15,defaulted,180,1,445246.05,16466.55,2022-Q4,1,51483.59999999999
L000585,B00590,2021-06-09,2022-06-09,personal,Karnali,services,business_owner,57,M,married,bachelor,96796,797,91812,17.13,12,guarantee,0.0348,0.2485,88375.78,763.55,defaulted,117,1,46597.35,111.34,2021-Q2,1,652.2099999999999
L000586,B01385,2023-12-15,2026-12-15,personal,Lumbini,health,salaried,22,M,married,secondary,79944,623,125998,14.36,36,cash_deposit,0.4,0.2519,126080.19,12702.59,current,0,0,60734.47,0.0,2023-Q4,0,0.0
L000587,B00114,2021-06-04,2022-06-04,SME,Lumbini,retail,salaried,62,M,single,bachelor,77563,753,1800000,15.32,12,guarantee,0.0401,0.3859,1930504.99,29854.22,current,0,0,1514439.13,0.0,2021-Q2,0,0.0
L000588,B00010,2026-02-21,2031-02-21,home,Koshi,manufacturing,salaried,31,F,married,secondary,102542,759,1653765,9.34,60,property,0.0325,0.4582,1667253.87,24842.71,90_dpd,93,0,1345045.49,0.0,2026-Q1,1,0.0
L000589,B01767,2023-06-28,2028-06-28,personal,Koshi,services,agriculture,47,M,married,secondary,43667,751,78509,13.71,60,none,0.0729,0.6829,73973.25,3680.7,current,0,0,66682.12,0.0,2023-Q2,0,0.0
L000590,B00557,2023-02-01,2024-02-01,home,Bagmati,education,salaried,28,M,single,secondary,75426,782,240582,13.06,12,cash_deposit,0.0725,0.2422,238137.43,4182.18,current,0,0,73598.5,0.0,2023-Q1,0,0.0
L000591,B01146,2021-06-11,2025-06-11,personal,Karnali,manufacturing,informal,67,M,married,bachelor,43701,619,94647,17.53,48,guarantee,0.4,0.3615,94301.8,13637.13,current,0,0,52362.18,0.0,2021-Q2,0,0.0
L000592,B01228,2026-02-22,2031-02-22,personal,Lumbini,agriculture,salaried,60,M,single,secondary,97260,593,91396,13.67,60,none,0.4,0.5719,98664.15,22569.51,current,0,0,26056.84,0.0,2026-Q1,0,0.0
L000593,B00426,2022-05-15,2024-05-15,home,Lumbini,agriculture,business_owner,52,F,married,secondary,154489,751,481790,8.16,24,property,0.0429,0.2704,446277.36,5171.75,current,0,0,436854.46,0.0,2022-Q2,0,0.0
L000594,B01086,2021-03-31,2022-03-31,micro,Lumbini,retail,business_owner,25,M,widowed,bachelor,118288,646,25000,17.1,12,guarantee,0.4,0.417,23416.82,3905.76,60_dpd,83,0,13320.21,0.0,2021-Q1,0,0.0
L000595,B00546,2024-11-19,2029-11-19,SME,Karnali,retail,self-employed,49,M,single,bachelor,113021,664,352323,11.89,60,guarantee,0.3913,0.3474,377972.87,51383.68,90_dpd,116,0,117297.72,0.0,2024-Q4,1,0.0
L000596,B00895,2025-05-23,2030-05-23,personal,Sudurpashchim,retail,self-employed,47,M,married,primary,37840,689,150247,17.02,60,none,0.2671,0.7065,159934.44,30177.36,current,0,0,45408.14,0.0,2025-Q2,0,0.0
L000597,B01096,2022-10-23,2027-10-23,auto,Bagmati,construction,salaried,21,M,married,bachelor,23585,749,125786,15.57,60,cash_deposit,0.0458,0.3197,122640.4,1795.66,current,0,0,14670.43,0.0,2022-Q4,0,0.0
L000598,B00549,2023-12-04,2028-12-04,personal,Koshi,manufacturing,self-employed,51,M,single,secondary,78925,670,109677,10.67,60,none,0.3809,0.7774,115232.01,34121.49,current,0,0,12642.06,0.0,2023-Q4,0,0.0
L000599,B00475,2025-10-27,2029-10-27,personal,Gandaki,construction,salaried,65,F,married,secondary,90702,670,143938,16.7,48,guarantee,0.3809,0.3284,147233.69,18419.81,current,0,0,128666.47,0.0,2025-Q4,0,0.0
L000600,B00757,2021-03-20,2022-09-20,auto,Lumbini,education,salaried,49,F,single,bachelor,81734,653,628755,16.82,18,guarantee,0.4,0.3649,599548.45,87508.97,30_dpd,45,0,202660.53,0.0,2021-Q1,0,0.0
L000601,B01192,2026-05-04,2027-05-04,personal,Sudurpashchim,agriculture,business_owner,31,M,married,master,102142,620,64180,18.8,12,guarantee,0.4,0.3737,62490.2,9339.94,closed,0,0,0.0,0.0,2026-Q2,0,0.0
L000602,B01265,2025-03-28,2026-03-28,micro,Sudurpashchim,retail,salaried,44,M,married,secondary,69381,730,54674,18.74,12,none,0.1723,0.7569,51535.77,6721.45,30_dpd,57,0,17600.15,0.0,2025-Q1,0,0.0
L000603,B01647,2023-06-13,2026-06-13,home,Karnali,agriculture,agriculture,35,F,married,phd,43523,638,804437,9.28,36,property,0.4,0.1411,858487.25,48439.88,30_dpd,37,0,452386.37,0.0,2023-Q2,0,0.0
L000604,B01113,2022-03-21,2023-03-21,auto,Karnali,manufacturing,business_owner,24,F,single,bachelor,231199,621,591848,13.88,12,cash_deposit,0.4,0.2103,603608.84,50764.09,current,0,0,417978.85,0.0,2022-Q1,0,0.0
L000605,B00166,2021-01-28,2024-01-28,auto,Koshi,retail,informal,33,M,single,master,33710,647,125424,12.39,36,vehicle,0.4,0.4488,134607.23,24163.79,30_dpd,44,0,41198.07,0.0,2021-Q1,0,0.0
L000606,B00946,2024-01-26,2027-01-26,SME,Madhesh,services,salaried,46,F,married,secondary,125795,613,1015736,11.99,36,guarantee,0.4,0.442,975708.49,172512.56,current,0,0,224911.49,0.0,2024-Q1,0,0.0
L000607,B00367,2024-06-26,2028-06-26,auto,Sudurpashchim,retail,agriculture,49,F,divorced,bachelor,54253,675,225408,15.77,48,guarantee,0.3187,0.3083,236357.79,23216.39,30_dpd,42,0,150211.94,0.0,2024-Q2,0,0.0
L000608,B00279,2021-05-02,2022-05-02,home,Madhesh,manufacturing,informal,69,F,married,secondary,43113,668,1877661,13.03,12,cash_deposit,0.3642,0.3516,1866694.31,239022.9,30_dpd,50,0,1776729.75,0.0,2021-Q2,0,0.0
L000609,B00279,2026-04-20,2031-04-20,personal,Madhesh,manufacturing,informal,69,F,married,secondary,43113,718,240058,14.11,60,cash_deposit,0.1453,0.1602,228927.45,5329.1,30_dpd,44,0,166043.41,0.0,2026-Q2,0,0.0
L000610,B00751,2025-10-19,2026-10-19,auto,Gandaki,education,salaried,29,F,married,bachelor,56680,614,196597,14.81,12,vehicle,0.4,0.4237,206300.82,34961.37,closed,0,0,0.0,0.0,2025-Q4,0,0.0
L000611,B00834,2023-07-30,2025-07-30,personal,Karnali,health,informal,50,F,married,master,37031,738,98529,17.04,24,cash_deposit,0.0949,0.2686,93865.8,2391.6,current,0,0,25594.01,0.0,2023-Q3,0,0.0
L000612,B00699,2022-02-27,2024-02-27,personal,Sudurpashchim,construction,business_owner,45,M,married,primary,158075,643,193505,16.93,24,none,0.4,0.6536,187797.4,49094.56,current,0,0,46853.68,0.0,2022-Q1,0,0.0
L000613,B00909,2023-07-16,2025-07-16,auto,Bagmati,construction,self-employed,25,M,divorced,master,95598,735,299483,14.56,24,cash_deposit,0.071,0.2954,304688.07,6391.13,current,0,0,219510.27,0.0,2023-Q3,0,0.0
L000614,B00341,2025-05-07,2027-05-07,personal,Madhesh,agriculture,salaried,47,M,single,secondary,62042,587,71477,21.86,24,guarantee,0.4,0.5069,66513.17,13487.08,current,0,0,6720.3,0.0,2025-Q2,0,0.0
L000615,B00016,2025-10-16,2027-10-16,personal,Madhesh,health,agriculture,23,F,married,secondary,41150,670,33986,14.42,24,guarantee,0.3809,0.4493,31873.73,5454.75,closed,0,0,0.0,0.0,2025-Q4,0,0.0
L000616,B01233,2021-05-20,2024-05-20,SME,Gandaki,services,business_owner,21,M,married,bachelor,152138,743,545215,12.09,36,vehicle,0.0556,0.4248,574671.43,13559.75,current,0,0,233332.74,0.0,2021-Q2,0,0.0
L000617,B01549,2022-08-07,2026-08-07,SME,Lumbini,education,salaried,30,F,divorced,bachelor,73378,564,967870,10.16,48,property,0.4,0.316,930227.58,117596.61,current,0,0,837645.11,0.0,2022-Q3,0,0.0
L000618,B01370,2023-03-19,2027-03-19,home,Karnali,education,salaried,43,F,married,master,71396,661,856137,7.61,48,property,0.4,0.2094,820305.08,68700.04,closed,0,0,0.0,0.0,2023-Q1,0,0.0
L000619,B01363,2024-10-11,2029-10-11,auto,Lumbini,wholesale,self-employed,51,F,married,secondary,61781,674,739127,12.86,60,vehicle,0.325,0.3696,703231.64,84463.69,current,0,0,622775.88,0.0,2024-Q4,0,0.0
L000620,B01758,2022-06-25,2027-06-25,personal,Bagmati,services,self-employed,53,F,single,master,88113,564,78426,16.34,60,cash_deposit,0.4,0.2473,78317.08,7747.55,current,0,0,8266.64,0.0,2022-Q2,0,0.0
L000621,B00964,2024-08-14,2029-08-14,personal,Koshi,agriculture,salaried,59,F,single,secondary,22755,736,91066,13.83,60,guarantee,0.0989,0.4751,90446.09,4250.47,current,0,0,46885.91,0.0,2024-Q3,0,0.0
L000622,B01368,2021-09-03,2022-09-03,home,Karnali,agriculture,business_owner,27,F,single,secondary,127721,721,803384,11.7,12,property,0.1062,0.2602,755753.88,20894.66,current,0,0,290794.06,0.0,2021-Q3,0,0.0
L000623,B00621,2025-08-28,2028-08-28,SME,Bagmati,education,agriculture,25,M,married,bachelor,50546,699,530646,14.96,36,guarantee,0.1878,0.3571,551107.14,36966.06,current,0,0,347635.04,0.0,2025-Q3,0,0.0
L000624,B00054,2021-04-16,2025-04-16,personal,Madhesh,retail,business_owner,67,M,married,secondary,156833,630,60026,17.94,48,none,0.4,0.7001,57886.59,16210.81,closed,0,0,0.0,0.0,2021-Q2,0,0.0
L000625,B00900,2024-12-13,2029-12-13,SME,Koshi,retail,self-employed,41,F,married,secondary,84735,704,156148,13.78,60,cash_deposit,0.1661,0.2707,150502.76,6767.12,current,0,0,82606.02,0.0,2024-Q4,0,0.0
L000626,B01092,2025-01-25,2026-01-25,auto,Bagmati,wholesale,salaried,54,F,single,secondary,48954,619,170695,14.12,12,vehicle,0.4,0.4102,179129.36,29391.33,current,0,0,76970.01,0.0,2025-Q1,0,0.0
L000627,B00470,2024-02-01,2027-02-01,personal,Madhesh,retail,salaried,54,F,widowed,master,76057,547,88923,20.27,36,cash_deposit,0.4,0.244,95271.39,9299.03,current,0,0,14965.15,0.0,2024-Q1,0,0.0
L000628,B01765,2023-05-06,2025-05-06,personal,Koshi,manufacturing,self-employed,62,F,married,secondary,125100,726,57208,21.79,24,guarantee,0.1223,0.4499,53129.32,2924.09,60_dpd,79,0,6848.4,0.0,2023-Q2,0,0.0
L000629,B01435,2025-03-21,2027-03-21,personal,Sudurpashchim,retail,business_owner,58,F,married,secondary,112206,668,101332,16.6,24,guarantee,0.3942,0.4646,100799.5,18461.19,90_dpd,104,0,66568.44,0.0,2025-Q1,1,0.0
L000630,B00851,2023-02-04,2025-02-04,home,Koshi,services,self-employed,38,M,single,primary,136173,574,739017,11.46,24,property,0.4,0.363,755145.99,109640.25,current,0,0,517192.54,0.0,2023-Q1,0,0.0
L000631,B00489,2024-09-08,2027-09-08,micro,Karnali,education,business_owner,34,F,married,bachelor,84182,850,34381,22.69,36,guarantee,0.0233,0.3854,35491.74,318.53,current,0,0,30082.78,0.0,2024-Q3,0,0.0
L000632,B00594,2022-05-15,2025-05-15,home,Madhesh,manufacturing,self-employed,43,M,married,secondary,82894,710,601906,12.82,36,property,0.1426,0.3266,562741.69,26211.06,current,0,0,125029.33,0.0,2022-Q2,0,0.0
L000633,B00775,2023-06-06,2026-06-06,home,Sudurpashchim,agriculture,business_owner,52,M,married,secondary,122905,669,871439,10.41,36,guarantee,0.3575,0.3992,834665.73,119115.77,current,0,0,203612.85,0.0,2023-Q2,0,0.0
L000634,B00832,2026-04-20,2028-04-20,SME,Madhesh,health,salaried,25,F,widowed,bachelor,68159,660,587003,16.2,24,cash_deposit,0.4,0.337,611503.16,82431.46,60_dpd,78,0,299594.3,0.0,2026-Q2,0,0.0
L000635,B01397,2024-01-14,2029-01-14,auto,Lumbini,health,informal,55,M,single,primary,51794,630,570133,15.78,60,vehicle,0.4,0.5262,599893.83,126260.04,30_dpd,33,0,512895.91,0.0,2024-Q1,0,0.0
L000636,B01644,2024-09-21,2027-09-21,auto,Koshi,wholesale,salaried,66,M,married,master,87469,719,448230,9.89,36,vehicle,0.1122,0.3993,438930.78,19672.22,current,0,0,329972.04,0.0,2024-Q3,0,0.0
L000637,B00645,2023-10-12,2027-10-12,personal,Karnali,manufacturing,informal,30,F,married,bachelor,76274,753,124451,14.88,48,none,0.0701,0.7399,116508.48,6040.9,90_dpd,113,0,62200.13,0.0,2023-Q4,1,0.0
L000638,B00994,2022-12-23,2024-12-23,personal,Lumbini,health,salaried,57,M,single,primary,63312,693,58091,16.33,24,none,0.2464,0.7924,62605.98,12225.92,30_dpd,50,0,43756.09,0.0,2022-Q4,0,0.0
L000639,B00004,2023-07-29,2025-01-29,SME,Gandaki,manufacturing,salaried,63,M,single,secondary,66688,609,169156,15.86,18,vehicle,0.4,0.5349,159799.34,34188.85,current,0,0,129665.93,0.0,2023-Q3,0,0.0
L000640,B00369,2022-01-12,2024-01-12,auto,Gandaki,agriculture,business_owner,66,F,married,bachelor,134586,649,1238813,11.39,24,guarantee,0.4,0.3718,1225169.03,182222.25,current,0,0,351908.98,0.0,2022-Q1,0,0.0
L000641,B01355,2025-07-10,2027-07-10,micro,Koshi,retail,agriculture,52,M,single,secondary,47097,652,25000,18.4,24,guarantee,0.4,0.4746,26264.51,4986.42,current,0,0,19856.05,0.0,2025-Q3,0,0.0
L000642,B01562,2025-08-16,2028-08-16,auto,Madhesh,wholesale,salaried,68,F,married,bachelor,32225,707,381156,10.87,36,guarantee,0.154,0.4951,399509.16,30466.62,current,0,0,345331.92,0.0,2025-Q3,0,0.0
L000643,B00787,2026-01-25,2030-01-25,auto,Lumbini,health,business_owner,54,M,single,secondary,153039,709,227884,11.98,48,vehicle,0.1463,0.364,239848.28,12777.64,current,0,0,145511.65,0.0,2026-Q1,0,0.0
L000644,B01768,2021-07-08,2023-07-08,auto,Koshi,wholesale,self-employed,58,F,single,master,72222,792,234383,10.48,24,cash_deposit,0.007,0.2714,217768.94,413.99,current,0,0,135515.59,0.0,2021-Q3,0,0.0
L000645,B01202,2025-08-26,2031-08-26,SME,Karnali,services,salaried,63,M,widowed,master,60920,754,286086,13.03,72,guarantee,0.0387,0.3054,285288.45,3374.98,current,0,0,232931.49,0.0,2025-Q3,0,0.0
L000646,B00492,2025-11-05,2030-11-05,personal,Bagmati,services,self-employed,67,F,married,bachelor,93781,589,156167,15.5,60,none,0.4,0.7689,157794.19,48531.76,current,0,0,155635.5,0.0,2025-Q4,0,0.0
L000647,B01129,2021-12-28,2022-12-28,personal,Madhesh,agriculture,business_owner,53,M,married,secondary,112348,632,131895,14.9,12,cash_deposit,0.4,0.2764,138240.99,15284.81,60_dpd,65,0,132746.7,0.0,2021-Q4,0,0.0
L000648,B00438,2023-08-12,2025-08-12,auto,Gandaki,education,agriculture,53,F,single,secondary,62328,641,331659,9.74,24,cash_deposit,0.4,0.3119,324066.26,40428.3,60_dpd,73,0,308311.47,0.0,2023-Q3,0,0.0
L000649,B01282,2025-06-01,2026-12-01,auto,Koshi,retail,self-employed,40,M,married,bachelor,86844,624,273449,11.67,18,vehicle,0.4,0.4077,284183.53,46340.11,defaulted,148,1,136557.05,6342.09,2025-Q2,1,39998.020000000004
L000650,B01114,2026-03-10,2032-03-10,home,Koshi,education,salaried,45,M,married,master,59559,690,571321,12.47,72,property,0.2918,0.3035,593841.19,52598.58,current,0,0,401339.3,0.0,2026-Q1,0,0.0
L000651,B00948,2025-11-21,2029-11-21,auto,Sudurpashchim,services,self-employed,27,M,married,secondary,112604,641,396075,10.5,48,cash_deposit,0.4,0.2175,373486.76,32495.11,current,0,0,76221.19,0.0,2025-Q4,0,0.0
L000652,B00910,2024-04-11,2028-04-11,personal,Sudurpashchim,wholesale,self-employed,61,F,single,secondary,35549,619,49928,15.07,48,cash_deposit,0.4,0.309,48263.38,5965.04,90_dpd,105,0,36742.35,0.0,2024-Q2,1,0.0
L000653,B00215,2023-10-10,2026-10-10,SME,Sudurpashchim,wholesale,agriculture,37,F,married,bachelor,21748,677,792248,12.98,36,guarantee,0.3062,0.4159,778532.7,99133.37,current,0,0,541284.74,0.0,2023-Q4,0,0.0
L000654,B01443,2025-07-20,2028-07-20,home,Karnali,services,self-employed,62,M,married,secondary,147878,570,1369518,12.06,36,property,0.4,0.3082,1277037.24,157438.54,30_dpd,38,0,453503.37,0.0,2025-Q3,0,0.0
L000655,B01404,2024-11-04,2026-11-04,personal,Gandaki,services,business_owner,66,F,married,secondary,88175,699,206501,16.58,24,none,0.2178,0.8365,194260.48,35396.24,60_dpd,83,0,108055.23,0.0,2024-Q4,0,0.0
L000656,B00838,2025-08-11,2028-08-11,SME,Sudurpashchim,wholesale,self-employed,43,M,married,bachelor,75250,544,314697,16.25,36,vehicle,0.4,0.5231,297832.34,62315.55,current,0,0,48337.24,0.0,2025-Q3,0,0.0
L000657,B00622,2024-07-07,2026-01-07,SME,Bagmati,services,self-employed,55,M,married,secondary,93970,773,1436781,13.15,18,guarantee,0.0189,0.3625,1448033.76,9925.96,current,0,0,987119.55,0.0,2024-Q3,0,0.0
L000658,B01771,2026-02-06,2030-02-06,personal,Sudurpashchim,agriculture,informal,63,F,single,bachelor,45222,606,124131,16.86,48,guarantee,0.4,0.3901,116390.38,18162.73,closed,0,0,0.0,0.0,2026-Q1,0,0.0
L000659,B01642,2025-08-14,2026-08-14,SME,Bagmati,retail,self-employed,68,F,married,secondary,77208,663,1034704,13.12,12,property,0.3982,0.2596,997311.08,103092.16,current,0,0,650669.22,0.0,2025-Q3,0,0.0
L000660,B00318,2026-02-13,2031-02-13,auto,Bagmati,construction,informal,56,M,married,primary,42599,657,303462,9.94,60,guarantee,0.4,0.3895,325811.09,50756.82,current,0,0,245850.21,0.0,2026-Q1,0,0.0
L000661,B01633,2021-07-06,2024-07-06,personal,Gandaki,construction,salaried,23,F,married,secondary,75346,669,60168,22.18,36,none,0.3875,0.725,56401.11,15846.67,current,0,0,41655.28,0.0,2021-Q3,0,0.0
L000662,B00348,2026-04-27,2029-04-27,home,Karnali,construction,salaried,67,F,single,master,96486,602,1510502,11.79,36,property,0.4,0.3312,1450768.04,192174.4,60_dpd,83,0,215324.46,0.0,2026-Q2,0,0.0
L000663,B01682,2025-02-19,2028-02-19,micro,Koshi,health,agriculture,69,M,single,secondary,27621,750,45481,17.94,36,guarantee,0.0743,0.4951,48611.48,1788.43,30_dpd,44,0,18526.4,0.0,2025-Q1,0,0.0
L000664,B00763,2023-10-29,2025-10-29,micro,Sudurpashchim,services,salaried,25,M,married,secondary,59215,666,92172,21.99,24,none,0.4,0.7225,87525.94,25296.57,defaulted,101,1,45587.29,10433.37,2023-Q4,1,14863.199999999999
L000665,B00161,2021-01-13,2022-07-13,personal,Madhesh,retail,salaried,65,F,single,bachelor,54279,551,162801,15.64,18,none,0.4,0.5783,152394.57,35254.88,current,0,0,16185.86,0.0,2021-Q1,0,0.0
L000666,B01370,2022-11-11,2023-11-11,home,Karnali,education,salaried,43,F,married,master,71396,633,1494335,14.22,12,property,0.4,0.2954,1596127.15,188597.8,current,0,0,276476.57,0.0,2022-Q4,0,0.0
L000667,B00179,2025-01-14,2031-01-14,auto,Lumbini,retail,salaried,40,M,married,secondary,72323,639,425303,8.72,72,guarantee,0.4,0.4554,416002.89,75786.93,90_dpd,90,0,258000.73,0.0,2025-Q1,1,0.0
L000668,B00902,2025-04-03,2027-04-03,home,Madhesh,services,self-employed,38,F,married,primary,123635,589,846645,10.01,24,property,0.4,0.1263,879116.06,44424.04,30_dpd,54,0,255317.68,0.0,2025-Q2,0,0.0
L000669,B01264,2022-01-13,2027-01-13,home,Gandaki,services,business_owner,64,M,married,master,15000,618,608028,7.5,60,property,0.4,0.3546,611136.29,86695.57,closed,0,0,0.0,0.0,2022-Q1,0,0.0
L000670,B00856,2025-02-13,2031-02-13,personal,Madhesh,services,business_owner,58,F,single,primary,112905,739,81834,15.49,72,none,0.0929,0.6289,75805.14,4429.12,current,0,0,27594.02,0.0,2025-Q1,0,0.0
L000671,B00692,2025-05-29,2028-05-29,SME,Lumbini,services,salaried,61,F,married,bachelor,70881,667,391819,12.8,36,property,0.3709,0.1686,407283.39,25467.29,30_dpd,57,0,201482.3,0.0,2025-Q2,0,0.0
L000672,B01375,2022-06-12,2023-06-12,personal,Gandaki,agriculture,informal,56,M,married,bachelor,55031,733,190129,13.37,12,guarantee,0.1654,0.3879,181323.47,11632.09,defaulted,92,1,107514.12,2072.04,2022-Q2,1,9560.05
L000673,B01152,2024-05-02,2027-05-02,home,Lumbini,wholesale,salaried,56,F,married,bachelor,88228,640,1276763,7.5,36,guarantee,0.4,0.3913,1232205.37,192862.13,defaulted,105,1,1030458.5,77268.7,2024-Q2,1,115593.43000000001
L000674,B00723,2023-07-28,2028-07-28,SME,Sudurpashchim,wholesale,salaried,51,F,widowed,bachelor,87779,670,889307,13.73,60,property,0.3509,0.2829,887598.16,88125.52,90_dpd,105,0,778931.59,0.0,2023-Q3,1,0.0
L000675,B00163,2024-03-22,2026-03-22,home,Madhesh,services,informal,63,M,married,master,72527,622,939743,11.88,24,property,0.4,0.2747,990786.44,108879.75,current,0,0,699970.89,0.0,2024-Q1,0,0.0
L000676,B00621,2022-09-08,2023-09-08,auto,Bagmati,education,agriculture,25,M,married,bachelor,50546,729,173977,14.92,12,vehicle,0.0847,0.4838,160612.1,6584.92,current,0,0,152695.38,0.0,2022-Q3,0,0.0
L000677,B00560,2022-04-15,2024-04-15,auto,Bagmati,services,salaried,30,M,married,secondary,58127,593,317168,15.0,24,guarantee,0.4,0.5931,297868.1,70663.95,90_dpd,106,0,251279.25,0.0,2022-Q2,1,0.0
L000678,B01122,2025-02-28,2030-02-28,personal,Sudurpashchim,construction,business_owner,60,M,married,secondary,103297,714,158265,14.41,60,guarantee,0.1584,0.4311,156035.47,10656.73,current,0,0,53302.59,0.0,2025-Q1,0,0.0
L000679,B01651,2022-08-19,2024-08-19,SME,Sudurpashchim,wholesale,salaried,32,M,divorced,secondary,83546,569,953431,8.46,24,property,0.4,0.2779,1018714.97,113245.8,current,0,0,522996.46,0.0,2022-Q3,0,0.0
L000680,B01404,2025-12-24,2026-12-24,micro,Gandaki,services,business_owner,66,F,married,secondary,88175,638,25000,16.92,12,guarantee,0.4,0.5406,24149.44,5221.61,30_dpd,55,0,14477.64,0.0,2025-Q4,0,0.0
L000681,B01317,2021-02-09,2022-08-09,SME,Karnali,education,salaried,58,M,married,secondary,48359,744,459109,15.56,18,property,0.0538,0.2926,456261.35,7185.96,current,0,0,227064.72,0.0,2021-Q1,0,0.0
L000682,B01392,2025-03-11,2028-03-11,personal,Koshi,construction,salaried,58,M,married,bachelor,51621,563,53038,16.84,36,cash_deposit,0.4,0.1342,55595.96,2984.6,current,0,0,12914.89,0.0,2025-Q1,0,0.0
L000683,B00911,2021-05-05,2026-05-05,SME,Lumbini,manufacturing,self-employed,32,M,divorced,secondary,75168,748,440672,11.7,60,vehicle,0.0473,0.4249,468925.4,9428.81,current,0,0,85731.25,0.0,2021-Q2,0,0.0
L000684,B01037,2021-05-10,2022-05-10,personal,Lumbini,wholesale,salaried,65,F,single,secondary,93625,684,85047,14.52,12,guarantee,0.2946,0.4128,82406.54,10021.43,60_dpd,62,0,41971.79,0.0,2021-Q2,0,0.0
L000685,B00113,2026-06-21,2029-06-21,auto,Lumbini,health,salaried,25,M,married,secondary,37847,696,105884,10.68,36,vehicle,0.2018,0.4717,110816.09,10546.87,current,0,0,55274.15,0.0,2026-Q2,0,0.0
L000686,B01291,2024-11-06,2027-11-06,home,Sudurpashchim,retail,salaried,21,F,married,secondary,56537,714,570354,10.33,36,property,0.1884,0.2816,549618.4,29156.53,90_dpd,109,0,93806.08,0.0,2024-Q4,1,0.0
L000687,B00703,2025-02-08,2026-02-08,micro,Madhesh,health,salaried,64,F,single,secondary,93280,682,30614,19.12,12,guarantee,0.3061,0.4107,30439.92,3826.79,current,0,0,16212.37,0.0,2025-Q1,0,0.0
L000688,B00498,2022-01-22,2026-01-22,SME,Gandaki,wholesale,self-employed,36,F,married,secondary,97024,593,890311,11.82,48,cash_deposit,0.4,0.2746,822515.98,90347.95,current,0,0,104176.64,0.0,2022-Q1,0,0.0
L000689,B01432,2021-07-08,2024-07-08,SME,Bagmati,agriculture,salaried,62,M,married,master,63455,688,527900,15.88,36,vehicle,0.2424,0.275,536191.7,35745.19,60_dpd,86,0,365468.89,0.0,2021-Q3,0,0.0
L000690,B01559,2026-03-04,2031-03-04,home,Lumbini,education,informal,35,M,single,bachelor,58241,626,886181,9.91,60,property,0.4,0.2531,948129.09,96006.4,current,0,0,428633.3,0.0,2026-Q1,0,0.0
L000691,B01305,2022-04-14,2025-04-14,SME,Gandaki,health,business_owner,60,M,single,bachelor,106358,661,617150,13.67,36,vehicle,0.4,0.3859,593586.43,91615.69,current,0,0,322570.31,0.0,2022-Q2,0,0.0
L000692,B00488,2025-02-24,2030-02-24,auto,Madhesh,health,self-employed,49,M,single,master,92805,654,335406,12.45,60,guarantee,0.4,0.3703,357536.29,52965.26,60_dpd,79,0,154783.04,0.0,2025-Q1,0,0.0
L000693,B00648,2026-03-24,2028-03-24,home,Lumbini,wholesale,salaried,58,M,single,secondary,64364,754,341038,12.13,24,property,0.0987,0.2905,349778.35,10032.64,30_dpd,54,0,215326.06,0.0,2026-Q1,0,0.0
L000694,B01634,2025-03-19,2029-03-19,micro,Koshi,manufacturing,salaried,65,M,single,secondary,71616,584,25000,14.29,48,none,0.4,0.7442,24381.8,7257.91,current,0,0,10860.9,0.0,2025-Q1,0,0.0
L000695,B00991,2025-02-10,2027-02-10,micro,Karnali,retail,self-employed,39,M,single,master,39043,692,79816,21.67,24,guarantee,0.2515,0.4756,76076.49,9098.64,30_dpd,38,0,20313.69,0.0,2025-Q1,0,0.0
L000696,B01491,2022-05-11,2023-05-11,SME,Koshi,retail,informal,63,F,married,master,42729,607,1202045,15.78,12,property,0.4,0.2875,1290524.14,148413.91,current,0,0,207533.68,0.0,2022-Q2,0,0.0
L000697,B00726,2021-09-16,2024-09-16,personal,Gandaki,services,business_owner,36,F,single,bachelor,78190,706,152456,16.54,36,cash_deposit,0.188,0.3415,163827.89,10517.8,current,0,0,149468.63,0.0,2021-Q3,0,0.0
L000698,B01065,2021-07-03,2026-07-03,SME,Madhesh,services,salaried,43,M,married,bachelor,63145,715,626607,15.49,60,vehicle,0.125,0.3836,630437.71,30234.39,closed,0,0,0.0,0.0,2021-Q3,0,0.0
L000699,B01178,2021-03-31,2024-03-31,personal,Sudurpashchim,services,business_owner,67,F,single,secondary,118475,626,50687,18.84,36,none,0.4,0.7604,50862.16,15470.86,defaulted,112,1,49896.94,6709.64,2021-Q1,1,8761.220000000001
L000700,B00311,2024-02-04,2030-02-04,home,Sudurpashchim,retail,informal,38,M,married,secondary,65530,699,439546,10.88,72,property,0.1878,0.3891,448692.73,32790.3,90_dpd,114,0,271420.07,0.0,2024-Q1,1,0.0
L000701,B01092,2024-12-21,2029-12-21,home,Bagmati,wholesale,salaried,54,F,single,secondary,48954,607,472482,12.44,60,property,0.4,0.3137,486924.88,61095.49,30_dpd,52,0,350581.55,0.0,2024-Q4,0,0.0
L000702,B00475,2022-06-08,2024-06-08,personal,Gandaki,construction,salaried,65,F,married,secondary,90702,664,158509,17.52,24,none,0.4,0.85,161649.29,54960.76,current,0,0,17598.94,0.0,2022-Q2,0,0.0
L000703,B01549,2024-10-14,2027-10-14,auto,Lumbini,education,salaried,30,F,divorced,bachelor,73378,602,762675,11.11,36,guarantee,0.4,0.4044,816180.17,132028.55,current,0,0,92569.45,0.0,2024-Q4,0,0.0
L000704,B01369,2025-11-07,2028-11-07,auto,Koshi,wholesale,informal,53,F,married,primary,58924,596,198032,14.93,36,vehicle,0.4,0.5031,194553.8,39151.38,60_dpd,73,0,101446.29,0.0,2025-Q4,0,0.0
L000705,B01770,2024-06-19,2028-06-19,personal,Madhesh,education,self-employed,25,F,widowed,secondary,140323,678,59178,15.21,48,guarantee,0.33,0.3028,60989.73,6094.16,current,0,0,41703.12,0.0,2024-Q2,0,0.0
L000706,B00300,2023-01-26,2028-01-26,auto,Sudurpashchim,retail,salaried,28,M,married,primary,70029,533,369373,14.67,60,vehicle,0.4,0.5079,352506.44,71621.09,30_dpd,45,0,65108.06,0.0,2023-Q1,0,0.0
L000707,B00960,2022-01-01,2026-01-01,home,Bagmati,wholesale,self-employed,45,M,single,bachelor,53137,775,1002571,13.77,48,property,0.0173,0.3306,1015338.81,5823.19,current,0,0,282462.74,0.0,2022-Q1,0,0.0
L000708,B00833,2024-01-04,2027-01-04,auto,Karnali,services,business_owner,50,M,married,master,141012,643,360914,14.54,36,guarantee,0.4,0.3566,358923.57,51194.33,current,0,0,171258.51,0.0,2024-Q1,0,0.0
L000709,B01545,2025-11-11,2030-11-11,personal,Bagmati,education,salaried,65,F,single,bachelor,90555,708,208709,17.0,60,cash_deposit,0.1801,0.2681,211942.71,10234.32,30_dpd,58,0,183559.27,0.0,2025-Q4,0,0.0
L000710,B01031,2024-10-24,2026-04-24,personal,Karnali,retail,salaried,58,F,single,secondary,67539,558,111410,15.94,18,cash_deposit,0.4,0.3929,107921.87,16959.43,30_dpd,35,0,104742.43,0.0,2024-Q4,0,0.0
L000711,B01134,2021-05-01,2023-05-01,home,Bagmati,services,agriculture,22,F,single,master,53392,730,826464,15.68,24,property,0.0823,0.2662,807887.43,17700.11,current,0,0,336587.31,0.0,2021-Q2,0,0.0
L000712,B00482,2023-01-01,2026-01-01,personal,Lumbini,construction,salaried,23,F,single,bachelor,56460,621,206106,16.09,36,none,0.4,0.7042,206362.37,58131.63,current,0,0,91836.56,0.0,2023-Q1,0,0.0
L000713,B00691,2021-05-17,2026-05-17,personal,Lumbini,agriculture,agriculture,28,O,married,secondary,47832,672,106020,14.53,60,none,0.3678,0.6241,99612.94,22867.34,current,0,0,44467.33,0.0,2021-Q2,0,0.0
L000714,B00183,2022-03-01,2028-03-01,micro,Madhesh,services,agriculture,45,F,divorced,secondary,76839,585,64849,18.01,72,cash_deposit,0.4,0.2083,63448.1,5286.7,closed,0,0,0.0,0.0,2022-Q1,0,0.0
L000715,B00100,2021-01-18,2022-01-18,auto,Bagmati,wholesale,salaried,27,M,single,secondary,82799,704,227143,14.57,12,vehicle,0.1661,0.4433,212038.55,15616.13,90_dpd,114,0,51693.4,0.0,2021-Q1,1,0.0
L000716,B00398,2024-06-10,2026-06-10,auto,Gandaki,construction,self-employed,53,M,married,bachelor,38643,726,203384,13.93,24,vehicle,0.0923,0.3686,189533.28,6451.36,90_dpd,115,0,89391.4,0.0,2024-Q2,1,0.0
L000717,B01753,2021-02-20,2023-02-20,home,Sudurpashchim,agriculture,salaried,44,F,divorced,primary,50692,569,886699,13.21,24,property,0.4,0.3694,918525.05,135718.15,current,0,0,420486.94,0.0,2021-Q1,0,0.0
L000718,B01406,2022-08-07,2025-08-07,SME,Gandaki,construction,business_owner,52,F,married,secondary,127340,798,1130774,13.29,36,property,0.005,0.4009,1109735.69,2224.71,current,0,0,910114.46,0.0,2022-Q3,0,0.0
L000719,B01798,2022-03-16,2023-03-16,auto,Gandaki,retail,self-employed,60,M,married,primary,119787,719,377867,14.05,12,vehicle,0.1122,0.476,401059.46,21424.36,current,0,0,338790.56,0.0,2022-Q1,0,0.0
L000720,B00714,2021-09-04,2023-03-04,personal,Gandaki,retail,salaried,55,M,married,bachelor,90108,676,81536,17.81,18,guarantee,0.3424,0.3431,75785.73,8902.31,current,0,0,41021.48,0.0,2021-Q3,0,0.0
L000721,B01466,2024-08-16,2027-08-16,micro,Madhesh,retail,informal,46,F,single,master,34116,625,40556,17.53,36,guarantee,0.4,0.415,41768.15,6933.21,closed,0,0,0.0,0.0,2024-Q3,0,0.0
L000722,B00508,2026-02-25,2029-02-25,home,Koshi,manufacturing,agriculture,43,F,married,bachelor,15000,637,1665752,10.15,36,guarantee,0.4,0.3829,1603891.47,245668.63,current,0,0,447387.28,0.0,2026-Q1,0,0.0
L000723,B00801,2021-10-08,2023-04-08,home,Lumbini,agriculture,salaried,43,M,married,bachelor,57128,751,1064797,9.34,18,property,0.0429,0.3158,1032830.71,13981.49,30_dpd,38,0,771469.14,0.0,2021-Q4,0,0.0
L000724,B01515,2024-05-16,2025-05-16,micro,Lumbini,manufacturing,salaried,54,M,married,phd,64242,536,25000,20.7,12,none,0.4,0.7216,26095.5,7532.47,current,0,0,21157.66,0.0,2024-Q2,0,0.0
L000725,B01241,2021-09-04,2023-09-04,personal,Koshi,construction,salaried,21,M,married,secondary,57336,848,86827,18.74,24,guarantee,0.0235,0.4291,93741.82,944.5,current,0,0,71530.28,0.0,2021-Q3,0,0.0
L000726,B00141,2022-07-23,2026-07-23,personal,Lumbini,construction,agriculture,25,M,single,secondary,68099,612,171333,18.02,48,guarantee,0.4,0.4621,162485.59,30036.19,current,0,0,140690.39,0.0,2022-Q3,0,0.0
L000727,B01316,2024-12-20,2025-12-20,SME,Gandaki,construction,self-employed,50,M,married,primary,107979,741,681306,14.62,12,guarantee,0.1191,0.4211,664117.05,33318.35,current,0,0,146670.36,0.0,2024-Q4,0,0.0
L000728,B01405,2022-09-10,2027-09-10,SME,Bagmati,retail,business_owner,43,M,single,secondary,176452,691,267869,14.24,60,guarantee,0.2266,0.4354,254021.74,25060.02,current,0,0,236104.62,0.0,2022-Q3,0,0.0
L000729,B00134,2024-09-26,2026-09-26,micro,Lumbini,services,self-employed,21,F,single,secondary,113122,562,56818,17.04,24,none,0.4,0.7729,59315.65,18339.02,current,0,0,58873.43,0.0,2024-Q3,0,0.0
L000730,B00290,2025-09-13,2030-09-13,personal,Sudurpashchim,education,salaried,39,F,single,secondary,72933,643,121357,16.2,60,none,0.4,0.6282,120124.87,30185.83,30_dpd,50,0,20104.57,0.0,2025-Q3,0,0.0
L000731,B01206,2022-02-15,2026-02-15,auto,Koshi,retail,self-employed,60,F,married,bachelor,171329,556,655421,16.99,48,guarantee,0.4,0.5796,670142.31,155372.56,60_dpd,77,0,141988.06,0.0,2022-Q1,0,0.0
L000732,B01389,2024-03-15,2025-03-15,home,Bagmati,retail,salaried,40,M,married,secondary,78808,686,681802,13.91,12,property,0.2534,0.2693,704101.23,48043.79,30_dpd,59,0,370785.42,0.0,2024-Q1,0,0.0
L000733,B01011,2025-09-21,2028-09-21,micro,Lumbini,services,self-employed,51,F,married,primary,51349,734,46647,21.12,36,cash_deposit,0.1032,0.1507,49185.84,764.95,defaulted,124,1,9552.48,295.54,2025-Q3,1,469.41
L000734,B01793,2021-07-09,2023-07-09,micro,Sudurpashchim,retail,self-employed,66,F,married,bachelor,131269,681,35802,17.55,24,none,0.312,0.734,33852.73,7752.76,60_dpd,66,0,30084.27,0.0,2021-Q3,0,0.0
L000735,B00778,2022-08-24,2024-02-24,SME,Lumbini,construction,salaried,31,M,divorced,secondary,110770,849,392210,13.56,18,guarantee,0.005,0.4911,387265.0,950.95,current,0,0,181434.25,0.0,2022-Q3,0,0.0
L000736,B00949,2026-02-19,2028-02-19,auto,Koshi,services,self-employed,23,F,married,master,76684,717,131954,11.63,24,vehicle,0.1185,0.4211,137592.82,6865.41,60_dpd,82,0,30411.95,0.0,2026-Q1,0,0.0
L000737,B00853,2022-09-25,2023-09-25,personal,Lumbini,manufacturing,salaried,35,F,married,secondary,65898,639,87345,11.42,12,none,0.4,0.6926,85487.42,23682.36,current,0,0,17618.74,0.0,2022-Q3,0,0.0
L000738,B01450,2021-04-25,2025-04-25,personal,Madhesh,agriculture,self-employed,60,F,married,secondary,92494,504,139992,15.65,48,none,0.4,0.7093,135981.21,38582.98,current,0,0,15740.9,0.0,2021-Q2,0,0.0
L000739,B01034,2021-08-28,2026-08-28,auto,Sudurpashchim,wholesale,business_owner,31,F,married,phd,180930,701,283820,12.78,60,vehicle,0.1789,0.4079,267090.77,19493.14,current,0,0,178670.01,0.0,2021-Q3,0,0.0
L000740,B01562,2025-08-15,2027-08-15,home,Madhesh,wholesale,salaried,68,F,married,bachelor,32225,687,1090607,11.28,24,property,0.2479,0.3696,1031385.7,94479.41,defaulted,102,1,339712.57,41327.37,2025-Q3,1,53152.04
L000741,B00603,2023-02-04,2026-02-04,micro,Bagmati,construction,informal,45,F,single,bachelor,56746,643,39942,18.34,36,guarantee,0.4,0.3533,40577.58,5734.3,defaulted,163,1,10714.43,1795.19,2023-Q1,1,3939.11
L000742,B01608,2025-01-05,2030-01-05,auto,Lumbini,education,salaried,50,F,married,bachelor,40808,670,142425,12.32,60,vehicle,0.4,0.3979,137470.05,21878.27,current,0,0,96357.1,0.0,2025-Q1,0,0.0
L000743,B01377,2022-03-07,2025-03-07,home,Koshi,retail,informal,38,M,married,bachelor,51159,523,158858,9.8,36,cash_deposit,0.4,0.3037,149757.06,18190.74,current,0,0,24117.03,0.0,2022-Q1,0,0.0
L000744,B01578,2023-01-11,2024-07-11,personal,Madhesh,construction,agriculture,44,F,single,bachelor,53234,787,111598,15.54,18,none,0.0996,0.7622,119664.74,9081.2,closed,0,0,0.0,0.0,2023-Q1,0,0.0
L000745,B01772,2024-09-27,2026-09-27,SME,Bagmati,construction,business_owner,65,M,single,primary,119509,719,1353636,13.47,24,property,0.1122,0.3581,1297633.71,52161.14,30_dpd,37,0,1095086.9,0.0,2024-Q3,0,0.0
L000746,B00037,2023-04-09,2024-04-09,micro,Koshi,retail,agriculture,64,M,married,secondary,28218,657,93886,16.14,12,cash_deposit,0.4,0.418,101389.31,16952.58,current,0,0,27214.75,0.0,2023-Q2,0,0.0
L000747,B00744,2022-02-10,2024-02-10,home,Lumbini,construction,business_owner,48,F,single,master,149177,593,510704,12.76,24,property,0.4,0.28,545592.7,61114.28,30_dpd,30,0,79337.95,0.0,2022-Q1,0,0.0
L000748,B00895,2022-10-19,2028-10-19,auto,Sudurpashchim,retail,self-employed,47,M,married,primary,37840,644,241427,15.78,72,guarantee,0.4,0.409,249414.13,40808.07,current,0,0,233772.83,0.0,2022-Q4,0,0.0
L000749,B00716,2021-09-11,2023-03-11,auto,Madhesh,retail,agriculture,40,O,single,master,70723,728,139005,14.3,18,vehicle,0.0872,0.4954,131322.83,5674.13,30_dpd,37,0,130861.66,0.0,2021-Q3,0,0.0
L000750,B00797,2023-04-18,2025-04-18,SME,Sudurpashchim,health,business_owner,51,M,married,phd,114253,727,1381917,13.6,24,property,0.0898,0.238,1481918.14,31650.5,60_dpd,82,0,1086132.37,0.0,2023-Q2,0,0.0
L000751,B00438,2022-12-24,2025-12-24,SME,Gandaki,education,agriculture,53,F,single,secondary,62328,666,801501,13.9,36,property,0.3777,0.3312,843251.44,105464.8,current,0,0,605648.24,0.0,2022-Q4,0,0.0
L000752,B01201,2024-02-21,2028-02-21,auto,Gandaki,health,salaried,66,F,married,secondary,71223,770,180823,13.89,48,vehicle,0.0814,0.3474,193529.11,5473.73,60_dpd,61,0,70081.48,0.0,2024-Q1,0,0.0
L000753,B00191,2023-02-14,2026-02-14,micro,Karnali,retail,agriculture,59,F,single,bachelor,26776,560,25000,19.89,36,none,0.4,0.6862,23277.59,6388.87,current,0,0,14959.54,0.0,2023-Q1,0,0.0
L000754,B00594,2022-10-09,2028-10-09,personal,Madhesh,manufacturing,self-employed,43,M,married,secondary,82894,707,96153,15.91,72,none,0.184,0.715,96340.2,12677.06,current,0,0,38735.13,0.0,2022-Q4,0,0.0
L000755,B01609,2022-09-03,2027-09-03,home,Karnali,services,salaried,33,O,married,primary,72922,662,1303828,13.97,60,property,0.4,0.4419,1295805.36,229025.74,closed,0,0,0.0,0.0,2022-Q3,0,0.0
L000756,B01674,2026-03-19,2031-03-19,home,Koshi,construction,self-employed,61,M,single,bachelor,119108,644,902238,10.15,60,guarantee,0.4,0.4269,930163.67,158838.49,current,0,0,777358.25,0.0,2026-Q1,0,0.0
L000757,B00620,2022-02-20,2024-02-20,personal,Koshi,construction,salaried,36,F,married,bachelor,102283,615,68040,19.27,24,none,0.4,0.7365,68820.17,20273.83,60_dpd,69,0,26801.98,0.0,2022-Q1,0,0.0
L000758,B01003,2025-02-17,2028-02-17,home,Sudurpashchim,wholesale,self-employed,41,M,married,bachelor,91976,586,644454,7.5,36,property,0.4,0.3046,693624.26,84518.1,90_dpd,93,0,535601.56,0.0,2025-Q1,1,0.0
L000759,B01496,2025-09-02,2030-09-02,home,Koshi,wholesale,self-employed,29,M,married,bachelor,124562,670,920151,13.95,60,cash_deposit,0.3509,0.3336,970204.15,113584.6,closed,0,0,0.0,0.0,2025-Q3,0,0.0
L000760,B00171,2024-08-23,2026-08-23,home,Bagmati,construction,self-employed,22,F,single,master,116127,625,780945,11.22,24,property,0.4,0.3341,721499.83,96416.51,current,0,0,385530.82,0.0,2024-Q3,0,0.0
L000761,B00857,2021-04-09,2024-04-09,personal,Lumbini,retail,salaried,53,M,married,bachelor,47510,554,175496,17.46,36,cash_deposit,0.4,0.2171,169098.44,14687.56,current,0,0,97564.98,0.0,2021-Q2,0,0.0
L000762,B01319,2022-01-11,2024-01-11,home,Bagmati,construction,agriculture,21,F,married,secondary,70053,538,758783,11.77,24,guarantee,0.4,0.4668,735639.8,137351.81,90_dpd,118,0,662878.24,0.0,2022-Q1,1,0.0
L000763,B00086,2026-06-07,2031-06-07,micro,Karnali,manufacturing,salaried,36,F,divorced,master,58697,607,60137,17.47,60,none,0.4,0.777,63658.11,19784.15,closed,0,0,0.0,0.0,2026-Q2,0,0.0
L000764,B00636,2022-09-26,2023-09-26,auto,Bagmati,services,agriculture,55,M,widowed,bachelor,38073,716,323052,13.53,12,guarantee,0.1217,0.4645,345664.84,19547.13,30_dpd,45,0,295556.87,0.0,2022-Q3,0,0.0
L000765,B00331,2022-01-12,2023-01-12,personal,Madhesh,health,salaried,68,M,single,secondary,48580,696,56819,17.87,12,cash_deposit,0.2918,0.2631,60985.36,4680.84,current,0,0,18907.56,0.0,2022-Q1,0,0.0
L000766,B00353,2021-06-24,2027-06-24,personal,Lumbini,construction,self-employed,24,M,married,bachelor,55430,667,66532,18.04,72,guarantee,0.4,0.4694,64983.89,12202.54,current,0,0,26044.62,0.0,2021-Q2,0,0.0
L000767,B00972,2023-07-07,2026-07-07,personal,Karnali,wholesale,salaried,33,F,single,bachelor,61869,573,70786,17.31,36,none,0.4,0.6463,67157.85,17362.76,current,0,0,33632.96,0.0,2023-Q3,0,0.0
L000768,B00919,2021-09-20,2025-09-20,SME,Madhesh,health,salaried,47,M,married,bachelor,96026,739,255617,16.87,48,property,0.0629,0.3002,261599.37,4939.62,90_dpd,117,0,162601.44,0.0,2021-Q3,1,0.0
L000769,B01004,2021-08-26,2025-08-26,SME,Karnali,services,business_owner,26,F,married,secondary,84905,774,554773,15.87,48,cash_deposit,0.0181,0.3218,513886.37,2996.33,30_dpd,54,0,276908.24,0.0,2021-Q3,0,0.0
L000770,B00422,2024-12-13,2029-12-13,personal,Karnali,health,self-employed,35,F,widowed,master,93557,664,60755,12.48,60,cash_deposit,0.4,0.3017,56853.77,6860.05,current,0,0,19105.2,0.0,2024-Q4,0,0.0
L000771,B01004,2021-12-13,2022-12-13,personal,Karnali,services,business_owner,26,F,married,secondary,84905,807,62491,13.6,12,none,0.0311,0.7732,59766.61,1439.24,30_dpd,55,0,8473.97,0.0,2021-Q4,0,0.0
L000772,B00630,2024-05-08,2025-05-08,SME,Madhesh,retail,salaried,65,M,single,secondary,88302,586,243263,13.92,12,property,0.4,0.5014,224048.19,44932.35,current,0,0,127220.08,0.0,2024-Q2,0,0.0
L000773,B00867,2024-03-26,2029-03-26,home,Lumbini,health,business_owner,37,F,married,bachelor,106672,637,555253,10.47,60,property,0.4,0.2781,571025.86,63510.91,30_dpd,40,0,389941.14,0.0,2024-Q1,0,0.0
L000774,B00855,2024-05-11,2027-05-11,micro,Koshi,agriculture,business_owner,54,M,married,bachelor,15000,667,62789,17.89,36,none,0.4,0.6719,62116.01,16693.99,current,0,0,22276.14,0.0,2024-Q2,0,0.0
L000775,B01611,2022-08-10,2024-02-10,personal,Gandaki,agriculture,salaried,38,F,married,secondary,64588,646,83433,16.58,18,none,0.4,0.5847,77005.76,18010.5,30_dpd,54,0,31786.81,0.0,2022-Q3,0,0.0
L000776,B00888,2026-06-11,2027-12-11,SME,Sudurpashchim,retail,salaried,24,M,married,primary,71227,693,1173976,11.78,18,property,0.2164,0.1986,1108660.46,47653.75,30_dpd,34,0,954337.77,0.0,2026-Q2,0,0.0
L000777,B00154,2024-09-09,2026-09-09,home,Sudurpashchim,retail,salaried,69,F,single,secondary,89511,714,1853128,9.82,24,property,0.1284,0.2845,1869087.68,68271.64,current,0,0,1178885.09,0.0,2024-Q3,0,0.0
L000778,B00054,2021-03-16,2026-03-16,personal,Madhesh,retail,business_owner,67,M,married,secondary,156833,645,67595,14.68,60,none,0.4,0.807,66061.06,21325.13,closed,0,0,0.0,0.0,2021-Q1,0,0.0
L000779,B01393,2023-09-07,2026-09-07,auto,Lumbini,services,salaried,50,M,single,secondary,54533,689,271170,13.26,36,vehicle,0.2971,0.3954,263419.72,30943.04,90_dpd,95,0,137080.03,0.0,2023-Q3,1,0.0
L000780,B00092,2023-01-07,2025-01-07,micro,Lumbini,retail,business_owner,45,M,single,bachelor,131360,632,98430,17.1,24,guarantee,0.4,0.5257,104982.56,22074.96,90_dpd,97,0,38536.27,0.0,2023-Q1,1,0.0
L000781,B01228,2023-03-11,2025-03-11,auto,Lumbini,agriculture,salaried,60,M,single,secondary,97260,606,506494,14.14,24,cash_deposit,0.4,0.4002,483922.21,77462.19,current,0,0,379360.92,0.0,2023-Q1,0,0.0
L000782,B00389,2021-09-27,2024-09-27,auto,Bagmati,wholesale,informal,42,F,married,secondary,44105,589,125611,13.08,36,guarantee,0.4,0.4502,126272.41,22741.2,30_dpd,39,0,125326.96,0.0,2021-Q3,0,0.0
L000783,B01123,2025-01-25,2026-01-25,auto,Gandaki,construction,self-employed,34,M,single,master,70322,607,238923,8.44,12,vehicle,0.4,0.4831,253950.46,49073.91,30_dpd,43,0,201356.11,0.0,2025-Q1,0,0.0
L000784,B00573,2023-03-02,2027-03-02,SME,Madhesh,manufacturing,business_owner,56,M,single,primary,93237,790,178265,15.89,48,vehicle,0.008,0.534,174765.19,745.36,current,0,0,95390.7,0.0,2023-Q1,0,0.0
L000785,B01711,2022-06-13,2023-12-13,personal,Karnali,services,self-employed,23,M,married,secondary,129152,709,42537,13.94,18,none,0.1763,0.7588,45423.32,6077.96,30_dpd,49,0,42295.79,0.0,2022-Q2,0,0.0
L000786,B00225,2023-02-13,2026-02-13,micro,Lumbini,retail,salaried,39,F,single,master,62381,732,54366,18.75,36,guarantee,0.1076,0.4347,58105.22,2718.71,30_dpd,59,0,37118.42,0.0,2023-Q1,0,0.0
L000787,B00631,2021-04-13,2022-04-13,personal,Bagmati,agriculture,informal,62,M,single,secondary,40515,642,62212,14.43,12,cash_deposit,0.4,0.3429,59301.59,8133.56,60_dpd,60,0,8748.47,0.0,2021-Q2,0,0.0
L000788,B00482,2023-09-24,2026-09-24,personal,Lumbini,construction,salaried,23,F,single,bachelor,56460,637,92912,17.36,36,guarantee,0.4,0.4578,86566.02,15851.0,60_dpd,70,0,54003.28,0.0,2023-Q3,0,0.0
L000789,B00052,2024-05-26,2027-05-26,micro,Sudurpashchim,wholesale,salaried,40,F,married,secondary,53689,684,84853,15.4,36,none,0.2946,0.6996,82544.1,17013.1,current,0,0,54416.07,0.0,2024-Q2,0,0.0
L000790,B01128,2023-04-12,2024-04-12,auto,Sudurpashchim,agriculture,business_owner,35,F,married,bachelor,70608,667,154267,11.55,12,cash_deposit,0.3709,0.4189,143792.95,22339.24,30_dpd,54,0,76924.47,0.0,2023-Q2,0,0.0
L000791,B00561,2022-06-22,2028-06-22,SME,Madhesh,manufacturing,self-employed,46,M,single,phd,109342,621,226410,12.84,72,property,0.4,0.2823,234928.77,26528.08,30_dpd,31,0,101609.04,0.0,2022-Q2,0,0.0
L000792,B00744,2022-06-17,2026-06-17,personal,Lumbini,construction,business_owner,48,F,single,master,149177,577,57857,17.62,48,none,0.4,0.706,58276.97,16456.33,current,0,0,22802.26,0.0,2022-Q2,0,0.0
L000793,B01037,2021-08-10,2025-08-10,personal,Lumbini,wholesale,salaried,65,F,single,secondary,93625,675,70335,15.45,48,guarantee,0.3487,0.587,69918.63,14310.13,closed,0,0,0.0,0.0,2021-Q3,0,0.0
L000794,B01015,2025-01-15,2029-01-15,home,Karnali,agriculture,self-employed,51,F,married,phd,35661,723,694943,14.94,48,property,0.1005,0.362,722617.32,26289.02,current,0,0,317562.97,0.0,2025-Q1,0,0.0
L000795,B01453,2026-05-03,2030-05-03,auto,Gandaki,construction,agriculture,65,M,single,secondary,52155,663,171409,10.82,48,vehicle,0.3982,0.392,178333.54,27839.7,current,0,0,134740.68,0.0,2026-Q2,0,0.0
L000796,B00592,2023-04-08,2026-04-08,SME,Lumbini,construction,salaried,69,M,married,phd,67366,713,183151,14.53,36,vehicle,0.1319,0.4269,185517.71,10442.04,current,0,0,77651.56,0.0,2023-Q2,0,0.0
L000797,B01415,2022-09-07,2025-09-07,auto,Bagmati,health,agriculture,45,M,single,secondary,57709,725,340935,12.53,36,vehicle,0.155,0.3846,318019.42,18959.19,closed,0,0,0.0,0.0,2022-Q3,0,0.0
L000798,B01642,2026-01-14,2029-01-14,SME,Bagmati,retail,self-employed,68,F,married,secondary,77208,673,492901,15.74,36,guarantee,0.3314,0.3723,525365.85,64809.08,current,0,0,498362.0,0.0,2026-Q1,0,0.0
L000799,B01356,2023-10-01,2028-10-01,auto,Lumbini,education,salaried,66,O,married,secondary,75361,682,73962,9.71,60,guarantee,0.2761,0.338,68469.09,6389.5,60_dpd,83,0,32671.04,0.0,2023-Q4,0,0.0
L000800,B01096,2025-05-05,2028-05-05,personal,Bagmati,construction,salaried,21,M,married,bachelor,23585,760,112443,13.12,36,cash_deposit,0.0614,0.287,116930.97,2059.91,current,0,0,71760.21,0.0,2025-Q2,0,0.0
L000801,B00947,2024-03-15,2025-03-15,personal,Bagmati,services,salaried,34,F,divorced,primary,77786,637,204085,16.4,12,none,0.4,0.8341,218465.53,72888.04,60_dpd,66,0,140285.01,0.0,2024-Q1,0,0.0
L000802,B00368,2022-01-31,2026-01-31,SME,Sudurpashchim,agriculture,agriculture,69,M,married,secondary,51846,643,1057765,15.23,48,guarantee,0.4,0.3793,1018116.85,154476.64,90_dpd,91,0,556504.68,0.0,2022-Q1,1,0.0
L000803,B01296,2022-04-28,2027-04-28,SME,Bagmati,education,salaried,39,M,divorced,secondary,52887,646,509817,13.73,60,vehicle,0.4,0.4374,520985.62,91158.47,90_dpd,105,0,439586.17,0.0,2022-Q2,1,0.0
L000804,B00021,2023-03-19,2028-03-19,SME,Karnali,retail,business_owner,50,M,single,secondary,178069,741,364261,12.38,60,guarantee,0.0591,0.4922,336309.85,9789.8,current,0,0,210525.73,0.0,2023-Q1,0,0.0
L000805,B01630,2021-02-10,2026-02-10,personal,Lumbini,construction,salaried,21,F,married,master,43173,780,28613,20.68,60,cash_deposit,0.0438,0.2807,29973.98,368.44,60_dpd,85,0,20152.1,0.0,2021-Q1,0,0.0
L000806,B00796,2023-01-21,2025-01-21,personal,Gandaki,education,informal,25,M,single,phd,53674,646,140172,14.11,24,guarantee,0.4,0.4961,136784.56,27144.56,current,0,0,44902.58,0.0,2023-Q1,0,0.0
L000807,B00079,2023-03-29,2026-03-29,home,Koshi,retail,salaried,68,M,single,master,53151,721,583110,9.95,36,property,0.1062,0.2217,573569.56,13507.76,current,0,0,220386.9,0.0,2023-Q1,0,0.0
L000808,B00901,2022-05-24,2023-11-24,personal,Sudurpashchim,construction,salaried,25,F,single,master,63434,741,143584,17.11,18,none,0.0891,0.7275,137858.79,8939.96,current,0,0,33737.23,0.0,2022-Q2,0,0.0
L000809,B00210,2025-03-13,2026-09-13,auto,Bagmati,wholesale,salaried,22,M,single,master,96024,646,412308,9.13,18,vehicle,0.4,0.4051,419342.29,67943.6,closed,0,0,0.0,0.0,2025-Q1,0,0.0
L000810,B01147,2024-08-30,2027-08-30,home,Koshi,health,self-employed,49,F,married,primary,120607,715,1088512,9.69,36,property,0.125,0.3343,1141398.92,47711.73,90_dpd,103,0,513004.26,0.0,2024-Q3,1,0.0
L000811,B01426,2021-12-13,2025-12-13,personal,Koshi,manufacturing,salaried,43,M,single,primary,85035,681,76571,14.08,48,guarantee,0.312,0.3601,80961.86,9096.84,current,0,0,76554.86,0.0,2021-Q4,0,0.0
L000812,B00352,2021-08-02,2023-02-02,micro,Madhesh,services,salaried,39,M,married,bachelor,75914,635,124724,22.32,18,none,0.4,0.7569,125269.42,37928.51,60_dpd,77,0,120532.6,0.0,2021-Q3,0,0.0
L000813,B00582,2024-06-03,2028-06-03,home,Bagmati,agriculture,agriculture,56,F,married,secondary,34996,754,384995,12.33,48,property,0.0387,0.3175,369262.95,4541.69,30_dpd,51,0,288174.35,0.0,2024-Q2,0,0.0
L000814,B00844,2026-02-01,2027-08-01,personal,Koshi,services,salaried,31,F,married,secondary,52491,802,100186,15.21,18,cash_deposit,0.0928,0.3765,103869.72,3630.16,current,0,0,34998.72,0.0,2026-Q1,0,0.0
L000815,B00990,2024-09-24,2026-09-24,home,Koshi,retail,business_owner,64,F,married,secondary,110260,715,778944,11.53,24,guarantee,0.125,0.4753,801850.55,47652.72,current,0,0,144742.23,0.0,2024-Q3,0,0.0
L000816,B00728,2025-03-14,2027-03-14,auto,Sudurpashchim,education,self-employed,31,M,married,primary,88048,589,1087256,10.4,24,vehicle,0.4,0.4641,1171420.1,217454.45,current,0,0,206048.87,0.0,2025-Q1,0,0.0
L000817,B00494,2026-03-05,2027-09-05,micro,Madhesh,retail,self-employed,50,F,married,bachelor,128966,703,31915,18.64,18,none,0.2003,0.7257,33745.99,4905.57,60_dpd,81,0,8564.68,0.0,2026-Q1,0,0.0
L000818,B01347,2025-12-03,2028-12-03,SME,Madhesh,wholesale,business_owner,48,F,married,primary,149004,660,448301,16.25,36,guarantee,0.4,0.4968,483836.89,96141.36,current,0,0,116762.51,0.0,2025-Q4,0,0.0
L000819,B00661,2022-10-05,2024-04-05,micro,Madhesh,wholesale,salaried,58,F,single,bachelor,62491,650,60975,17.37,18,none,0.4,0.8139,56863.77,18511.6,60_dpd,76,0,14056.01,0.0,2022-Q4,0,0.0
L000820,B01616,2022-02-06,2025-02-06,personal,Koshi,retail,salaried,66,O,married,bachelor,31689,639,141657,18.15,36,none,0.4,0.6277,151484.46,38034.36,current,0,0,100886.55,0.0,2022-Q1,0,0.0
L000821,B01268,2022-05-09,2026-05-09,personal,Bagmati,services,self-employed,26,M,married,secondary,45356,616,91066,14.49,48,none,0.4,0.7633,96281.48,29398.56,current,0,0,25223.5,0.0,2022-Q2,0,0.0
L000822,B00150,2022-05-04,2025-05-04,personal,Lumbini,education,self-employed,62,M,married,master,109348,669,25000,15.65,36,none,0.3875,0.7666,25245.01,7499.19,closed,0,0,0.0,0.0,2022-Q2,0,0.0
L000823,B00449,2021-12-27,2025-12-27,home,Sudurpashchim,services,informal,67,F,married,secondary,25420,707,1270845,10.2,48,property,0.154,0.2139,1221551.78,40245.02,current,0,0,266762.58,0.0,2021-Q4,0,0.0
L000824,B00035,2023-02-03,2024-02-03,SME,Koshi,services,informal,35,M,married,secondary,47790,772,528018,14.95,12,guarantee,0.0197,0.3798,519903.85,3894.24,current,0,0,52021.97,0.0,2023-Q1,0,0.0
L000825,B00219,2022-04-29,2025-04-29,micro,Lumbini,education,salaried,48,M,divorced,secondary,76537,616,39714,14.57,36,guarantee,0.4,0.4162,38175.17,6355.44,current,0,0,16004.9,0.0,2022-Q2,0,0.0
L000826,B00567,2025-06-20,2026-06-20,personal,Bagmati,manufacturing,informal,65,F,single,master,57848,579,131630,13.63,12,none,0.4,0.6941,133219.47,36984.83,current,0,0,94410.66,0.0,2025-Q2,0,0.0
L000827,B00054,2025-09-13,2027-09-13,SME,Madhesh,retail,business_owner,67,M,married,secondary,156833,620,421522,11.46,24,property,0.4,0.3165,443896.45,56205.98,current,0,0,128633.48,0.0,2025-Q3,0,0.0
L000828,B00315,2025-06-14,2030-06-14,personal,Koshi,wholesale,salaried,55,M,divorced,bachelor,79288,722,37964,19.39,60,guarantee,0.1933,0.5221,37819.76,3817.23,60_dpd,72,0,5020.6,0.0,2025-Q2,0,0.0
L000829,B00372,2025-11-01,2026-11-01,SME,Lumbini,retail,agriculture,53,M,married,master,44415,663,682516,14.54,12,property,0.4,0.2923,727459.26,85062.3,90_dpd,91,0,151683.51,0.0,2025-Q4,1,0.0
L000830,B01270,2024-06-03,2029-06-03,personal,Bagmati,education,self-employed,53,F,married,secondary,100421,603,113761,13.97,60,cash_deposit,0.4,0.4043,105744.34,17099.5,60_dpd,63,0,44808.19,0.0,2024-Q2,0,0.0
L000831,B01303,2024-03-10,2027-03-10,personal,Gandaki,services,business_owner,50,M,married,secondary,98719,749,102105,20.04,36,guarantee,0.0758,0.5057,110236.53,4225.83,current,0,0,81087.03,0.0,2024-Q1,0,0.0
L000832,B00082,2026-05-06,2028-05-06,SME,Karnali,manufacturing,self-employed,34,M,widowed,secondary,104223,605,1800000,13.51,24,cash_deposit,0.4,0.2844,1670169.22,190004.41,current,0,0,406414.06,0.0,2026-Q2,0,0.0
L000833,B00094,2026-06-07,2031-06-07,auto,Bagmati,retail,business_owner,61,M,widowed,secondary,68882,736,396496,14.44,60,vehicle,0.0689,0.4145,367056.83,10484.6,30_dpd,49,0,220719.83,0.0,2026-Q2,0,0.0
L000834,B00848,2026-06-12,2029-06-12,auto,Karnali,health,business_owner,58,F,married,master,171554,581,308797,14.35,36,guarantee,0.4,0.4633,328502.78,60878.67,current,0,0,92243.05,0.0,2026-Q2,0,0.0
L000835,B01597,2022-11-11,2027-11-11,personal,Karnali,education,agriculture,33,M,married,bachelor,21918,742,62189,13.27,60,none,0.0873,0.674,59819.45,3520.48,current,0,0,14147.55,0.0,2022-Q4,0,0.0
L000836,B01273,2022-11-05,2023-11-05,SME,Bagmati,retail,agriculture,63,M,single,primary,56881,761,408228,16.9,12,guarantee,0.0303,0.4149,422671.28,5305.69,60_dpd,68,0,106819.55,0.0,2022-Q4,0,0.0
L000837,B00262,2023-12-14,2026-12-14,auto,Sudurpashchim,services,salaried,59,M,single,secondary,111470,647,176824,9.23,36,cash_deposit,0.4,0.2531,179828.33,18203.62,current,0,0,162327.09,0.0,2023-Q4,0,0.0
L000838,B01681,2024-10-23,2029-10-23,personal,Koshi,retail,self-employed,43,M,married,master,107214,812,70381,15.74,60,guarantee,0.0297,0.4409,65601.3,858.33,30_dpd,34,0,59890.16,0.0,2024-Q4,0,0.0
L000839,B01478,2023-04-25,2025-04-25,personal,Madhesh,wholesale,salaried,67,M,married,secondary,63647,585,67337,16.01,24,cash_deposit,0.4,0.3512,63884.13,8974.07,current,0,0,40158.16,0.0,2023-Q2,0,0.0
L000840,B01541,2021-08-05,2023-08-05,home,Koshi,construction,self-employed,32,M,married,secondary,33708,639,1263102,12.0,24,guarantee,0.4,0.4583,1344431.96,246462.65,current,0,0,1237668.73,0.0,2021-Q3,0,0.0
L000841,B00704,2023-06-01,2024-06-01,auto,Sudurpashchim,agriculture,salaried,65,M,married,bachelor,53029,726,731336,12.41,12,guarantee,0.0923,0.3546,724341.68,23719.01,current,0,0,707847.78,0.0,2023-Q2,0,0.0
L000842,B00267,2022-02-14,2023-08-14,auto,Lumbini,health,informal,48,F,married,master,43963,834,190437,14.18,18,vehicle,0.005,0.5432,180959.81,491.52,current,0,0,172127.59,0.0,2022-Q1,0,0.0
L000843,B01051,2025-11-06,2028-11-06,auto,Sudurpashchim,retail,self-employed,46,M,married,secondary,126720,740,66747,10.05,36,vehicle,0.061,0.5012,62979.47,1925.64,60_dpd,73,0,62369.25,0.0,2025-Q4,0,0.0
L000844,B00579,2022-12-13,2024-12-13,personal,Karnali,agriculture,informal,69,M,married,secondary,32394,696,87876,20.43,24,none,0.2318,0.8207,91036.65,17316.5,current,0,0,68199.67,0.0,2022-Q4,0,0.0
L000845,B00223,2023-09-17,2027-09-17,auto,Lumbini,retail,informal,53,M,divorced,primary,46187,660,447845,12.91,48,guarantee,0.4,0.3431,424985.06,58333.22,60_dpd,86,0,280719.12,0.0,2023-Q3,0,0.0
L000846,B00148,2021-01-23,2023-01-23,home,Karnali,retail,salaried,35,M,single,bachelor,69423,789,1401696,10.04,24,property,0.0085,0.1742,1307013.93,1934.37,current,0,0,1074520.41,0.0,2021-Q1,0,0.0
L000847,B00602,2021-01-28,2023-01-28,home,Sudurpashchim,manufacturing,self-employed,68,M,married,master,74517,669,670892,13.67,24,property,0.3575,0.2865,702824.74,71978.28,60_dpd,65,0,444696.98,0.0,2021-Q1,0,0.0
L000848,B01773,2021-02-03,2024-02-03,SME,Sudurpashchim,construction,agriculture,51,M,single,bachelor,39681,694,550284,13.49,36,guarantee,0.2115,0.4463,537654.86,50744.76,60_dpd,61,0,349706.75,0.0,2021-Q1,0,0.0
L000849,B00375,2024-09-09,2027-09-09,SME,Koshi,retail,informal,43,M,married,bachelor,34892,710,766516,17.38,36,guarantee,0.2026,0.4024,743600.12,60629.51,current,0,0,276303.65,0.0,2024-Q3,0,0.0
L000850,B00759,2021-04-05,2026-04-05,SME,Gandaki,agriculture,informal,66,F,married,bachelor,56166,639,817048,12.33,60,property,0.4,0.2595,837778.32,86974.06,current,0,0,447572.72,0.0,2021-Q2,0,0.0
L000851,B00371,2026-04-06,2028-04-06,personal,Bagmati,retail,self-employed,55,F,married,secondary,48666,703,136230,15.81,24,guarantee,0.2003,0.5039,127545.19,12872.99,current,0,0,82040.58,0.0,2026-Q2,0,0.0
L000852,B00824,2023-11-13,2025-11-13,personal,Gandaki,services,informal,59,M,single,bachelor,62756,643,235955,16.13,24,none,0.4,0.7027,223925.74,62942.45,current,0,0,122090.1,0.0,2023-Q4,0,0.0
L000853,B00126,2025-04-11,2030-04-11,SME,Bagmati,retail,salaried,44,F,married,master,89356,637,499913,10.55,60,property,0.4,0.3168,477180.65,60472.08,closed,0,0,0.0,0.0,2025-Q2,0,0.0
L000854,B01475,2023-04-09,2024-04-09,SME,Koshi,education,agriculture,60,M,married,bachelor,36427,705,1157080,14.84,12,guarantee,0.162,0.4619,1222063.94,91442.67,current,0,0,1080477.65,0.0,2023-Q2,0,0.0
L000855,B01030,2023-11-28,2028-11-28,home,Sudurpashchim,health,informal,50,M,single,master,27750,638,550866,11.55,60,property,0.4,0.3119,546375.99,68166.33,60_dpd,80,0,298540.54,0.0,2023-Q4,0,0.0
L000856,B01436,2023-04-29,2027-04-29,personal,Sudurpashchim,services,salaried,54,M,married,primary,36000,652,75502,18.42,48,none,0.4,0.7424,77205.23,22926.99,current,0,0,31800.26,0.0,2023-Q2,0,0.0
L000857,B00450,2022-10-06,2024-04-06,SME,Gandaki,retail,agriculture,55,F,single,secondary,40301,641,380899,14.94,18,property,0.4,0.2673,376509.95,40259.34,60_dpd,71,0,181540.62,0.0,2022-Q4,0,0.0
L000858,B00114,2024-01-24,2026-01-24,auto,Lumbini,retail,salaried,62,M,single,bachelor,77563,740,270661,12.69,24,vehicle,0.061,0.3957,264025.01,6372.78,30_dpd,49,0,57379.95,0.0,2024-Q1,0,0.0
L000859,B00908,2021-09-26,2024-09-26,micro,Karnali,retail,salaried,21,M,married,bachelor,74416,706,28657,19.19,36,none,0.188,0.676,27135.8,3448.41,60_dpd,84,0,14218.25,0.0,2021-Q3,0,0.0
L000860,B00696,2021-07-08,2026-07-08,micro,Sudurpashchim,agriculture,salaried,33,F,married,secondary,58456,726,35096,15.66,60,none,0.1223,0.6596,36177.45,2919.45,60_dpd,77,0,10452.39,0.0,2021-Q3,0,0.0
L000861,B00669,2025-01-01,2028-01-01,home,Gandaki,manufacturing,salaried,27,M,married,secondary,42122,713,685401,10.96,36,property,0.1919,0.1422,653172.8,17817.88,90_dpd,111,0,164300.34,0.0,2025-Q1,1,0.0
L000862,B01611,2026-03-06,2031-03-06,home,Gandaki,agriculture,salaried,38,F,married,secondary,64588,685,551253,13.14,60,property,0.2589,0.3413,525425.44,46438.0,90_dpd,107,0,361722.92,0.0,2026-Q1,1,0.0
L000863,B00485,2025-10-28,2030-10-28,personal,Koshi,services,informal,36,M,married,secondary,73634,694,38307,13.53,60,none,0.2415,0.7836,40124.06,7591.63,current,0,0,18826.71,0.0,2025-Q4,0,0.0
L000864,B01097,2022-05-04,2026-05-04,auto,Bagmati,services,agriculture,60,M,married,secondary,61767,591,212082,7.97,48,cash_deposit,0.4,0.2551,202410.53,20657.71,current,0,0,140927.94,0.0,2022-Q2,0,0.0
L000865,B00670,2025-05-05,2026-05-05,personal,Koshi,retail,self-employed,45,F,married,master,70390,715,78429,13.55,12,none,0.155,0.7974,76775.87,9491.0,current,0,0,48516.59,0.0,2025-Q2,0,0.0
L000866,B01717,2025-09-15,2027-09-15,personal,Sudurpashchim,services,informal,35,M,married,bachelor,51931,803,81177,18.21,24,guarantee,0.0325,0.3863,87053.29,1092.0,current,0,0,29558.02,0.0,2025-Q3,0,0.0
L000867,B00393,2021-05-22,2022-05-22,home,Koshi,agriculture,agriculture,62,F,married,secondary,56159,633,972081,10.37,12,property,0.4,0.2514,945990.08,95145.7,current,0,0,721510.3,0.0,2021-Q2,0,0.0
L000868,B00317,2023-07-17,2024-07-17,SME,Lumbini,services,self-employed,61,M,single,primary,93374,614,361751,15.27,12,guarantee,0.4,0.4706,337830.31,63592.2,30_dpd,56,0,311080.23,0.0,2023-Q3,0,0.0
L000869,B00088,2024-04-12,2030-04-12,home,Gandaki,retail,self-employed,38,F,single,master,51828,769,541701,8.68,72,property,0.0223,0.1859,542227.82,2247.91,90_dpd,117,0,469733.43,0.0,2024-Q2,1,0.0
L000870,B00142,2026-03-22,2027-03-22,personal,Sudurpashchim,education,self-employed,46,F,married,master,80954,772,32762,18.96,12,none,0.0497,0.6986,33213.0,1153.73,defaulted,150,1,7201.24,419.99,2026-Q1,1,733.74
L000871,B00018,2022-05-17,2024-05-17,auto,Karnali,manufacturing,salaried,22,F,married,master,31893,603,404842,14.21,24,vehicle,0.4,0.4999,373187.34,74622.65,defaulted,141,1,69717.68,16349.79,2022-Q2,1,58272.85999999999
L000872,B00632,2024-01-17,2027-01-17,personal,Sudurpashchim,education,salaried,59,F,single,master,74531,759,31245,16.26,36,guarantee,0.0625,0.5046,32381.28,1021.53,current,0,0,24794.13,0.0,2024-Q1,0,0.0
L000873,B01577,2024-09-29,2029-09-29,micro,Karnali,construction,self-employed,51,M,divorced,primary,58606,695,33101,14.94,60,none,0.2366,0.7866,32821.23,6107.53,90_dpd,102,0,16557.03,0.0,2024-Q3,1,0.0
L000874,B01790,2022-08-24,2026-08-24,personal,Bagmati,retail,self-employed,22,F,single,bachelor,81303,799,161299,16.16,48,cash_deposit,0.094,0.2587,155990.94,3792.53,closed,0,0,0.0,0.0,2022-Q3,0,0.0
L000875,B01368,2024-11-17,2030-11-17,personal,Karnali,agriculture,business_owner,27,F,single,secondary,127721,735,51709,12.89,72,cash_deposit,0.101,0.2612,54821.52,1446.43,current,0,0,37782.74,0.0,2024-Q4,0,0.0
L000876,B01686,2021-08-07,2024-08-07,SME,Bagmati,health,agriculture,69,M,married,secondary,73870,673,1036518,16.62,36,property,0.3914,0.2006,1101268.33,86451.43,current,0,0,304074.44,0.0,2021-Q3,0,0.0
L000877,B00660,2024-07-28,2028-07-28,personal,Gandaki,manufacturing,self-employed,57,F,married,primary,106211,696,79478,17.41,48,none,0.2318,0.679,78739.87,12392.01,60_dpd,72,0,71781.42,0.0,2024-Q3,0,0.0
L000878,B00640,2022-05-27,2024-05-27,home,Sudurpashchim,construction,self-employed,31,M,married,primary,103124,698,812958,10.43,24,property,0.1924,0.3504,831954.29,56078.19,current,0,0,252280.96,0.0,2022-Q2,0,0.0
L000879,B01422,2026-01-02,2028-01-02,SME,Madhesh,retail,salaried,46,F,married,secondary,54924,656,328198,15.78,24,vehicle,0.4,0.4769,351778.75,67110.71,60_dpd,85,0,156064.72,0.0,2026-Q1,0,0.0
L000880,B00506,2022-12-20,2025-12-20,personal,Lumbini,agriculture,business_owner,50,F,married,secondary,54033,650,55439,14.32,36,cash_deposit,0.4,0.3007,52152.87,6272.26,90_dpd,93,0,17972.15,0.0,2022-Q4,1,0.0
L000881,B01762,2021-05-05,2023-05-05,auto,Bagmati,services,self-employed,63,M,single,secondary,57205,667,219649,12.7,24,cash_deposit,0.3709,0.3553,216447.11,28527.31,defaulted,179,1,94918.13,7360.66,2021-Q2,1,21166.65
L000882,B01655,2024-06-29,2027-06-29,SME,Lumbini,health,self-employed,26,M,married,secondary,105200,780,479281,13.95,36,guarantee,0.0138,0.35,485408.19,2343.19,60_dpd,63,0,369877.95,0.0,2024-Q2,0,0.0
L000883,B01470,2024-07-10,2029-07-10,personal,Madhesh,wholesale,business_owner,60,F,married,bachelor,122284,702,41661,15.11,60,none,0.2046,0.7386,43005.64,6498.11,30_dpd,57,0,41167.73,0.0,2024-Q3,0,0.0
L000884,B00698,2022-05-21,2027-05-21,micro,Sudurpashchim,agriculture,informal,69,M,single,secondary,33856,594,47364,21.33,60,none,0.4,0.5622,50546.66,11367.59,current,0,0,48601.38,0.0,2022-Q2,0,0.0
L000885,B01404,2021-01-20,2022-01-20,personal,Gandaki,services,business_owner,66,F,married,secondary,88175,647,47191,19.46,12,cash_deposit,0.4,0.3108,45627.68,5671.66,current,0,0,15510.16,0.0,2021-Q1,0,0.0
L000886,B01206,2026-04-27,2030-04-27,personal,Koshi,retail,self-employed,60,F,married,bachelor,171329,562,51240,15.18,48,guarantee,0.4,0.4449,52729.26,9382.73,current,0,0,46466.79,0.0,2026-Q2,0,0.0
L000887,B00021,2023-08-30,2024-08-30,personal,Karnali,retail,business_owner,50,M,single,secondary,178069,832,87401,16.94,12,guarantee,0.0255,0.2491,91663.02,581.9,60_dpd,77,0,85695.54,0.0,2023-Q3,0,0.0
L000888,B01693,2022-10-23,2027-10-23,auto,Koshi,services,business_owner,23,M,single,bachelor,78212,766,283462,12.73,60,cash_deposit,0.0251,0.3398,301379.57,2568.89,60_dpd,89,0,178681.53,0.0,2022-Q4,0,0.0
L000889,B01508,2022-11-06,2027-11-06,home,Lumbini,retail,salaried,23,F,married,bachelor,73890,736,778896,10.95,60,property,0.0689,0.3559,728215.18,17862.88,current,0,0,578149.16,0.0,2022-Q4,0,0.0
L000890,B00598,2024-12-23,2027-12-23,SME,Lumbini,services,informal,50,F,married,secondary,66401,608,398101,15.0,36,property,0.4,0.2744,403428.21,44274.67,current,0,0,42825.02,0.0,2024-Q4,0,0.0
L000891,B00687,2023-04-17,2026-04-17,SME,Karnali,services,salaried,70,F,married,master,74134,590,607473,14.51,36,guarantee,0.4,0.4689,575062.95,107851.6,current,0,0,265975.5,0.0,2023-Q2,0,0.0
L000892,B00005,2025-05-22,2030-05-22,home,Gandaki,services,salaried,28,F,married,secondary,108619,594,639214,10.44,60,cash_deposit,0.4,0.1586,664164.02,42144.15,current,0,0,144220.61,0.0,2025-Q2,0,0.0
L000893,B00688,2023-07-05,2025-07-05,SME,Lumbini,services,salaried,48,F,married,secondary,77761,780,828172,13.47,24,property,0.0738,0.1881,854769.12,11861.73,30_dpd,55,0,840271.33,0.0,2023-Q3,0,0.0
L000894,B01663,2023-10-26,2026-10-26,personal,Gandaki,retail,business_owner,27,O,married,bachelor,113496,718,141878,19.02,36,none,0.1453,0.6631,133198.55,12835.57,current,0,0,34735.22,0.0,2023-Q4,0,0.0
L000895,B01608,2021-01-04,2023-01-04,SME,Lumbini,education,salaried,50,F,married,bachelor,40808,692,845527,14.03,24,vehicle,0.2815,0.5295,780957.7,116390.15,closed,0,0,0.0,0.0,2021-Q1,0,0.0
L000896,B01636,2022-02-24,2024-02-24,micro,Gandaki,retail,salaried,50,F,married,master,48718,734,47511,19.63,24,guarantee,0.1032,0.3729,45503.92,1750.65,current,0,0,6264.68,0.0,2022-Q1,0,0.0
L000897,B01141,2024-09-07,2029-09-07,home,Sudurpashchim,manufacturing,salaried,23,O,married,bachelor,96468,739,584013,8.23,60,property,0.1229,0.2993,581966.56,21407.99,current,0,0,521281.51,0.0,2024-Q3,0,0.0
L000898,B00604,2024-09-18,2027-09-18,personal,Madhesh,health,agriculture,42,M,married,secondary,56767,707,38240,17.32,36,none,0.184,0.7599,37395.96,5229.73,current,0,0,14993.57,0.0,2024-Q3,0,0.0
L000899,B01268,2023-09-20,2024-09-20,SME,Bagmati,services,self-employed,26,M,married,secondary,45356,623,400526,15.8,12,property,0.4,0.2308,374479.56,34568.29,current,0,0,137927.57,0.0,2023-Q3,0,0.0
L000900,B00278,2024-09-03,2028-09-03,SME,Karnali,education,informal,68,F,single,master,47028,682,720831,12.99,48,property,0.2761,0.25,752381.64,51946.04,60_dpd,73,0,719532.46,0.0,2024-Q3,0,0.0
L000901,B00302,2025-03-22,2026-03-22,SME,Lumbini,construction,self-employed,58,F,married,bachelor,61423,643,1250160,14.0,12,cash_deposit,0.4,0.258,1312344.62,135451.97,current,0,0,1212900.57,0.0,2025-Q1,0,0.0
L000902,B00679,2026-05-29,2028-05-29,SME,Lumbini,wholesale,salaried,47,F,married,secondary,95577,622,371816,10.56,24,guarantee,0.4,0.5333,361720.19,77155.96,defaulted,157,1,202786.53,21738.28,2026-Q2,1,55417.68000000001
L000903,B00088,2021-06-02,2025-06-02,personal,Gandaki,retail,self-employed,38,F,single,master,51828,756,108741,13.63,48,none,0.0662,0.7838,113775.07,5899.09,current,0,0,75708.77,0.0,2021-Q2,0,0.0
L000904,B01028,2021-08-22,2023-08-22,personal,Lumbini,wholesale,salaried,26,M,married,primary,80421,662,224810,16.73,24,guarantee,0.4,0.477,207075.94,39509.86,60_dpd,86,0,199211.12,0.0,2021-Q3,0,0.0
L000905,B01144,2022-03-07,2026-03-07,home,Gandaki,retail,informal,62,M,married,bachelor,46600,681,437676,14.64,48,property,0.282,0.2959,438004.03,36546.52,30_dpd,54,0,387905.68,0.0,2022-Q1,0,0.0
L000906,B01783,2026-05-20,2028-05-20,home,Sudurpashchim,agriculture,salaried,56,F,single,secondary,83016,651,353650,10.19,24,property,0.4,0.2583,335999.67,34721.88,defaulted,160,1,129660.63,14189.42,2026-Q2,1,20532.46
L000907,B00063,2026-05-15,2030-05-15,home,Koshi,agriculture,informal,70,F,married,secondary,32304,702,1249041,11.79,48,property,0.1746,0.32,1183529.99,66103.92,current,0,0,696541.72,0.0,2026-Q2,0,0.0
L000908,B00321,2024-07-26,2028-07-26,personal,Sudurpashchim,services,self-employed,53,F,widowed,primary,88642,677,90324,19.38,48,guarantee,0.3362,0.2805,93020.11,8771.16,current,0,0,32209.12,0.0,2024-Q3,0,0.0
L000909,B00736,2025-05-26,2027-05-26,home,Madhesh,services,salaried,44,M,widowed,bachelor,63675,638,721196,11.4,24,cash_deposit,0.4,0.2342,728793.95,68285.3,current,0,0,715596.05,0.0,2025-Q2,0,0.0
L000910,B01603,2024-09-14,2029-09-14,auto,Bagmati,retail,salaried,64,M,married,bachelor,52640,738,153174,12.97,60,cash_deposit,0.0649,0.3452,163261.35,3655.21,current,0,0,26579.66,0.0,2024-Q3,0,0.0
L000911,B00474,2023-12-14,2028-12-14,personal,Bagmati,health,salaried,60,F,married,master,54241,699,53752,16.14,60,none,0.2178,0.6532,54108.7,7698.86,current,0,0,28881.62,0.0,2023-Q4,0,0.0
L000912,B00872,2021-12-23,2023-12-23,personal,Koshi,retail,business_owner,25,F,married,secondary,107582,591,160709,14.37,24,none,0.4,0.6786,172753.19,46892.11,current,0,0,114895.33,0.0,2021-Q4,0,0.0
L000913,B01502,2023-05-02,2024-05-02,personal,Lumbini,services,salaried,63,M,married,bachelor,52505,658,66987,16.41,12,none,0.4,0.5591,63438.33,14188.52,30_dpd,33,0,22984.82,0.0,2023-Q2,0,0.0
L000914,B00130,2025-07-13,2028-07-13,personal,Bagmati,services,salaried,60,M,married,secondary,48491,675,54066,16.81,36,none,0.3487,0.7618,51379.4,13645.89,30_dpd,43,0,17305.58,0.0,2025-Q3,0,0.0
L000915,B01130,2026-01-14,2031-01-14,home,Madhesh,services,salaried,45,M,single,secondary,64475,670,231919,9.07,60,property,0.3509,0.2742,229939.39,22122.43,current,0,0,52532.11,0.0,2026-Q1,0,0.0
L000916,B01639,2023-03-26,2025-03-26,auto,Koshi,services,salaried,38,F,married,master,44771,779,249047,12.98,24,guarantee,0.0145,0.4538,237069.11,1556.09,30_dpd,59,0,44934.69,0.0,2023-Q1,0,0.0
L000917,B01607,2022-09-01,2027-09-01,personal,Koshi,retail,salaried,54,M,divorced,bachelor,55166,708,161336,16.07,60,none,0.1801,0.7286,172781.28,22677.68,closed,0,0,0.0,0.0,2022-Q3,0,0.0
L000918,B00722,2025-07-17,2031-07-17,personal,Koshi,wholesale,informal,35,F,single,secondary,67978,610,128780,12.49,72,none,0.4,0.6526,125758.28,32827.75,30_dpd,49,0,105439.35,0.0,2025-Q3,0,0.0
L000919,B01358,2024-08-24,2027-08-24,personal,Sudurpashchim,agriculture,agriculture,36,F,single,bachelor,79593,680,65500,18.15,36,none,0.3179,0.7187,67130.69,15338.4,current,0,0,58984.64,0.0,2024-Q3,0,0.0
L000920,B00045,2022-01-04,2023-07-04,SME,Karnali,services,self-employed,24,F,single,master,108536,630,318694,12.46,18,cash_deposit,0.4,0.2473,305729.39,30238.57,current,0,0,304645.79,0.0,2022-Q1,0,0.0
L000921,B00899,2022-07-01,2025-07-01,personal,Gandaki,manufacturing,agriculture,39,M,single,bachelor,28664,607,52920,16.93,36,cash_deposit,0.4,0.2427,55926.65,5428.25,60_dpd,82,0,40255.15,0.0,2022-Q3,0,0.0
L000922,B01031,2021-09-20,2026-09-20,home,Karnali,retail,salaried,58,F,single,secondary,67539,615,888263,14.41,60,property,0.4,0.399,906646.58,144708.12,current,0,0,440499.3,0.0,2021-Q3,0,0.0
L000923,B00783,2025-11-21,2027-11-21,home,Karnali,manufacturing,informal,47,F,single,primary,43936,704,356687,14.17,24,property,0.1661,0.1901,368427.87,11637.21,30_dpd,33,0,166747.33,0.0,2025-Q4,0,0.0
L000924,B01614,2024-07-22,2025-07-22,home,Bagmati,retail,informal,55,M,single,bachelor,20052,772,1524466,13.76,12,property,0.0197,0.2864,1636854.51,9244.02,60_dpd,75,0,1421553.66,0.0,2024-Q3,0,0.0
L000925,B01535,2025-06-11,2028-06-11,auto,Bagmati,retail,business_owner,36,M,married,bachelor,94146,721,510492,12.25,36,vehicle,0.1062,0.4305,478081.47,21862.74,current,0,0,399239.34,0.0,2025-Q2,0,0.0
L000926,B00555,2021-08-10,2027-08-10,home,Sudurpashchim,health,salaried,37,F,widowed,secondary,78826,644,437989,15.5,72,guarantee,0.4,0.3565,448959.59,64026.42,current,0,0,99815.49,0.0,2021-Q3,0,0.0
L000927,B01680,2024-07-16,2027-07-16,personal,Karnali,retail,business_owner,67,F,married,secondary,37251,673,72169,16.56,36,guarantee,0.3614,0.4952,74806.55,13386.83,60_dpd,61,0,53305.11,0.0,2024-Q3,0,0.0
L000928,B00440,2025-10-05,2026-10-05,auto,Madhesh,services,salaried,64,M,married,bachelor,88261,633,325435,12.16,12,cash_deposit,0.4,0.4241,338426.96,57411.65,defaulted,147,1,236664.39,13438.58,2025-Q4,1,43973.07
L000929,B00830,2024-10-27,2025-10-27,personal,Bagmati,retail,self-employed,21,M,widowed,bachelor,72247,594,181480,20.12,12,cash_deposit,0.4,0.3474,167345.91,23254.25,current,0,0,18196.42,0.0,2024-Q4,0,0.0
L000930,B01503,2021-11-21,2024-11-21,home,Karnali,health,self-employed,60,M,married,secondary,99501,745,1367863,11.02,36,property,0.0521,0.2955,1474691.48,22722.67,60_dpd,82,0,586196.04,0.0,2021-Q4,0,0.0
L000931,B00941,2022-09-19,2025-09-19,micro,Lumbini,retail,self-employed,43,F,widowed,bachelor,48519,718,68326,19.25,36,none,0.1453,0.7363,72926.52,7803.7,60_dpd,87,0,25507.14,0.0,2022-Q3,0,0.0
L000932,B01078,2021-10-05,2022-10-05,personal,Madhesh,services,salaried,31,F,married,master,108971,648,45582,15.89,12,cash_deposit,0.4,0.4522,42201.1,7632.71,current,0,0,8524.92,0.0,2021-Q4,0,0.0
L000933,B00670,2022-09-24,2024-09-24,personal,Koshi,retail,self-employed,45,F,married,master,70390,667,174165,15.78,24,none,0.4,0.6038,174048.68,42035.68,current,0,0,33485.94,0.0,2022-Q3,0,0.0
L000934,B01101,2025-09-26,2028-09-26,auto,Koshi,wholesale,self-employed,31,F,married,secondary,111689,618,504326,11.88,36,vehicle,0.4,0.3192,501802.4,64065.35,defaulted,147,1,279318.44,19688.98,2025-Q3,1,44376.369999999995
L000935,B01726,2026-05-30,2027-05-30,personal,Koshi,retail,agriculture,28,M,widowed,master,43961,540,41011,15.18,12,none,0.4,0.7032,41406.98,11647.39,current,0,0,40153.91,0.0,2026-Q2,0,0.0
L000936,B01069,2026-06-06,2029-06-06,auto,Koshi,construction,self-employed,33,F,married,primary,72742,778,405173,18.15,36,vehicle,0.0152,0.4083,380363.07,2354.09,current,0,0,103668.98,0.0,2026-Q2,0,0.0
L000937,B01413,2023-01-19,2029-01-19,auto,Lumbini,retail,agriculture,22,M,divorced,master,58549,635,130758,12.05,72,vehicle,0.4,0.5956,132159.15,31487.3,current,0,0,75632.8,0.0,2023-Q1,0,0.0
L000938,B01197,2025-12-31,2029-12-31,micro,Sudurpashchim,construction,self-employed,28,F,single,master,87103,661,52133,16.56,48,cash_deposit,0.4,0.2661,51125.08,5441.53,30_dpd,34,0,35406.7,0.0,2025-Q4,0,0.0
L000939,B00618,2025-06-23,2028-06-23,auto,Madhesh,retail,self-employed,39,F,single,bachelor,99724,658,178838,12.2,36,guarantee,0.4,0.3279,173437.61,22749.13,60_dpd,75,0,161194.32,0.0,2025-Q2,0,0.0
L000940,B00244,2022-12-03,2027-12-03,auto,Madhesh,education,informal,53,M,single,secondary,28078,632,504977,12.53,60,vehicle,0.4,0.5045,495279.93,99941.66,current,0,0,426822.43,0.0,2022-Q4,0,0.0
L000941,B01551,2022-07-17,2027-07-17,personal,Karnali,construction,salaried,27,M,married,primary,98396,702,64545,14.56,60,guarantee,0.2046,0.4369,59994.05,5362.41,current,0,0,20112.57,0.0,2022-Q3,0,0.0
L000942,B01224,2023-03-04,2025-03-04,SME,Bagmati,services,salaried,51,M,married,master,48122,675,371575,10.49,24,guarantee,0.3187,0.4428,391176.06,55199.91,60_dpd,60,0,120658.46,0.0,2023-Q1,0,0.0
L000943,B00898,2025-12-14,2026-12-14,home,Karnali,services,salaried,70,M,single,secondary,65409,606,1690886,8.52,12,property,0.4,0.1937,1569808.54,121605.54,30_dpd,59,0,447376.14,0.0,2025-Q4,0,0.0
L000944,B01324,2021-02-25,2023-02-25,personal,Lumbini,retail,self-employed,52,F,single,master,77372,581,136188,15.62,24,none,0.4,0.6941,125318.41,34791.91,current,0,0,91921.08,0.0,2021-Q1,0,0.0
L000945,B00106,2024-08-03,2028-08-03,SME,Sudurpashchim,wholesale,self-employed,44,M,divorced,master,105075,670,411058,11.68,48,property,0.3509,0.3857,425889.01,57637.23,current,0,0,356067.56,0.0,2024-Q3,0,0.0
L000946,B00647,2024-07-08,2027-07-08,SME,Gandaki,services,informal,37,M,married,secondary,43900,739,369450,17.55,36,property,0.0629,0.3111,398862.74,7805.69,current,0,0,291309.43,0.0,2024-Q3,0,0.0
L000947,B01697,2021-03-02,2024-03-02,personal,Bagmati,retail,salaried,33,F,married,bachelor,84537,760,390212,14.24,36,cash_deposit,0.0614,0.4406,365940.14,9894.55,current,0,0,95436.05,0.0,2021-Q1,0,0.0
L000948,B00687,2024-02-04,2027-02-04,auto,Karnali,services,salaried,70,F,married,master,74134,626,282750,11.51,36,cash_deposit,0.4,0.2336,293858.77,27460.54,current,0,0,186295.57,0.0,2024-Q1,0,0.0
L000949,B01771,2022-10-16,2026-10-16,home,Sudurpashchim,agriculture,informal,63,F,single,bachelor,45222,581,944042,7.95,48,property,0.4,0.2662,902257.8,96059.83,current,0,0,98553.29,0.0,2022-Q4,0,0.0
L000950,B00662,2024-04-24,2025-10-24,micro,Lumbini,education,self-employed,39,F,married,bachelor,77292,700,81499,15.06,18,guarantee,0.2133,0.5544,80357.22,9503.86,current,0,0,53138.9,0.0,2024-Q2,0,0.0
L000951,B01241,2022-08-15,2023-08-15,personal,Koshi,construction,salaried,21,M,married,secondary,57336,741,59868,15.1,12,cash_deposit,0.0891,0.2978,62008.37,1645.99,current,0,0,53854.41,0.0,2022-Q3,0,0.0
L000952,B00776,2022-04-03,2027-04-03,personal,Koshi,retail,informal,67,M,divorced,secondary,63094,692,120310,15.0,60,none,0.2515,0.6154,116586.77,18043.83,current,0,0,42599.05,0.0,2022-Q2,0,0.0
L000953,B00723,2023-07-06,2029-07-06,micro,Sudurpashchim,wholesale,salaried,51,F,widowed,bachelor,87779,682,53172,18.73,72,none,0.3061,0.7887,51819.27,12511.4,60_dpd,66,0,29727.4,0.0,2023-Q3,0,0.0
L000954,B01304,2026-05-26,2030-05-26,auto,Koshi,retail,salaried,36,F,married,bachelor,77379,655,294564,8.45,48,guarantee,0.4,0.4559,275636.21,50264.73,30_dpd,36,0,114181.0,0.0,2026-Q2,0,0.0
L000955,B00240,2021-03-06,2026-03-06,SME,Bagmati,education,agriculture,42,M,married,bachelor,50983,606,577614,15.47,60,property,0.4,0.2262,553489.49,50082.05,current,0,0,345877.29,0.0,2021-Q1,0,0.0
L000956,B01210,2025-01-12,2028-01-12,personal,Bagmati,retail,salaried,67,M,married,primary,78580,756,91369,14.36,36,none,0.0662,0.662,93051.97,4074.7,current,0,0,81568.36,0.0,2025-Q1,0,0.0
L000957,B00293,2021-04-27,2025-04-27,home,Madhesh,retail,salaried,23,F,married,bachelor,62666,736,2415513,10.55,48,property,0.0689,0.4139,2540013.42,72446.0,90_dpd,107,0,1781223.88,0.0,2021-Q2,1,0.0
L000958,B01468,2022-07-26,2024-01-26,home,Gandaki,construction,salaried,41,M,married,primary,54961,616,2156471,11.18,18,property,0.4,0.2229,2323432.93,207201.71,30_dpd,35,0,923060.28,0.0,2022-Q3,0,0.0
L000959,B00581,2021-07-30,2027-07-30,auto,Bagmati,wholesale,salaried,68,F,single,bachelor,87554,774,79774,15.66,72,cash_deposit,0.0181,0.3256,80199.54,473.1,current,0,0,55314.17,0.0,2021-Q3,0,0.0
L000960,B00414,2023-12-11,2027-12-11,personal,Lumbini,agriculture,self-employed,40,M,married,secondary,108599,651,60383,16.87,48,guarantee,0.4,0.4592,58558.38,10755.62,90_dpd,101,0,32880.68,0.0,2023-Q4,1,0.0
L000961,B01391,2024-05-30,2026-05-30,SME,Madhesh,manufacturing,self-employed,57,M,single,secondary,94880,759,904474,10.56,24,cash_deposit,0.0325,0.2758,964639.86,8651.34,current,0,0,327220.34,0.0,2024-Q2,0,0.0
L000962,B01365,2023-03-23,2025-03-23,personal,Bagmati,wholesale,salaried,38,F,married,bachelor,52510,643,62650,11.68,24,none,0.4,0.7705,57836.71,17825.9,current,0,0,57006.97,0.0,2023-Q1,0,0.0
L000963,B00045,2023-01-27,2024-01-27,personal,Karnali,services,self-employed,24,F,single,master,108536,631,83244,13.93,12,cash_deposit,0.4,0.3687,78626.56,11596.72,current,0,0,28078.15,0.0,2023-Q1,0,0.0
L000964,B00922,2021-04-30,2022-04-30,personal,Koshi,services,salaried,67,F,married,secondary,36392,652,76002,17.69,12,none,0.4,0.7476,75718.12,22641.86,60_dpd,89,0,12069.2,0.0,2021-Q2,0,0.0
L000965,B00757,2025-03-26,2026-03-26,micro,Lumbini,education,salaried,49,F,single,bachelor,81734,684,61756,22.26,12,cash_deposit,0.3546,0.2702,59868.6,5737.07,current,0,0,17479.17,0.0,2025-Q1,0,0.0
L000966,B01158,2025-03-31,2029-03-31,SME,Madhesh,services,salaried,53,M,single,secondary,79735,627,556518,13.85,48,guarantee,0.4,0.4194,521873.56,87542.93,60_dpd,67,0,363505.43,0.0,2025-Q1,0,0.0
L000967,B00347,2025-07-20,2026-07-20,personal,Lumbini,services,informal,48,M,married,secondary,45286,650,97794,19.53,12,none,0.4,0.7157,100339.75,28727.2,current,0,0,74515.69,0.0,2025-Q3,0,0.0
L000968,B01702,2021-02-24,2022-08-24,home,Bagmati,retail,business_owner,34,M,divorced,master,90560,642,574415,9.42,18,guarantee,0.4,0.3652,530152.52,77446.73,90_dpd,111,0,464632.94,0.0,2021-Q1,1,0.0
L000969,B01528,2021-05-21,2023-05-21,home,Karnali,construction,informal,39,F,married,secondary,47651,707,700248,13.75,24,guarantee,0.154,0.4014,647567.94,40037.99,60_dpd,83,0,622690.32,0.0,2021-Q2,0,0.0
L000970,B00136,2023-04-10,2028-04-10,micro,Sudurpashchim,health,informal,57,F,married,bachelor,48369,679,28284,22.0,60,none,0.3239,0.7261,28336.43,6665.55,30_dpd,38,0,21809.18,0.0,2023-Q2,0,0.0
L000971,B01122,2023-09-08,2026-09-08,personal,Sudurpashchim,construction,business_owner,60,M,married,secondary,103297,687,86758,17.68,36,none,0.2779,0.8014,80766.06,17984.48,defaulted,140,1,15755.07,7884.91,2023-Q3,1,10099.57
L000972,B00145,2024-10-04,2029-10-04,personal,Bagmati,wholesale,salaried,47,M,single,bachelor,77632,620,59248,15.62,60,cash_deposit,0.4,0.2691,59346.56,6387.62,current,0,0,33536.35,0.0,2024-Q4,0,0.0
L000973,B01177,2023-01-23,2026-01-23,SME,Gandaki,retail,salaried,49,F,single,secondary,57121,686,1317915,14.99,36,property,0.2534,0.2471,1282635.09,80301.82,current,0,0,1010563.61,0.0,2023-Q1,0,0.0
L000974,B00264,2025-12-09,2028-12-09,micro,Bagmati,retail,self-employed,60,F,divorced,phd,121720,643,40164,17.47,36,none,0.4,0.7575,40498.22,12270.47,90_dpd,109,0,21758.48,0.0,2025-Q4,1,0.0
L000975,B01011,2024-10-06,2029-10-06,SME,Lumbini,services,self-employed,51,F,married,primary,51349,688,487821,12.99,60,vehicle,0.2424,0.4771,489733.34,56643.36,30_dpd,38,0,125006.88,0.0,2024-Q4,0,0.0
L000976,B00394,2023-06-05,2025-06-05,personal,Sudurpashchim,retail,salaried,22,M,single,secondary,69549,677,73686,14.09,24,guarantee,0.3362,0.3578,73618.85,8854.97,current,0,0,25120.99,0.0,2023-Q2,0,0.0
L000977,B00897,2026-06-12,2027-06-12,home,Madhesh,health,agriculture,52,F,married,master,39948,718,606165,12.61,12,property,0.1153,0.1936,589269.94,13156.22,30_dpd,54,0,70773.61,0.0,2026-Q2,0,0.0
L000978,B01596,2023-06-25,2026-06-25,home,Karnali,services,salaried,45,F,married,master,54985,683,1115416,10.11,36,guarantee,0.2703,0.3941,1040645.14,110864.15,90_dpd,105,0,749654.1,0.0,2023-Q2,1,0.0
L000979,B00565,2024-07-25,2026-07-25,auto,Gandaki,services,business_owner,24,M,married,master,104346,686,268930,14.93,24,guarantee,0.2534,0.4712,264122.36,31529.65,defaulted,90,1,167134.18,6049.13,2024-Q3,1,25480.52
L000980,B01142,2023-09-01,2027-09-01,micro,Gandaki,services,informal,27,M,married,primary,15000,823,25000,16.39,48,none,0.0271,0.7846,25580.68,543.6,defaulted,153,1,10317.53,110.1,2023-Q3,1,433.5
L000981,B00536,2024-05-25,2027-05-25,SME,Koshi,construction,self-employed,63,F,single,master,101640,722,454861,11.1,36,guarantee,0.1033,0.3403,486354.34,17103.69,30_dpd,37,0,179281.62,0.0,2024-Q2,0,0.0
L000982,B01495,2023-09-03,2025-03-03,personal,Madhesh,wholesale,self-employed,22,F,divorced,secondary,66422,728,139390,17.79,18,none,0.1172,0.6051,146728.39,10406.25,current,0,0,136946.89,0.0,2023-Q3,0,0.0
L000983,B01171,2023-07-07,2024-07-07,micro,Lumbini,education,self-employed,65,F,divorced,phd,114649,636,25000,17.31,12,none,0.4,0.8202,24991.16,8199.37,current,0,0,9746.45,0.0,2023-Q3,0,0.0
L000984,B00794,2026-04-14,2027-10-14,personal,Karnali,agriculture,self-employed,48,M,married,bachelor,84274,623,127159,15.88,18,guarantee,0.4,0.3303,135862.62,17951.85,current,0,0,44638.37,0.0,2026-Q2,0,0.0
L000985,B00078,2021-02-04,2023-02-04,personal,Bagmati,manufacturing,agriculture,51,M,married,secondary,63259,701,88240,16.37,24,none,0.2089,0.7887,93476.48,15402.42,current,0,0,67614.71,0.0,2021-Q1,0,0.0
L000986,B01158,2021-01-21,2023-01-21,personal,Madhesh,services,salaried,53,M,single,secondary,79735,626,223582,19.3,24,none,0.4,0.6861,229948.8,63109.77,30_dpd,31,0,191722.94,0.0,2021-Q1,0,0.0
L000987,B01780,2026-05-13,2028-05-13,micro,Lumbini,construction,self-employed,59,M,married,primary,126297,674,78601,16.96,24,none,0.4,0.7077,83805.53,23724.53,current,0,0,24407.37,0.0,2026-Q2,0,0.0
L000988,B00272,2021-05-11,2026-05-11,SME,Lumbini,wholesale,salaried,50,M,single,bachelor,91483,645,600554,14.95,60,property,0.4,0.2644,599747.76,63433.4,current,0,0,331932.48,0.0,2021-Q2,0,0.0
L000989,B01316,2022-04-09,2025-04-09,personal,Gandaki,construction,self-employed,50,M,married,primary,107979,714,111621,17.72,36,none,0.2184,0.7348,115116.49,18473.71,current,0,0,27231.94,0.0,2022-Q2,0,0.0
L000990,B00284,2021-01-29,2022-07-29,micro,Bagmati,services,salaried,25,F,single,secondary,62976,737,39401,16.77,18,none,0.0969,0.721,36362.12,2539.55,current,0,0,17086.51,0.0,2021-Q1,0,0.0
L000991,B00052,2021-04-20,2024-04-20,micro,Sudurpashchim,wholesale,salaried,40,F,married,secondary,53689,703,44058,19.1,36,guarantee,0.2003,0.3252,45609.54,2970.96,30_dpd,45,0,40808.32,0.0,2021-Q2,0,0.0
L000992,B01795,2021-03-15,2026-03-15,auto,Lumbini,wholesale,self-employed,69,F,married,secondary,107024,771,344734,13.3,60,guarantee,0.0206,0.4068,326032.44,2726.38,current,0,0,169421.72,0.0,2021-Q1,0,0.0
L000993,B01089,2023-01-10,2025-01-10,auto,Madhesh,education,agriculture,34,F,married,primary,60054,624,350022,16.65,24,guarantee,0.4,0.5067,346058.8,70143.73,30_dpd,55,0,224981.75,0.0,2023-Q1,0,0.0
L000994,B01773,2025-03-30,2027-03-30,SME,Sudurpashchim,construction,agriculture,51,M,single,bachelor,39681,686,499313,11.19,24,guarantee,0.2534,0.386,534711.84,52292.24,90_dpd,99,0,231986.48,0.0,2025-Q1,1,0.0
L000995,B00355,2026-02-27,2030-02-27,home,Madhesh,retail,business_owner,69,F,single,secondary,120853,594,1331851,10.13,48,guarantee,0.4,0.441,1435042.14,253150.43,current,0,0,988782.19,0.0,2026-Q1,0,0.0
L000996,B01098,2023-06-12,2028-06-12,personal,Bagmati,services,self-employed,42,M,married,secondary,89447,680,400836,19.91,60,guarantee,0.3179,0.4153,383522.82,50642.48,current,0,0,154211.83,0.0,2023-Q2,0,0.0
L000997,B00304,2024-10-30,2029-10-30,micro,Karnali,services,salaried,40,F,married,secondary,71287,793,28675,20.76,60,none,0.0365,0.7588,26852.32,744.37,current,0,0,5682.73,0.0,2024-Q4,0,0.0
L000998,B00376,2026-05-15,2028-05-15,auto,Koshi,services,salaried,53,F,single,secondary,65642,551,436593,12.32,24,vehicle,0.4,0.496,450734.79,89433.58,current,0,0,310461.79,0.0,2026-Q2,0,0.0
L000999,B01729,2021-05-05,2024-05-05,micro,Madhesh,retail,business_owner,46,M,married,bachelor,176884,676,27566,15.37,36,guarantee,0.3424,0.3943,26707.12,3605.77,current,0,0,16137.85,0.0,2021-Q2,0,0.0
L001000,B00021,2025-01-27,2028-01-27,personal,Karnali,retail,business_owner,50,M,single,secondary,178069,786,36710,13.56,36,none,0.0401,0.7343,34559.37,1018.11,current,0,0,13353.77,0.0,2025-Q1,0,0.0
L001001,B01034,2023-04-21,2026-04-21,micro,Sudurpashchim,wholesale,business_owner,31,F,married,phd,180930,719,40577,15.31,36,none,0.1422,0.7162,41205.25,4197.4,current,0,0,10137.87,0.0,2023-Q2,0,0.0
L001002,B00650,2025-07-04,2028-07-04,personal,Madhesh,construction,salaried,66,F,married,secondary,86845,699,74225,20.04,36,none,0.2778,0.6704,69037.91,12857.34,60_dpd,70,0,40129.67,0.0,2025-Q3,0,0.0
L001003,B01150,2026-06-14,2030-06-14,auto,Madhesh,services,business_owner,59,M,divorced,bachelor,105398,712,115952,12.33,48,vehicle,0.1354,0.4424,110171.01,6597.73,30_dpd,40,0,43554.46,0.0,2026-Q2,0,0.0
L001004,B01048,2021-09-01,2025-09-01,personal,Madhesh,health,self-employed,32,M,single,secondary,15000,666,108357,18.66,48,guarantee,0.4,0.424,116193.71,19705.57,30_dpd,53,0,85026.85,0.0,2021-Q3,0,0.0
L001005,B00484,2023-12-18,2028-12-18,micro,Madhesh,services,salaried,46,M,married,bachelor,72967,683,65988,20.17,60,guarantee,0.3003,0.3811,69347.37,7936.65,closed,0,0,0.0,0.0,2023-Q4,0,0.0
L001006,B00294,2025-08-23,2031-08-23,personal,Sudurpashchim,agriculture,salaried,40,M,married,secondary,67883,692,50002,13.0,72,none,0.2515,0.759,53867.08,10281.74,current,0,0,41105.45,0.0,2025-Q3,0,0.0
L001007,B01778,2025-10-13,2029-10-13,SME,Karnali,manufacturing,salaried,63,F,married,bachelor,68460,739,879679,14.28,48,cash_deposit,0.0629,0.3914,883493.43,21751.32,current,0,0,287833.48,0.0,2025-Q4,0,0.0
L001008,B00868,2021-12-21,2023-12-21,home,Sudurpashchim,agriculture,salaried,30,F,single,master,69538,622,1076342,15.36,24,cash_deposit,0.4,0.2369,1138735.56,107923.71,current,0,0,314656.5,0.0,2021-Q4,0,0.0
L001009,B00149,2022-11-10,2024-05-10,SME,Koshi,services,agriculture,46,F,single,bachelor,41409,625,669099,10.05,18,guarantee,0.4,0.3979,624986.04,99466.68,30_dpd,57,0,78450.44,0.0,2022-Q4,0,0.0
L001010,B00402,2021-06-22,2022-12-22,auto,Madhesh,agriculture,self-employed,59,M,married,master,66171,765,96129,13.2,18,cash_deposit,0.0861,0.1988,103196.31,1765.41,current,0,0,70187.3,0.0,2021-Q2,0,0.0
L001011,B01508,2022-06-10,2023-12-10,auto,Lumbini,retail,salaried,23,F,married,bachelor,73890,772,238108,16.19,18,vehicle,0.0197,0.5127,249648.01,2524.43,90_dpd,94,0,109903.57,0.0,2022-Q2,1,0.0
L001012,B00161,2024-01-15,2027-01-15,auto,Madhesh,retail,salaried,65,F,single,bachelor,54279,563,362832,16.61,36,vehicle,0.4,0.356,361844.55,51528.85,30_dpd,35,0,332623.58,0.0,2024-Q1,0,0.0
L001013,B01363,2022-09-17,2025-09-17,personal,Lumbini,wholesale,self-employed,51,F,married,secondary,61781,677,90255,17.22,36,guarantee,0.3362,0.53,84922.06,15131.8,current,0,0,26846.09,0.0,2022-Q3,0,0.0
L001014,B01618,2025-07-18,2029-07-18,personal,Lumbini,wholesale,salaried,69,O,single,secondary,76194,696,133989,17.07,48,cash_deposit,0.2318,0.3754,139253.89,12116.46,current,0,0,127076.78,0.0,2025-Q3,0,0.0
L001015,B00417,2021-05-26,2026-05-26,personal,Gandaki,retail,informal,66,F,married,secondary,35841,616,65775,16.23,60,cash_deposit,0.4,0.2256,67557.9,6096.06,current,0,0,36977.5,0.0,2021-Q2,0,0.0
L001016,B01589,2026-05-03,2028-05-03,auto,Bagmati,education,self-employed,64,F,married,secondary,40844,629,594969,16.45,24,vehicle,0.4,0.3682,563792.53,83034.46,current,0,0,252576.81,0.0,2026-Q2,0,0.0
L001017,B00184,2025-08-26,2028-08-26,personal,Lumbini,construction,self-employed,59,M,single,bachelor,70695,639,71361,18.59,36,none,0.4,0.7374,73937.97,21807.87,current,0,0,57514.9,0.0,2025-Q3,0,0.0
L001018,B00161,2024-07-01,2029-07-01,SME,Madhesh,retail,salaried,65,F,single,bachelor,54279,540,541322,14.91,60,guarantee,0.4,0.3642,511212.78,74464.43,current,0,0,334270.3,0.0,2024-Q3,0,0.0
L001019,B00796,2025-09-21,2029-09-21,micro,Gandaki,education,informal,25,M,single,phd,53674,629,25000,18.32,48,none,0.4,0.7144,23460.87,6703.84,closed,0,0,0.0,0.0,2025-Q3,0,0.0
L001020,B01059,2023-04-17,2025-04-17,SME,Sudurpashchim,services,salaried,23,F,single,master,83968,701,436627,13.23,24,guarantee,0.1789,0.4028,465914.09,33573.71,closed,0,0,0.0,0.0,2023-Q2,0,0.0
L001021,B01273,2023-11-28,2026-11-28,personal,Bagmati,retail,agriculture,63,M,single,primary,56881,740,239992,16.19,36,none,0.091,0.7213,252129.63,16550.4,60_dpd,78,0,79210.09,0.0,2023-Q4,0,0.0
L001022,B01505,2023-02-11,2024-02-11,micro,Sudurpashchim,retail,salaried,45,M,married,master,81252,701,114081,23.23,12,none,0.2089,0.85,114248.73,20287.03,current,0,0,97635.33,0.0,2023-Q1,0,0.0
L001023,B00616,2022-01-23,2027-01-23,personal,Karnali,health,self-employed,34,M,single,master,132734,722,67808,12.16,60,none,0.1333,0.6903,68390.03,6294.51,defaulted,115,1,41460.62,2331.81,2022-Q1,1,3962.7000000000003
L001024,B00127,2023-04-05,2028-04-05,SME,Gandaki,retail,self-employed,57,M,single,primary,55818,678,541949,8.8,60,vehicle,0.3,0.551,519330.66,85856.37,current,0,0,490246.63,0.0,2023-Q2,0,0.0
L001025,B00836,2023-12-30,2025-12-30,SME,Lumbini,health,self-employed,68,M,single,secondary,142321,664,988162,10.76,24,vehicle,0.3913,0.3491,926308.12,126539.23,30_dpd,32,0,289289.37,0.0,2023-Q4,0,0.0
L001026,B00700,2024-02-13,2027-02-13,personal,Koshi,education,salaried,53,F,single,bachelor,52940,671,77758,13.82,36,none,0.3743,0.8097,83195.94,25218.57,closed,0,0,0.0,0.0,2024-Q1,0,0.0
L001027,B00826,2023-05-18,2025-05-18,SME,Bagmati,construction,salaried,54,M,married,bachelor,71734,725,411607,16.96,24,cash_deposit,0.095,0.308,421291.56,12326.25,current,0,0,247059.0,0.0,2023-Q2,0,0.0
L001028,B00397,2022-02-22,2025-02-22,micro,Sudurpashchim,education,salaried,60,F,single,secondary,48214,674,44259,18.26,36,cash_deposit,0.355,0.3612,41415.92,5309.78,current,0,0,17774.65,0.0,2022-Q1,0,0.0
L001029,B00679,2024-10-07,2029-10-07,micro,Lumbini,wholesale,salaried,47,F,married,secondary,95577,612,35904,17.73,60,none,0.4,0.7657,37684.68,11541.92,current,0,0,4109.78,0.0,2024-Q4,0,0.0
L001030,B00321,2022-11-28,2025-11-28,home,Sudurpashchim,services,self-employed,53,F,widowed,primary,88642,683,1939433,9.87,36,property,0.2703,0.3006,2038677.82,165667.43,current,0,0,770324.52,0.0,2022-Q4,0,0.0
L001031,B01061,2025-08-16,2027-08-16,home,Madhesh,health,business_owner,26,F,single,master,144474,766,979593,9.27,24,property,0.0251,0.3204,946802.44,7610.54,current,0,0,346347.89,0.0,2025-Q3,0,0.0
L001032,B00489,2021-07-24,2023-07-24,auto,Karnali,education,business_owner,34,F,married,bachelor,84182,783,253926,12.58,24,vehicle,0.0119,0.3796,265762.4,1198.64,30_dpd,42,0,231654.18,0.0,2021-Q3,0,0.0
L001033,B01624,2026-03-11,2032-03-11,micro,Madhesh,wholesale,salaried,30,F,single,secondary,62712,655,63780,17.21,72,cash_deposit,0.4,0.3794,68011.15,10320.44,current,0,0,46736.67,0.0,2026-Q1,0,0.0
L001034,B01239,2024-12-26,2026-12-26,micro,Lumbini,manufacturing,salaried,56,M,married,phd,101308,664,48797,17.23,24,guarantee,0.4,0.4647,52047.67,9673.62,60_dpd,70,0,14250.64,0.0,2024-Q4,0,0.0
L001035,B00392,2024-01-22,2029-01-22,home,Bagmati,wholesale,salaried,47,M,married,phd,79365,648,953137,9.4,60,guarantee,0.4,0.4226,936893.18,158390.14,30_dpd,32,0,865872.95,0.0,2024-Q1,0,0.0
L001036,B01092,2023-08-29,2024-08-29,SME,Bagmati,wholesale,salaried,54,F,single,secondary,48954,648,1327841,12.02,12,guarantee,0.4,0.4372,1310346.03,229161.84,current,0,0,609305.26,0.0,2023-Q3,0,0.0
L001037,B01406,2025-01-24,2028-01-24,SME,Gandaki,construction,business_owner,52,F,married,secondary,127340,753,608281,15.8,36,guarantee,0.0401,0.3935,623908.11,9837.78,current,0,0,280733.44,0.0,2025-Q1,0,0.0
L001038,B00057,2026-03-03,2027-03-03,auto,Lumbini,manufacturing,self-employed,28,F,single,master,44901,654,302552,10.93,12,guarantee,0.4,0.3471,304076.92,42219.08,current,0,0,286102.19,0.0,2026-Q1,0,0.0
L001039,B00377,2025-09-24,2030-09-24,auto,Madhesh,agriculture,business_owner,23,F,single,secondary,112402,721,273485,11.3,60,cash_deposit,0.1062,0.2985,261637.19,8298.06,30_dpd,30,0,198719.57,0.0,2025-Q3,0,0.0
L001040,B01036,2023-06-08,2028-06-08,auto,Madhesh,services,salaried,46,F,single,secondary,61544,648,335395,11.46,60,vehicle,0.4,0.4779,341282.05,65239.3,60_dpd,75,0,287328.72,0.0,2023-Q2,0,0.0
L001041,B01049,2023-10-23,2029-10-23,SME,Karnali,retail,salaried,67,M,married,bachelor,89376,682,651265,10.78,72,guarantee,0.2761,0.4874,687247.14,92487.1,30_dpd,44,0,569905.62,0.0,2023-Q4,0,0.0
L001042,B01065,2021-07-13,2022-07-13,SME,Madhesh,services,salaried,43,M,married,bachelor,63145,674,426007,15.85,12,property,0.325,0.2349,459457.94,35078.49,current,0,0,322869.88,0.0,2021-Q3,0,0.0
L001043,B01340,2025-11-21,2028-11-21,personal,Lumbini,services,salaried,44,M,married,bachelor,97322,788,130003,14.98,36,guarantee,0.039,0.3666,134617.25,1926.07,60_dpd,76,0,45922.11,0.0,2025-Q4,0,0.0
L001044,B01718,2021-04-14,2026-04-14,micro,Lumbini,services,business_owner,60,F,married,secondary,98703,733,38238,19.18,60,none,0.1054,0.7893,37194.64,3093.81,current,0,0,17634.97,0.0,2021-Q2,0,0.0
L001045,B01465,2024-12-02,2026-12-02,auto,Lumbini,services,salaried,56,F,widowed,master,84850,691,305590,15.81,24,vehicle,0.2266,0.3692,295886.05,24751.17,90_dpd,97,0,145546.09,0.0,2024-Q4,1,0.0
L001046,B01713,2023-04-29,2025-04-29,home,Gandaki,education,self-employed,54,M,single,master,118768,703,995372,12.41,24,guarantee,0.1703,0.3775,1074870.68,69098.29,90_dpd,107,0,831382.37,0.0,2023-Q2,1,0.0
L001047,B01402,2025-11-24,2028-11-24,personal,Bagmati,agriculture,salaried,30,F,married,bachelor,57365,635,178012,14.88,36,guarantee,0.4,0.4364,163775.75,28591.15,current,0,0,107281.84,0.0,2025-Q4,0,0.0
L001048,B00953,2022-12-03,2026-12-03,SME,Karnali,health,self-employed,63,F,married,secondary,90684,626,482779,15.25,48,guarantee,0.4,0.3857,452662.61,69829.83,90_dpd,110,0,273196.4,0.0,2022-Q4,1,0.0
L001049,B01578,2021-10-03,2024-10-03,personal,Madhesh,construction,agriculture,44,F,single,bachelor,53234,777,80145,18.16,36,cash_deposit,0.1059,0.2482,75450.76,1982.18,current,0,0,47632.22,0.0,2021-Q4,0,0.0
L001050,B01151,2026-01-30,2029-01-30,auto,Gandaki,wholesale,informal,47,F,married,secondary,63922,691,238827,11.81,36,vehicle,0.2266,0.3256,237469.44,17518.05,current,0,0,135671.71,0.0,2026-Q1,0,0.0
L001051,B01204,2023-12-31,2025-12-31,SME,Madhesh,retail,agriculture,46,F,married,secondary,73370,565,1192765,13.87,24,property,0.4,0.2037,1099054.77,89552.89,closed,0,0,0.0,0.0,2023-Q4,0,0.0
L001052,B01033,2023-05-29,2025-05-29,personal,Koshi,manufacturing,salaried,35,M,married,secondary,30001,608,145329,15.67,24,none,0.4,0.7523,156113.85,46977.58,90_dpd,109,0,113920.77,0.0,2023-Q2,1,0.0
L001053,B01068,2023-06-02,2024-06-02,home,Bagmati,retail,salaried,22,M,married,secondary,30567,667,2148910,12.15,12,cash_deposit,0.3709,0.5235,2310351.21,448592.11,90_dpd,109,0,1498153.9,0.0,2023-Q2,1,0.0
L001054,B01761,2021-04-05,2025-04-05,personal,Karnali,retail,agriculture,33,F,married,primary,67882,701,230416,15.4,48,guarantee,0.2089,0.4507,212723.18,20028.94,30_dpd,48,0,82618.34,0.0,2021-Q2,0,0.0
L001055,B01379,2022-05-09,2023-05-09,SME,Bagmati,wholesale,self-employed,21,F,married,primary,68377,800,613415,16.01,12,guarantee,0.005,0.38,588265.34,1117.62,current,0,0,516527.24,0.0,2022-Q2,0,0.0
L001056,B00361,2021-10-12,2023-04-12,SME,Bagmati,services,informal,66,M,divorced,phd,38272,651,540117,12.62,18,vehicle,0.4,0.5375,544322.31,117020.72,current,0,0,428977.56,0.0,2021-Q4,0,0.0
L001057,B00859,2022-05-19,2023-05-19,personal,Sudurpashchim,retail,salaried,35,M,married,secondary,64555,655,42963,16.03,12,none,0.4,0.6292,45485.5,11448.67,30_dpd,39,0,30218.04,0.0,2022-Q2,0,0.0
L001058,B01217,2024-08-19,2027-08-19,micro,Sudurpashchim,education,self-employed,24,M,married,primary,17159,687,89003,20.86,36,none,0.2779,0.6621,83548.72,15370.84,closed,0,0,0.0,0.0,2024-Q3,0,0.0
L001059,B01057,2022-08-28,2026-08-28,micro,Gandaki,services,self-employed,33,F,married,phd,117736,731,117270,16.23,48,guarantee,0.1099,0.3321,113090.13,4129.55,30_dpd,37,0,103715.44,0.0,2022-Q3,0,0.0
L001060,B01066,2025-11-04,2028-11-04,SME,Gandaki,retail,salaried,30,M,married,bachelor,130866,715,647860,13.86,36,vehicle,0.125,0.5012,615990.17,38606.07,current,0,0,375717.09,0.0,2025-Q4,0,0.0
L001061,B00210,2024-05-20,2030-05-20,home,Bagmati,wholesale,salaried,22,M,single,master,96024,670,720972,12.55,72,property,0.3509,0.1585,704815.11,39209.46,60_dpd,62,0,463534.75,0.0,2024-Q2,0,0.0
L001062,B00592,2025-03-27,2027-03-27,SME,Lumbini,construction,salaried,69,M,married,phd,67366,688,225226,13.02,24,guarantee,0.2424,0.4047,241931.96,23738.01,90_dpd,108,0,71782.03,0.0,2025-Q1,1,0.0
L001063,B00991,2025-08-29,2028-08-29,home,Karnali,retail,self-employed,39,M,single,master,39043,628,1150120,12.33,36,guarantee,0.4,0.3243,1100393.46,142763.49,90_dpd,103,0,112178.61,0.0,2025-Q3,1,0.0
L001064,B00274,2024-03-04,2026-03-04,personal,Gandaki,agriculture,self-employed,55,F,married,bachelor,99736,771,209481,11.52,24,guarantee,0.0506,0.37,215393.07,4028.98,current,0,0,178633.89,0.0,2024-Q1,0,0.0
L001065,B00125,2024-06-09,2028-06-09,personal,Karnali,construction,agriculture,43,F,single,primary,44490,747,119653,20.24,48,guarantee,0.0789,0.4637,114664.08,4194.19,current,0,0,27113.91,0.0,2024-Q2,0,0.0
L001066,B01616,2022-06-05,2025-06-05,auto,Koshi,retail,salaried,66,O,married,bachelor,31689,643,204874,13.91,36,vehicle,0.4,0.4291,206260.29,35404.76,30_dpd,42,0,159878.77,0.0,2022-Q2,0,0.0
L001067,B00256,2025-10-04,2027-04-04,micro,Gandaki,services,self-employed,40,F,single,secondary,38523,592,62656,15.63,18,cash_deposit,0.4,0.2862,58221.72,6666.12,current,0,0,29923.85,0.0,2025-Q4,0,0.0
L001068,B00005,2023-09-04,2028-09-04,SME,Gandaki,services,salaried,28,F,married,secondary,108619,596,611225,16.07,60,property,0.4,0.2168,574439.88,49812.35,current,0,0,456625.36,0.0,2023-Q3,0,0.0
L001069,B00281,2024-03-05,2030-03-05,SME,Madhesh,services,salaried,21,M,married,secondary,47497,600,864756,15.67,72,guarantee,0.4,0.447,904046.07,161653.33,current,0,0,120142.31,0.0,2024-Q1,0,0.0
L001070,B01499,2021-02-21,2024-02-21,SME,Lumbini,retail,business_owner,37,F,single,primary,114155,641,1131534,12.46,36,property,0.4,0.2796,1056670.85,118157.45,30_dpd,38,0,866506.78,0.0,2021-Q1,0,0.0
L001071,B00930,2025-04-16,2030-04-16,micro,Gandaki,retail,salaried,56,F,single,secondary,84584,696,55155,19.29,60,none,0.2318,0.5851,55939.5,7585.85,90_dpd,101,0,37965.74,0.0,2025-Q2,1,0.0
L001072,B01621,2023-06-27,2024-12-27,auto,Bagmati,retail,salaried,36,M,married,phd,90986,585,407254,16.84,18,guarantee,0.4,0.4277,380104.79,65021.38,current,0,0,236941.65,0.0,2023-Q2,0,0.0
L001073,B01406,2025-04-21,2026-10-21,micro,Gandaki,construction,business_owner,52,F,married,secondary,127340,737,52366,23.74,18,guarantee,0.0969,0.2873,53877.24,1499.17,closed,0,0,0.0,0.0,2025-Q2,0,0.0
L001074,B01690,2022-10-15,2027-10-15,auto,Gandaki,retail,salaried,38,F,married,secondary,67071,668,587037,11.26,60,vehicle,0.3642,0.4054,617181.11,91120.78,current,0,0,219001.99,0.0,2022-Q4,0,0.0
L001075,B01480,2025-01-20,2031-01-20,micro,Karnali,retail,business_owner,42,M,married,primary,150104,672,27443,17.17,72,none,0.3678,0.7221,26795.88,7116.99,30_dpd,53,0,12264.31,0.0,2025-Q1,0,0.0
L001076,B00809,2021-09-11,2023-09-11,home,Gandaki,agriculture,informal,34,M,single,master,37796,668,1279727,8.79,24,property,0.3642,0.4538,1221819.84,201923.53,current,0,0,309780.26,0.0,2021-Q3,0,0.0
L001077,B00914,2022-10-31,2026-10-31,personal,Bagmati,services,informal,54,F,married,master,46085,710,96798,20.18,48,none,0.1726,0.5848,104538.87,10552.48,current,0,0,85070.47,0.0,2022-Q4,0,0.0
L001078,B01344,2022-03-26,2024-03-26,micro,Sudurpashchim,health,salaried,57,M,single,phd,82186,673,44451,15.44,24,none,0.3614,0.7213,46076.92,12009.97,current,0,0,23639.57,0.0,2022-Q1,0,0.0
L001079,B00240,2025-02-22,2031-02-22,personal,Bagmati,education,agriculture,42,M,married,bachelor,50983,636,89606,15.31,72,cash_deposit,0.4,0.1699,92090.31,6258.83,60_dpd,66,0,64988.2,0.0,2025-Q1,0,0.0
L001080,B00641,2021-01-08,2022-01-08,auto,Madhesh,education,salaried,38,M,married,primary,90389,579,343684,7.5,12,vehicle,0.4,0.4512,367624.26,66346.01,current,0,0,365937.28,0.0,2021-Q1,0,0.0
L001081,B00144,2022-03-14,2025-03-14,personal,Sudurpashchim,manufacturing,self-employed,59,F,single,secondary,97981,664,173955,18.55,36,none,0.4,0.6384,171399.18,43765.15,60_dpd,88,0,28158.35,0.0,2022-Q1,0,0.0
L001082,B00896,2021-06-26,2024-06-26,personal,Madhesh,services,salaried,49,M,single,bachelor,61340,643,64470,12.6,36,none,0.4,0.7357,61996.66,18245.52,current,0,0,45738.93,0.0,2021-Q2,0,0.0
L001083,B01796,2022-11-19,2024-11-19,SME,Lumbini,construction,salaried,61,M,married,secondary,37798,784,417522,13.39,24,guarantee,0.0113,0.5379,416086.88,2524.25,30_dpd,44,0,377841.34,0.0,2022-Q4,0,0.0
L001084,B00243,2023-03-10,2025-03-10,personal,Koshi,services,salaried,36,M,single,primary,61564,742,75639,14.41,24,none,0.0873,0.6915,69914.99,4221.97,current,0,0,56856.71,0.0,2023-Q1,0,0.0
L001085,B00699,2026-03-04,2027-03-04,auto,Sudurpashchim,construction,business_owner,45,M,married,primary,158075,678,372168,15.76,12,vehicle,0.3,0.3912,376725.13,44216.52,30_dpd,59,0,116320.3,0.0,2026-Q1,0,0.0
L001086,B00325,2023-07-13,2024-07-13,micro,Madhesh,services,salaried,40,M,married,secondary,74631,708,118699,14.56,12,guarantee,0.1801,0.3721,121460.22,8142.61,current,0,0,48548.87,0.0,2023-Q3,0,0.0
L001087,B01396,2021-07-20,2023-07-20,auto,Koshi,wholesale,informal,64,F,single,secondary,47235,688,282163,12.84,24,guarantee,0.3024,0.358,276814.85,29967.53,current,0,0,265894.19,0.0,2021-Q3,0,0.0
L001088,B00860,2021-09-15,2022-09-15,home,Gandaki,manufacturing,salaried,50,F,married,secondary,33486,695,1008412,11.8,12,cash_deposit,0.2066,0.388,976882.77,78289.89,60_dpd,75,0,370942.0,0.0,2021-Q3,0,0.0
L001089,B01427,2025-11-13,2027-11-13,home,Madhesh,retail,business_owner,57,F,single,bachelor,211242,635,1115365,9.63,24,guarantee,0.4,0.3836,1085394.36,166564.34,90_dpd,98,0,650581.38,0.0,2025-Q4,1,0.0
L001090,B00048,2026-04-08,2029-04-08,home,Lumbini,agriculture,self-employed,70,M,married,secondary,108083,697,1124824,12.0,36,cash_deposit,0.197,0.338,1129915.54,75241.49,current,0,0,1115273.53,0.0,2026-Q2,0,0.0
L001091,B01080,2023-12-15,2026-12-15,personal,Lumbini,services,agriculture,44,F,married,master,63029,670,65260,14.19,36,guarantee,0.3809,0.3904,68439.84,10177.74,current,0,0,12678.75,0.0,2023-Q4,0,0.0
L001092,B01277,2023-07-08,2025-07-08,personal,Gandaki,education,salaried,70,M,married,bachelor,47018,708,66688,13.71,24,cash_deposit,0.1801,0.2436,71884.1,3154.47,current,0,0,37119.17,0.0,2023-Q3,0,0.0
L001093,B00770,2021-05-09,2024-05-09,personal,Madhesh,retail,self-employed,65,F,single,master,46729,662,65551,14.18,36,guarantee,0.4,0.3751,60937.44,9141.86,current,0,0,46013.18,0.0,2021-Q2,0,0.0
L001094,B00543,2021-01-30,2024-01-30,home,Koshi,construction,agriculture,30,M,single,secondary,99222,754,522869,9.14,36,property,0.0387,0.2819,523236.31,5713.15,closed,0,0,0.0,0.0,2021-Q1,0,0.0
L001095,B00830,2021-10-28,2023-10-28,personal,Bagmati,retail,self-employed,21,M,widowed,bachelor,72247,594,148393,16.02,24,cash_deposit,0.4,0.2479,152481.41,15121.14,current,0,0,47050.96,0.0,2021-Q4,0,0.0
L001096,B00655,2025-09-15,2028-09-15,micro,Lumbini,retail,informal,70,F,married,bachelor,35987,714,107924,18.5,36,guarantee,0.1584,0.3791,113349.71,6807.37,current,0,0,84474.51,0.0,2025-Q3,0,0.0
L001097,B00540,2021-09-22,2024-09-22,personal,Lumbini,construction,salaried,21,M,married,phd,30000,769,151388,18.75,36,cash_deposit,0.0523,0.2839,146321.27,2172.75,current,0,0,86885.76,0.0,2021-Q3,0,0.0
L001098,B00023,2024-12-30,2026-06-30,auto,Madhesh,services,salaried,22,F,single,secondary,55488,727,193573,14.03,18,vehicle,0.0898,0.4973,205199.15,9158.68,current,0,0,94203.31,0.0,2024-Q4,0,0.0
L001099,B01392,2024-12-31,2026-12-31,auto,Koshi,construction,salaried,58,M,married,bachelor,51621,609,516301,10.28,24,vehicle,0.4,0.4939,505922.97,99943.91,current,0,0,126133.26,0.0,2024-Q4,0,0.0
L001100,B00463,2026-01-04,2029-01-04,micro,Sudurpashchim,construction,salaried,46,M,single,bachelor,101386,758,60297,21.8,36,cash_deposit,0.0637,0.2693,63161.08,1083.64,90_dpd,90,0,19676.06,0.0,2026-Q1,1,0.0
L001101,B01005,2021-06-25,2022-06-25,micro,Lumbini,construction,informal,26,F,single,master,41363,615,68722,18.01,12,none,0.4,0.7196,70334.5,20244.18,defaulted,116,1,49825.15,8089.08,2021-Q2,1,12155.1
L001102,B00586,2021-05-27,2024-05-27,auto,Lumbini,construction,self-employed,52,M,married,bachelor,64800,747,261859,14.36,36,guarantee,0.0489,0.4713,269156.02,6202.05,60_dpd,89,0,196372.76,0.0,2021-Q2,0,0.0
L001103,B00613,2021-06-08,2023-06-08,home,Sudurpashchim,services,self-employed,29,F,married,secondary,98938,630,1611693,11.52,24,property,0.4,0.3657,1607989.2,235200.2,30_dpd,40,0,1495318.99,0.0,2021-Q2,0,0.0
L001104,B00791,2024-11-27,2029-11-27,personal,Koshi,services,self-employed,41,F,married,master,118953,642,97134,17.44,60,none,0.4,0.8118,102063.69,33141.15,90_dpd,109,0,74721.61,0.0,2024-Q4,1,0.0
L001105,B01696,2024-02-17,2029-02-17,micro,Gandaki,services,business_owner,58,M,married,master,67842,677,26645,16.55,60,cash_deposit,0.3362,0.2409,25792.44,2088.33,30_dpd,49,0,7811.56,0.0,2024-Q1,0,0.0
L001106,B01651,2025-03-09,2026-03-09,SME,Sudurpashchim,wholesale,salaried,32,M,divorced,secondary,83546,598,300675,9.69,12,guarantee,0.4,0.4063,322199.96,52365.86,current,0,0,131588.51,0.0,2025-Q1,0,0.0
L001107,B00573,2021-06-03,2023-06-03,auto,Madhesh,manufacturing,business_owner,56,M,single,primary,93237,820,430796,11.3,24,vehicle,0.005,0.4155,435271.03,904.21,30_dpd,42,0,421143.98,0.0,2021-Q2,0,0.0
L001108,B00974,2021-09-22,2024-09-22,auto,Karnali,construction,salaried,45,M,married,phd,82308,610,377485,10.1,36,vehicle,0.4,0.434,396659.1,68864.88,current,0,0,300120.01,0.0,2021-Q3,0,0.0
L001109,B00296,2024-04-12,2029-04-12,personal,Sudurpashchim,retail,informal,53,F,married,primary,54236,667,206049,20.16,60,none,0.4,0.6658,205659.84,54771.03,60_dpd,63,0,105930.46,0.0,2024-Q2,0,0.0
L001110,B01094,2022-03-23,2023-09-23,home,Gandaki,retail,business_owner,55,F,widowed,secondary,106849,602,585268,12.62,18,property,0.4,0.3316,545566.24,72371.79,30_dpd,48,0,224990.03,0.0,2022-Q1,0,0.0
L001111,B00211,2023-05-30,2025-05-30,SME,Koshi,health,business_owner,23,F,married,bachelor,99034,626,922892,13.95,24,vehicle,0.4,0.5418,977867.54,211907.39,current,0,0,344391.19,0.0,2023-Q2,0,0.0
L001112,B01300,2022-09-16,2024-09-16,personal,Karnali,manufacturing,informal,69,F,married,bachelor,39681,593,84755,18.15,24,none,0.4,0.7401,81188.56,24034.67,90_dpd,91,0,58795.67,0.0,2022-Q3,1,0.0
L001113,B00778,2025-12-01,2028-12-01,SME,Lumbini,construction,salaried,31,M,divorced,secondary,110770,819,417708,15.56,36,property,0.005,0.1886,420054.06,396.13,current,0,0,336995.86,0.0,2025-Q4,0,0.0
L001114,B00015,2025-01-21,2028-01-21,micro,Sudurpashchim,agriculture,salaried,44,M,married,bachelor,69190,672,80949,19.53,36,none,0.3678,0.6897,80350.18,20384.2,90_dpd,114,0,9891.17,0.0,2025-Q1,1,0.0
L001115,B00951,2025-03-14,2029-03-14,auto,Bagmati,construction,salaried,43,O,widowed,secondary,48969,553,99983,16.23,48,vehicle,0.4,0.4709,98033.98,18464.01,current,0,0,44074.26,0.0,2025-Q1,0,0.0
L001116,B01733,2021-08-16,2022-08-16,home,Koshi,retail,salaried,68,F,married,master,84029,689,398518,14.15,12,property,0.2371,0.2054,394906.06,19233.49,current,0,0,276836.33,0.0,2021-Q3,0,0.0
L001117,B00446,2021-10-15,2022-10-15,home,Sudurpashchim,health,business_owner,65,F,single,primary,147273,524,462077,8.66,12,property,0.4,0.1559,477605.25,29774.98,current,0,0,55745.15,0.0,2021-Q4,0,0.0
L001118,B01594,2025-12-19,2027-12-19,home,Lumbini,education,business_owner,49,M,single,secondary,105750,726,490008,11.32,24,guarantee,0.0923,0.4467,514474.23,21222.66,closed,0,0,0.0,0.0,2025-Q4,0,0.0
L001119,B00461,2025-06-21,2028-06-21,personal,Gandaki,construction,self-employed,46,F,married,bachelor,102624,640,40409,15.84,36,cash_deposit,0.4,0.339,37621.64,5100.91,60_dpd,85,0,32276.12,0.0,2025-Q2,0,0.0
L001120,B00136,2022-08-28,2023-08-28,personal,Sudurpashchim,health,informal,57,F,married,bachelor,48369,704,153491,13.16,12,guarantee,0.1961,0.3767,157856.34,11663.71,current,0,0,140295.97,0.0,2022-Q3,0,0.0
L001121,B01656,2021-08-16,2025-08-16,home,Bagmati,services,self-employed,59,M,married,bachelor,31161,672,995766,16.47,48,property,0.3378,0.467,927470.03,146315.5,current,0,0,725073.72,0.0,2021-Q3,0,0.0
L001122,B00527,2025-10-06,2026-10-06,home,Koshi,retail,salaried,52,F,married,master,59712,809,694952,11.67,12,property,0.005,0.4236,658815.31,1395.26,current,0,0,251643.15,0.0,2025-Q4,0,0.0
L001123,B01462,2023-08-03,2025-02-03,home,Koshi,retail,salaried,22,F,married,master,103457,742,1432479,9.18,18,property,0.0573,0.2685,1506967.13,23190.42,current,0,0,961171.09,0.0,2023-Q3,0,0.0
L001124,B00137,2022-08-23,2023-08-23,SME,Bagmati,wholesale,salaried,67,M,married,master,51885,681,358062,8.72,12,vehicle,0.282,0.4793,379056.02,51236.53,30_dpd,50,0,95985.53,0.0,2022-Q3,0,0.0
L001125,B01107,2025-06-06,2027-06-06,auto,Bagmati,construction,informal,41,M,married,secondary,50718,645,711008,13.08,24,vehicle,0.4,0.3834,713438.6,109408.46,current,0,0,382129.68,0.0,2025-Q2,0,0.0
L001126,B00544,2021-05-30,2022-05-30,auto,Sudurpashchim,construction,salaried,63,F,married,master,52542,679,475269,11.17,12,vehicle,0.2939,0.4824,472007.65,66934.12,current,0,0,301093.89,0.0,2021-Q2,0,0.0
L001127,B01181,2025-04-24,2030-04-24,SME,Karnali,retail,salaried,65,F,single,primary,91360,638,494870,16.86,60,property,0.4,0.321,504510.9,64785.38,current,0,0,152672.04,0.0,2025-Q2,0,0.0
L001128,B01551,2021-02-16,2025-02-16,personal,Karnali,construction,salaried,27,M,married,primary,98396,736,155495,19.06,48,none,0.0989,0.6938,160806.31,11036.46,60_dpd,84,0,49259.7,0.0,2021-Q1,0,0.0
L001129,B00390,2022-02-19,2025-02-19,SME,Bagmati,manufacturing,business_owner,43,M,single,bachelor,116795,832,450969,16.9,36,guarantee,0.005,0.3581,438248.2,784.6,60_dpd,66,0,348086.57,0.0,2022-Q1,0,0.0
L001130,B00602,2021-04-30,2022-04-30,personal,Sudurpashchim,manufacturing,self-employed,68,M,married,master,74517,721,104862,17.46,12,guarantee,0.1362,0.4728,111773.32,7199.51,30_dpd,47,0,37275.42,0.0,2021-Q2,0,0.0
L001131,B01607,2023-02-01,2027-02-01,micro,Koshi,retail,salaried,54,M,divorced,bachelor,55166,664,25000,19.13,48,guarantee,0.4,0.4644,24922.58,4629.74,closed,0,0,0.0,0.0,2023-Q1,0,0.0
L001132,B01475,2022-10-20,2027-10-20,auto,Koshi,education,agriculture,60,M,married,bachelor,36427,698,55120,18.96,60,cash_deposit,0.1924,0.2367,54908.19,2500.76,60_dpd,81,0,18159.14,0.0,2022-Q4,0,0.0
L001133,B01361,2021-12-22,2026-12-22,home,Bagmati,services,salaried,41,F,married,primary,74919,589,1291746,12.28,60,guarantee,0.4,0.4015,1318672.94,211767.4,defaulted,113,1,268349.38,57848.35,2021-Q4,1,153919.05
L001134,B00059,2024-08-24,2025-08-24,personal,Gandaki,services,business_owner,55,M,married,bachelor,117468,707,69767,16.63,12,cash_deposit,0.244,0.2805,71176.7,4871.66,current,0,0,43164.01,0.0,2024-Q3,0,0.0
L001135,B01535,2025-06-09,2027-06-09,auto,Bagmati,retail,business_owner,36,M,married,bachelor,94146,673,415507,12.08,24,guarantee,0.3314,0.3095,427863.21,43889.12,current,0,0,294975.64,0.0,2025-Q2,0,0.0
L001136,B00325,2023-09-23,2026-09-23,personal,Madhesh,services,salaried,40,M,married,secondary,74631,757,50046,14.19,36,none,0.0649,0.6213,49915.25,2013.06,defaulted,102,1,9733.71,484.49,2023-Q3,1,1528.57
L001137,B01128,2022-03-23,2025-03-23,personal,Sudurpashchim,agriculture,business_owner,35,F,married,bachelor,70608,678,68092,13.48,36,cash_deposit,0.33,0.1614,63159.84,3364.67,30_dpd,59,0,11965.7,0.0,2022-Q1,0,0.0
L001138,B00596,2021-07-12,2026-07-12,SME,Gandaki,retail,salaried,55,M,married,secondary,73940,675,325742,12.57,60,guarantee,0.3187,0.5286,343896.96,57923.39,closed,0,0,0.0,0.0,2021-Q3,0,0.0
L001139,B01590,2026-05-18,2027-11-18,home,Lumbini,agriculture,self-employed,59,M,single,bachelor,82923,749,758240,14.61,18,property,0.0458,0.399,718254.22,13125.46,defaulted,112,1,481877.49,3984.08,2026-Q2,1,9141.38
L001140,B01203,2023-02-08,2028-02-08,personal,Lumbini,retail,salaried,32,M,married,primary,56867,850,45774,14.95,60,none,0.0233,0.7183,47407.1,793.03,90_dpd,111,0,29905.81,0.0,2023-Q1,1,0.0
L001141,B00892,2022-02-05,2025-02-05,auto,Karnali,services,salaried,23,F,married,master,68302,669,320354,13.41,36,vehicle,0.3575,0.4552,304365.8,49538.21,closed,0,0,0.0,0.0,2022-Q1,0,0.0
L001142,B01436,2021-12-23,2023-12-23,SME,Sudurpashchim,services,salaried,54,M,married,primary,36000,624,474595,12.06,24,property,0.4,0.3075,493330.88,60670.4,30_dpd,35,0,207441.17,0.0,2021-Q4,0,0.0
L001143,B00669,2024-05-29,2026-05-29,SME,Gandaki,manufacturing,salaried,27,M,married,secondary,42122,728,1019886,11.43,24,cash_deposit,0.1472,0.3112,940617.09,43097.82,90_dpd,105,0,404038.98,0.0,2024-Q2,1,0.0
L001144,B00567,2026-03-04,2029-03-04,auto,Bagmati,manufacturing,informal,65,F,single,master,57848,642,184783,11.48,36,guarantee,0.4,0.4574,173412.25,31725.33,current,0,0,74483.2,0.0,2026-Q1,0,0.0
L001145,B00553,2026-03-14,2031-03-14,personal,Sudurpashchim,manufacturing,salaried,55,M,widowed,primary,66204,709,275442,17.44,60,guarantee,0.1763,0.3811,260858.56,17530.5,30_dpd,59,0,250911.51,0.0,2026-Q1,0,0.0
L001146,B00387,2025-01-03,2027-01-03,auto,Lumbini,services,self-employed,52,M,married,bachelor,68665,727,320602,14.72,24,cash_deposit,0.0898,0.2924,313269.49,8219.79,30_dpd,43,0,292469.93,0.0,2025-Q1,0,0.0
L001147,B01703,2022-10-13,2026-10-13,home,Karnali,health,self-employed,57,M,single,bachelor,42412,498,502351,16.2,48,property,0.4,0.2212,529092.94,46820.69,defaulted,101,1,208752.92,20202.18,2022-Q4,1,26618.510000000002
L001148,B00375,2024-10-30,2027-10-30,home,Koshi,retail,informal,43,M,married,bachelor,34892,679,758111,7.69,36,guarantee,0.3539,0.4039,727448.22,104003.14,closed,0,0,0.0,0.0,2024-Q4,0,0.0
L001149,B00247,2025-03-07,2027-03-07,personal,Lumbini,retail,self-employed,36,M,married,bachelor,80620,764,65282,16.36,24,guarantee,0.0571,0.4322,69918.58,1724.65,current,0,0,56909.02,0.0,2025-Q1,0,0.0
L001150,B01288,2021-03-16,2024-03-16,personal,Koshi,construction,salaried,60,F,divorced,secondary,71093,579,51197,13.98,36,cash_deposit,0.4,0.2826,49261.6,5567.64,closed,0,0,0.0,0.0,2021-Q1,0,0.0
L001151,B00960,2026-03-06,2031-03-06,SME,Bagmati,wholesale,self-employed,45,M,single,bachelor,53137,723,1655513,16.19,60,property,0.1005,0.2264,1562805.29,35558.09,current,0,0,655462.07,0.0,2026-Q1,0,0.0
L001152,B01646,2026-03-10,2031-03-10,SME,Gandaki,retail,business_owner,29,M,married,bachelor,103045,589,399425,18.08,60,property,0.4,0.314,421801.51,52982.56,30_dpd,32,0,179791.37,0.0,2026-Q1,0,0.0
L001153,B00252,2025-10-26,2029-10-26,auto,Lumbini,manufacturing,agriculture,39,F,divorced,bachelor,66121,664,364505,14.48,48,guarantee,0.4,0.4087,360105.99,58869.25,defaulted,147,1,349174.43,5871.17,2025-Q4,1,52998.08
L001154,B00151,2023-02-14,2025-02-14,micro,Karnali,services,self-employed,33,F,married,primary,80311,730,57829,18.88,24,none,0.1123,0.6575,60647.57,4478.29,closed,0,0,0.0,0.0,2023-Q1,0,0.0
L001155,B01710,2025-12-12,2028-12-12,personal,Gandaki,education,salaried,29,M,married,primary,105550,661,331126,14.64,36,cash_deposit,0.4,0.2847,325690.26,37090.69,current,0,0,149953.74,0.0,2025-Q4,0,0.0
L001156,B01119,2024-07-07,2029-07-07,home,Karnali,retail,salaried,60,M,married,bachelor,60010,774,750662,7.79,60,property,0.0181,0.1216,753576.2,1660.2,current,0,0,497921.37,0.0,2024-Q3,0,0.0
L001157,B00154,2022-10-18,2025-10-18,auto,Sudurpashchim,retail,salaried,69,F,single,secondary,89511,671,363811,12.46,36,vehicle,0.3443,0.4817,343815.55,57026.55,30_dpd,48,0,325423.19,0.0,2022-Q4,0,0.0
L001158,B00108,2024-08-27,2025-08-27,home,Madhesh,services,salaried,37,F,divorced,bachelor,48653,721,505651,14.2,12,guarantee,0.1062,0.4529,475183.25,22865.06,60_dpd,83,0,251764.85,0.0,2024-Q3,0,0.0
L001159,B01087,2023-08-26,2024-08-26,auto,Gandaki,construction,salaried,64,F,married,secondary,100642,624,99119,14.77,12,vehicle,0.4,0.3884,102974.95,15998.13,current,0,0,48148.18,0.0,2023-Q3,0,0.0
L001160,B00560,2021-03-15,2026-03-15,personal,Bagmati,services,salaried,30,M,married,secondary,58127,595,141156,13.29,60,none,0.4,0.7925,146494.54,46437.97,current,0,0,43220.49,0.0,2021-Q1,0,0.0
L001161,B01196,2023-09-23,2025-09-23,auto,Lumbini,manufacturing,business_owner,26,F,single,master,26811,700,230485,9.61,24,vehicle,0.1833,0.3559,212994.11,13895.92,current,0,0,63790.96,0.0,2023-Q3,0,0.0
L001162,B00533,2025-06-14,2028-06-14,personal,Madhesh,health,salaried,55,F,widowed,bachelor,49326,812,50777,16.15,36,none,0.0897,0.6445,52310.16,3023.18,current,0,0,32802.74,0.0,2025-Q2,0,0.0
L001163,B01497,2022-11-20,2028-11-20,personal,Madhesh,manufacturing,self-employed,29,F,divorced,secondary,121299,703,267209,15.17,72,cash_deposit,0.2003,0.2788,282560.65,15778.61,current,0,0,52896.56,0.0,2022-Q4,0,0.0
L001164,B00348,2021-04-13,2024-04-13,personal,Karnali,construction,salaried,67,F,single,master,96486,666,27519,14.15,36,none,0.4,0.6929,27473.5,7614.9,defaulted,130,1,15114.76,2407.91,2021-Q2,1,5206.99
L001165,B00348,2025-05-07,2027-05-07,home,Karnali,construction,salaried,67,F,single,master,96486,639,981794,13.21,24,guarantee,0.4,0.4524,984728.35,178210.87,defaulted,109,1,423600.99,17949.44,2025-Q2,1,160261.43
L001166,B01650,2021-01-10,2022-07-10,auto,Sudurpashchim,wholesale,informal,24,M,married,secondary,47646,558,523491,12.45,18,cash_deposit,0.4,0.2797,551525.19,61713.65,30_dpd,45,0,358897.43,0.0,2021-Q1,0,0.0
L001167,B01049,2021-10-03,2022-10-03,SME,Karnali,retail,salaried,67,M,married,bachelor,89376,697,524727,13.01,12,property,0.197,0.2199,564468.07,24456.38,current,0,0,453644.34,0.0,2021-Q4,0,0.0
L001168,B00104,2026-04-19,2031-04-19,personal,Koshi,health,salaried,64,O,single,bachelor,65706,648,42179,13.14,60,cash_deposit,0.4,0.2591,40362.72,4182.71,current,0,0,27230.91,0.0,2026-Q2,0,0.0
L001169,B00684,2025-01-10,2028-01-10,auto,Madhesh,services,salaried,23,M,married,secondary,55883,685,566755,12.75,36,vehicle,0.2589,0.303,532652.36,41785.1,current,0,0,139370.02,0.0,2025-Q1,0,0.0
L001170,B01307,2025-11-05,2030-11-05,personal,Madhesh,education,salaried,38,M,single,secondary,74723,751,125557,19.45,60,guarantee,0.0729,0.4603,118618.48,3977.99,current,0,0,74193.07,0.0,2025-Q4,0,0.0
L001171,B00732,2021-08-07,2024-08-07,auto,Lumbini,services,informal,36,M,divorced,secondary,35959,666,615483,9.03,36,vehicle,0.4,0.376,652360.74,98107.51,30_dpd,59,0,458728.89,0.0,2021-Q3,0,0.0
L001172,B00938,2021-08-25,2025-08-25,home,Sudurpashchim,agriculture,informal,34,M,single,phd,73193,598,707485,15.61,48,guarantee,0.4,0.2864,698311.68,80006.82,current,0,0,628682.82,0.0,2021-Q3,0,0.0
L001173,B01241,2024-03-29,2027-03-29,personal,Koshi,construction,salaried,21,M,married,secondary,57336,761,99301,12.38,36,none,0.0603,0.7657,106328.25,4905.52,current,0,0,42526.21,0.0,2024-Q1,0,0.0
L001174,B00130,2024-11-01,2028-11-01,personal,Bagmati,services,salaried,60,M,married,secondary,48491,695,128826,16.89,48,none,0.2366,0.7842,124709.22,23136.03,closed,0,0,0.0,0.0,2024-Q4,0,0.0
L001175,B01353,2022-06-27,2028-06-27,SME,Lumbini,services,agriculture,44,M,single,bachelor,74204,556,368689,10.14,72,guarantee,0.4,0.4208,363474.83,61176.77,30_dpd,59,0,238641.25,0.0,2022-Q2,0,0.0
L001176,B00166,2023-02-11,2024-02-11,personal,Koshi,retail,informal,33,M,single,master,33710,712,61110,15.09,12,none,0.1654,0.6428,59390.8,6313.29,defaulted,100,1,30789.92,770.19,2023-Q1,1,5543.1
L001177,B01550,2022-02-27,2025-02-27,SME,Gandaki,retail,business_owner,36,M,married,secondary,182495,577,411395,13.66,36,guarantee,0.4,0.5237,424017.49,88825.91,current,0,0,70320.0,0.0,2022-Q1,0,0.0
L001178,B00807,2025-08-04,2028-08-04,SME,Madhesh,agriculture,self-employed,37,M,married,primary,66046,635,769793,14.74,36,vehicle,0.4,0.4006,796324.06,127607.91,current,0,0,365885.5,0.0,2025-Q3,0,0.0
L001179,B01155,2023-09-16,2025-03-16,auto,Bagmati,retail,informal,53,F,married,bachelor,42472,762,842860,13.95,18,vehicle,0.0292,0.4564,885327.4,11784.72,current,0,0,805070.44,0.0,2023-Q3,0,0.0
L001180,B01793,2024-09-25,2027-09-25,home,Sudurpashchim,retail,self-employed,66,F,married,bachelor,131269,691,663411,11.74,36,property,0.2266,0.2445,651743.21,36115.25,90_dpd,100,0,577272.77,0.0,2024-Q3,1,0.0
L001181,B00116,2021-03-04,2024-03-04,auto,Madhesh,wholesale,salaried,61,M,single,bachelor,60586,668,143264,12.46,36,guarantee,0.3642,0.393,144705.17,20712.56,60_dpd,65,0,15186.58,0.0,2021-Q1,0,0.0
L001182,B00313,2026-02-12,2029-02-12,SME,Sudurpashchim,wholesale,salaried,38,M,married,master,53918,684,670326,13.87,36,property,0.2646,0.2701,722182.01,51613.37,90_dpd,94,0,490711.74,0.0,2026-Q1,1,0.0
L001183,B01063,2025-02-26,2030-02-26,home,Karnali,construction,salaried,30,F,widowed,master,77406,657,432262,11.41,60,property,0.4,0.3417,428131.91,58519.8,defaulted,167,1,231442.0,9019.97,2025-Q1,1,49499.83
L001184,B00737,2024-07-12,2026-01-12,personal,Madhesh,manufacturing,informal,48,M,single,secondary,37750,737,44567,14.51,18,guarantee,0.0969,0.4456,47577.21,2053.66,30_dpd,58,0,8310.69,0.0,2024-Q3,0,0.0
L001185,B01414,2021-12-20,2022-12-20,SME,Bagmati,retail,self-employed,65,F,single,secondary,75041,610,781253,14.69,12,property,0.4,0.2383,799642.29,76229.03,current,0,0,771679.94,0.0,2021-Q4,0,0.0
L001186,B01296,2025-07-17,2028-07-17,personal,Bagmati,education,salaried,39,M,divorced,secondary,52887,657,132158,19.19,36,none,0.4,0.6919,130683.03,36167.33,current,0,0,89689.58,0.0,2025-Q3,0,0.0
L001187,B00907,2026-02-27,2027-02-27,personal,Bagmati,health,salaried,26,M,married,secondary,62728,584,42898,13.78,12,guarantee,0.4,0.3011,41022.77,4941.13,current,0,0,17537.4,0.0,2026-Q1,0,0.0
L001188,B00656,2022-03-18,2024-03-18,personal,Koshi,services,self-employed,47,M,married,bachelor,67691,684,82644,15.64,24,guarantee,0.2946,0.3546,80452.61,8403.22,defaulted,112,1,23265.78,1574.95,2022-Q1,1,6828.2699999999995
L001189,B01327,2023-08-02,2024-08-02,home,Madhesh,agriculture,self-employed,39,F,single,secondary,81683,743,614278,10.62,12,property,0.0556,0.3171,577929.31,10181.32,30_dpd,43,0,338432.63,0.0,2023-Q3,0,0.0
L001190,B00826,2021-02-13,2025-02-13,personal,Bagmati,construction,salaried,54,M,married,bachelor,71734,734,284885,17.29,48,none,0.1032,0.6753,294847.42,20543.52,30_dpd,32,0,76584.99,0.0,2021-Q1,0,0.0
L001191,B00923,2024-03-23,2028-03-23,personal,Koshi,construction,salaried,42,F,single,secondary,113711,522,137403,16.37,48,none,0.4,0.7221,133226.15,38481.29,current,0,0,101435.82,0.0,2024-Q1,0,0.0
L001192,B01181,2024-10-19,2030-10-19,personal,Karnali,retail,salaried,65,F,single,primary,91360,628,95993,18.0,72,cash_deposit,0.4,0.3722,96414.91,14353.88,defaulted,163,1,65175.54,4827.79,2024-Q4,1,9526.09
L001193,B00436,2024-04-22,2025-04-22,personal,Koshi,construction,salaried,63,M,single,secondary,65037,695,106990,14.02,12,guarantee,0.2966,0.3486,99553.36,10291.89,current,0,0,39919.88,0.0,2024-Q2,0,0.0
L001194,B00869,2022-08-23,2025-08-23,home,Koshi,retail,salaried,37,M,married,secondary,51879,680,587392,9.9,36,property,0.2879,0.1679,623633.64,30151.71,30_dpd,43,0,620553.47,0.0,2022-Q3,0,0.0
L001195,B00024,2023-11-23,2025-05-23,personal,Lumbini,agriculture,salaried,41,F,married,master,48400,665,174181,14.74,18,guarantee,0.4,0.4367,182633.36,31899.98,current,0,0,145090.91,0.0,2023-Q4,0,0.0
L001196,B01785,2022-05-26,2023-05-26,home,Madhesh,construction,salaried,34,M,married,bachelor,66315,652,738562,7.5,12,property,0.4,0.3768,773289.86,116535.69,current,0,0,648372.72,0.0,2022-Q2,0,0.0
L001197,B00100,2024-04-23,2025-10-23,micro,Bagmati,wholesale,salaried,27,M,single,secondary,82799,687,29686,18.35,18,none,0.2779,0.85,30913.02,7300.96,current,0,0,6641.31,0.0,2024-Q2,0,0.0
L001198,B01070,2025-02-09,2027-02-09,SME,Bagmati,construction,salaried,60,O,married,primary,48849,720,638586,15.65,24,guarantee,0.1092,0.3992,640347.91,27916.45,90_dpd,91,0,458472.5,0.0,2025-Q1,1,0.0
L001199,B01788,2021-03-17,2023-03-17,home,Bagmati,services,salaried,32,M,widowed,secondary,92785,549,1156725,9.1,24,property,0.4,0.3072,1241742.02,152594.93,current,0,0,1181969.81,0.0,2021-Q1,0,0.0
L001200,B00187,2024-11-09,2027-11-09,home,Lumbini,services,salaried,47,F,married,bachelor,51659,650,1099192,10.41,36,property,0.4,0.1746,1038672.8,72554.87,90_dpd,109,0,624571.79,0.0,2024-Q4,1,0.0
L001201,B00103,2022-03-11,2024-03-11,micro,Lumbini,services,business_owner,21,M,divorced,bachelor,173299,782,84274,17.28,24,none,0.0425,0.6544,85952.32,2390.43,60_dpd,75,0,53882.3,0.0,2022-Q1,0,0.0
L001202,B00737,2023-04-29,2024-04-29,auto,Madhesh,manufacturing,informal,48,M,single,secondary,37750,729,393617,9.94,12,vehicle,0.0847,0.5588,375481.6,17778.15,current,0,0,238067.32,0.0,2023-Q2,0,0.0
L001203,B01026,2023-12-25,2024-12-25,SME,Lumbini,retail,salaried,24,M,single,secondary,28588,726,932953,14.26,12,cash_deposit,0.1523,0.3187,1000789.74,48598.0,defaulted,145,1,165489.92,6327.95,2023-Q4,1,42270.05
L001204,B00534,2021-05-01,2023-05-01,personal,Bagmati,manufacturing,salaried,53,M,married,secondary,68443,673,70508,13.07,24,cash_deposit,0.3614,0.197,68066.16,4846.06,current,0,0,40452.65,0.0,2021-Q2,0,0.0
L001205,B00264,2023-06-09,2026-06-09,home,Bagmati,retail,self-employed,60,F,divorced,phd,121720,609,636443,11.94,36,property,0.4,0.2197,665848.79,58520.77,current,0,0,505820.62,0.0,2023-Q2,0,0.0
L001206,B01581,2022-08-07,2027-08-07,personal,Sudurpashchim,education,agriculture,65,F,married,master,54337,644,174419,18.62,60,guarantee,0.4,0.4729,184636.53,34924.85,current,0,0,165630.16,0.0,2022-Q3,0,0.0
L001207,B01093,2025-08-19,2030-08-19,personal,Sudurpashchim,construction,business_owner,32,F,single,bachelor,77290,610,124106,13.4,60,cash_deposit,0.4,0.3141,126791.58,15928.31,current,0,0,126046.69,0.0,2025-Q3,0,0.0
L001208,B00834,2025-12-01,2030-12-01,personal,Karnali,health,informal,50,F,married,master,37031,760,46075,18.47,60,cash_deposit,0.0614,0.3562,43768.0,956.74,current,0,0,8396.9,0.0,2025-Q4,0,0.0
L001209,B01130,2024-01-21,2027-01-21,auto,Madhesh,services,salaried,45,M,single,secondary,64475,715,281039,10.73,36,cash_deposit,0.125,0.2849,280852.11,10006.35,current,0,0,65458.04,0.0,2024-Q1,0,0.0
L001210,B00393,2024-11-23,2028-11-23,personal,Koshi,agriculture,agriculture,62,F,married,secondary,56159,726,84886,12.94,48,none,0.1223,0.7931,85366.6,8283.62,current,0,0,53670.71,0.0,2024-Q4,0,0.0
L001211,B00268,2023-12-19,2025-12-19,micro,Koshi,services,salaried,45,M,married,bachelor,54360,672,38422,17.58,24,cash_deposit,0.3678,0.2986,40119.26,4406.81,closed,0,0,0.0,0.0,2023-Q4,0,0.0
L001212,B00238,2025-01-09,2029-01-09,micro,Madhesh,services,salaried,54,M,married,bachelor,83104,656,28526,17.6,48,guarantee,0.4,0.4252,26983.91,4589.71,30_dpd,48,0,22179.77,0.0,2025-Q1,0,0.0
L001213,B00683,2022-04-24,2027-04-24,personal,Bagmati,manufacturing,salaried,59,F,married,secondary,67316,709,70116,16.51,60,none,0.1763,0.6929,71775.42,8769.78,30_dpd,44,0,36352.59,0.0,2022-Q2,0,0.0
L001214,B01493,2021-07-17,2024-07-17,home,Koshi,services,self-employed,29,M,single,phd,122501,660,543360,7.5,36,property,0.4,0.382,549374.28,83943.98,current,0,0,169323.78,0.0,2021-Q3,0,0.0
L001215,B00384,2026-05-10,2027-11-10,auto,Lumbini,health,business_owner,66,M,married,bachelor,130604,756,372640,12.81,18,vehicle,0.0362,0.4619,399451.2,6670.71,90_dpd,106,0,337741.6,0.0,2026-Q2,1,0.0
L001216,B01079,2023-06-27,2027-06-27,auto,Lumbini,construction,salaried,35,F,married,master,46911,687,283467,13.91,48,vehicle,0.2479,0.4976,270236.14,33331.63,60_dpd,66,0,175954.78,0.0,2023-Q2,0,0.0
L001217,B00632,2021-07-27,2024-07-27,auto,Sudurpashchim,education,salaried,59,F,single,master,74531,787,491994,12.82,36,cash_deposit,0.0096,0.3672,506034.85,1777.43,current,0,0,391965.77,0.0,2021-Q3,0,0.0
L001218,B00497,2024-09-23,2027-09-23,home,Gandaki,retail,salaried,32,M,single,secondary,90553,710,1221704,9.56,36,property,0.2026,0.3863,1145179.82,89637.47,current,0,0,950972.29,0.0,2024-Q3,0,0.0
L001219,B00536,2023-04-11,2029-04-11,personal,Koshi,construction,self-employed,63,F,single,master,101640,701,46361,16.12,72,none,0.2089,0.7502,49953.93,7828.96,current,0,0,29833.37,0.0,2023-Q2,0,0.0
L001220,B00780,2021-05-10,2022-05-10,SME,Karnali,agriculture,self-employed,46,F,married,bachelor,99278,760,722278,15.41,12,property,0.0914,0.1222,772217.99,8620.91,current,0,0,387720.81,0.0,2021-Q2,0,0.0
L001221,B00949,2021-02-05,2023-02-05,personal,Koshi,services,self-employed,23,F,married,master,76684,647,157072,15.01,24,none,0.4,0.7434,162758.13,48397.64,current,0,0,56876.92,0.0,2021-Q1,0,0.0
L001222,B00413,2026-03-19,2029-03-19,SME,Sudurpashchim,wholesale,self-employed,65,F,single,bachelor,109301,645,667439,16.9,36,cash_deposit,0.4,0.2949,657545.99,77569.56,current,0,0,568180.78,0.0,2026-Q1,0,0.0
L001223,B00844,2023-04-05,2026-04-05,personal,Koshi,services,salaried,31,F,married,secondary,52491,799,64359,15.91,36,none,0.094,0.8011,64428.83,4850.17,60_dpd,88,0,8841.4,0.0,2023-Q2,0,0.0
L001224,B00546,2021-10-12,2025-10-12,personal,Karnali,retail,self-employed,49,M,single,bachelor,113021,711,118067,19.01,48,cash_deposit,0.169,0.3471,115740.41,6788.01,90_dpd,114,0,42726.36,0.0,2021-Q4,1,0.0
L001225,B01305,2023-05-16,2027-05-16,auto,Gandaki,health,business_owner,60,M,single,bachelor,106358,646,208086,13.43,48,vehicle,0.4,0.5163,193136.75,39889.78,current,0,0,164216.84,0.0,2023-Q2,0,0.0
L001226,B01186,2023-10-16,2024-10-16,personal,Lumbini,services,salaried,56,M,married,master,56278,768,81676,17.21,12,guarantee,0.0532,0.4412,85411.31,2004.61,current,0,0,13571.71,0.0,2023-Q4,0,0.0
L001227,B01301,2025-05-26,2027-05-26,home,Lumbini,services,self-employed,65,M,married,secondary,113349,734,998536,10.51,24,property,0.0732,0.438,946538.18,30335.92,current,0,0,895217.54,0.0,2025-Q2,0,0.0
L001228,B00450,2022-10-23,2026-10-23,micro,Gandaki,retail,agriculture,55,F,single,secondary,40301,605,39659,21.38,48,guarantee,0.4,0.4036,38982.42,6292.74,current,0,0,17610.95,0.0,2022-Q4,0,0.0
L001229,B01554,2022-09-30,2024-09-30,auto,Lumbini,services,informal,46,M,divorced,secondary,52136,734,297641,17.14,24,cash_deposit,0.0732,0.2587,305850.98,5789.62,closed,0,0,0.0,0.0,2022-Q3,0,0.0
L001230,B00826,2025-09-28,2027-09-28,auto,Bagmati,construction,salaried,54,M,married,bachelor,71734,698,576575,12.07,24,vehicle,0.1924,0.4483,577282.2,49789.52,current,0,0,204365.03,0.0,2025-Q3,0,0.0
L001231,B00592,2026-06-18,2028-06-18,auto,Lumbini,construction,salaried,69,M,married,phd,67366,683,341492,12.5,24,vehicle,0.2703,0.463,341959.57,42797.19,current,0,0,101556.62,0.0,2026-Q2,0,0.0
L001232,B01180,2024-07-02,2025-07-02,micro,Gandaki,agriculture,self-employed,32,F,married,bachelor,136016,737,62796,17.14,12,none,0.0969,0.7276,64591.64,4552.61,current,0,0,49931.66,0.0,2024-Q3,0,0.0
L001233,B01000,2021-06-01,2022-06-01,auto,Lumbini,retail,business_owner,57,F,married,bachelor,156743,692,262584,8.35,12,guarantee,0.2215,0.4994,267899.07,29628.94,30_dpd,30,0,94659.04,0.0,2021-Q2,0,0.0
L001234,B01748,2024-12-28,2025-12-28,personal,Lumbini,manufacturing,business_owner,47,F,single,secondary,130788,681,59808,12.42,12,cash_deposit,0.312,0.2921,59553.71,5427.77,defaulted,101,1,16588.15,1918.06,2024-Q4,1,3509.7100000000005
L001235,B00272,2025-08-15,2027-08-15,micro,Lumbini,wholesale,salaried,50,M,single,bachelor,91483,602,52744,14.4,24,none,0.4,0.7414,51757.5,15348.48,90_dpd,91,0,32944.84,0.0,2025-Q3,1,0.0
L001236,B01621,2022-07-08,2026-07-08,personal,Bagmati,retail,salaried,36,M,married,phd,90986,562,59660,17.28,48,none,0.4,0.6831,55003.29,15028.77,current,0,0,45510.82,0.0,2022-Q3,0,0.0
L001237,B00378,2025-07-24,2026-07-24,home,Koshi,education,self-employed,38,F,married,secondary,91498,634,490962,7.82,12,cash_deposit,0.4,0.2922,465882.93,54445.96,30_dpd,37,0,223782.47,0.0,2025-Q3,0,0.0
L001238,B00003,2025-10-19,2028-10-19,home,Karnali,retail,informal,35,F,married,primary,31427,690,709421,15.52,36,property,0.2318,0.1917,758216.63,33698.54,defaulted,151,1,236786.15,8953.94,2025-Q4,1,24744.6
L001239,B01389,2024-09-26,2026-09-26,personal,Bagmati,retail,salaried,40,M,married,secondary,78808,745,65304,20.03,24,guarantee,0.0821,0.5177,60821.93,2586.24,current,0,0,29519.22,0.0,2024-Q3,0,0.0
L001240,B00156,2025-11-08,2029-11-08,micro,Sudurpashchim,agriculture,agriculture,24,M,married,master,39430,650,25000,18.4,48,cash_deposit,0.4,0.2303,24309.76,2239.13,60_dpd,69,0,10783.98,0.0,2025-Q4,0,0.0
L001241,B00039,2024-09-28,2027-09-28,personal,Karnali,construction,salaried,57,M,married,primary,43371,614,69412,19.99,36,cash_deposit,0.4,0.3161,66274.45,8380.15,30_dpd,42,0,12660.28,0.0,2024-Q3,0,0.0
L001242,B01349,2023-03-03,2024-09-03,SME,Gandaki,retail,salaried,28,M,married,primary,81707,717,485429,12.82,18,cash_deposit,0.1185,0.3225,450210.96,17207.47,current,0,0,163917.09,0.0,2023-Q1,0,0.0
L001243,B00439,2021-11-01,2023-11-01,SME,Madhesh,services,salaried,28,M,single,secondary,76909,814,1112218,14.97,24,property,0.005,0.305,1150500.22,1754.65,30_dpd,59,0,904569.65,0.0,2021-Q4,0,0.0
L001244,B00528,2026-03-06,2028-03-06,personal,Sudurpashchim,services,salaried,47,M,married,primary,69291,686,60700,16.84,24,guarantee,0.2834,0.4893,56257.22,7799.54,60_dpd,76,0,33579.41,0.0,2026-Q1,0,0.0
L001245,B01760,2024-03-31,2025-03-31,auto,Koshi,wholesale,self-employed,61,M,divorced,primary,77759,668,250545,13.76,12,guarantee,0.3642,0.3686,251841.54,33810.44,closed,0,0,0.0,0.0,2024-Q1,0,0.0
L001246,B00315,2024-06-13,2025-06-13,personal,Koshi,wholesale,salaried,55,M,divorced,bachelor,79288,783,142593,16.0,12,cash_deposit,0.1019,0.2977,139247.77,4223.18,current,0,0,120108.75,0.0,2024-Q2,0,0.0
L001247,B00593,2025-05-03,2030-05-03,personal,Gandaki,agriculture,agriculture,33,F,married,bachelor,48660,697,56100,18.14,60,cash_deposit,0.227,0.3273,52215.62,3879.66,current,0,0,31801.74,0.0,2025-Q2,0,0.0
L001248,B00920,2024-05-26,2026-05-26,personal,Madhesh,construction,self-employed,29,M,married,bachelor,31040,620,146675,22.03,24,cash_deposit,0.4,0.4046,140072.61,22668.93,current,0,0,121938.24,0.0,2024-Q2,0,0.0
L001249,B01372,2021-04-11,2022-04-11,micro,Madhesh,services,salaried,39,M,married,secondary,82974,669,41384,18.63,12,none,0.3875,0.8371,43434.29,14089.9,current,0,0,40645.38,0.0,2021-Q2,0,0.0
L001250,B00703,2022-08-22,2025-08-22,auto,Madhesh,health,salaried,64,F,single,secondary,93280,666,231280,11.8,36,vehicle,0.3777,0.3869,227219.8,33198.98,current,0,0,111565.62,0.0,2022-Q3,0,0.0
L001251,B00859,2025-02-08,2031-02-08,auto,Sudurpashchim,retail,salaried,35,M,married,secondary,64555,706,174984,10.46,72,vehicle,0.158,0.4594,188263.85,13663.74,closed,0,0,0.0,0.0,2025-Q1,0,0.0
L001252,B01499,2022-01-03,2025-01-03,SME,Lumbini,retail,business_owner,37,F,single,primary,114155,683,992666,10.46,36,property,0.2703,0.3213,942290.03,81846.27,current,0,0,919902.31,0.0,2022-Q1,0,0.0
L001253,B01339,2021-07-24,2026-07-24,micro,Bagmati,wholesale,self-employed,23,M,single,master,96554,837,38829,19.51,60,none,0.0248,0.6809,41902.79,706.4,30_dpd,46,0,38406.01,0.0,2021-Q3,0,0.0
L001254,B00456,2021-01-21,2024-01-21,SME,Karnali,retail,salaried,50,M,married,bachelor,94729,676,547725,17.9,36,guarantee,0.3124,0.4183,551510.3,72063.99,30_dpd,48,0,272134.5,0.0,2021-Q1,0,0.0
L001255,B01480,2024-06-30,2025-06-30,auto,Karnali,retail,business_owner,42,M,married,primary,150104,699,336174,10.68,12,vehicle,0.1878,0.5665,321017.28,34156.17,current,0,0,32356.47,0.0,2024-Q2,0,0.0
L001256,B01145,2023-09-07,2029-09-07,SME,Gandaki,health,self-employed,35,M,single,secondary,39673,575,724615,16.71,72,cash_deposit,0.4,0.3629,709814.54,103038.25,30_dpd,48,0,144759.98,0.0,2023-Q3,0,0.0
L001257,B00903,2024-10-12,2028-10-12,personal,Sudurpashchim,construction,business_owner,48,M,single,bachelor,65539,555,162096,17.08,48,guarantee,0.4,0.3769,157971.72,23815.35,defaulted,157,1,134632.68,7201.62,2024-Q4,1,16613.73
L001258,B00070,2023-02-11,2025-02-11,auto,Sudurpashchim,services,informal,49,F,married,primary,64934,691,376365,15.03,24,cash_deposit,0.2866,0.1817,377295.7,19644.25,current,0,0,135559.66,0.0,2023-Q1,0,0.0
L001259,B00071,2025-02-27,2026-02-27,SME,Koshi,services,salaried,38,F,married,secondary,50336,776,334978,15.72,12,guarantee,0.0166,0.3649,311442.69,1886.34,current,0,0,82757.43,0.0,2025-Q1,0,0.0
L001260,B00079,2023-09-22,2025-09-22,personal,Koshi,retail,salaried,68,M,single,master,53151,765,292609,14.73,24,cash_deposit,0.0561,0.3107,308805.29,5379.64,closed,0,0,0.0,0.0,2023-Q3,0,0.0
L001261,B01178,2022-07-24,2023-07-24,home,Sudurpashchim,services,business_owner,67,F,single,secondary,118475,605,683090,9.29,12,cash_deposit,0.4,0.3119,723450.36,90252.79,current,0,0,363080.32,0.0,2022-Q3,0,0.0
L001262,B00344,2023-08-12,2025-02-12,personal,Karnali,construction,informal,41,F,single,bachelor,33130,679,128832,19.49,18,none,0.3239,0.8115,132961.51,34953.56,current,0,0,110916.95,0.0,2023-Q3,0,0.0
L001263,B00529,2022-08-22,2028-08-22,personal,Sudurpashchim,retail,informal,40,M,widowed,master,35800,733,29823,17.44,72,none,0.1054,0.6232,31810.85,2088.98,closed,0,0,0.0,0.0,2022-Q3,0,0.0
L001264,B00168,2024-01-14,2026-01-14,personal,Karnali,retail,salaried,27,M,divorced,secondary,86496,649,233443,18.21,24,cash_deposit,0.4,0.1911,227184.92,17367.32,current,0,0,216047.36,0.0,2024-Q1,0,0.0
L001265,B00232,2021-07-24,2026-07-24,auto,Gandaki,manufacturing,agriculture,24,M,married,primary,42938,656,462061,13.65,60,vehicle,0.4,0.3705,447483.69,66310.12,current,0,0,394403.56,0.0,2021-Q3,0,0.0
L001266,B00754,2023-06-18,2028-06-18,auto,Madhesh,wholesale,business_owner,33,M,single,primary,124651,689,671472,8.68,60,cash_deposit,0.2371,0.2625,645272.53,40161.12,60_dpd,65,0,464387.25,0.0,2023-Q2,0,0.0
L001267,B00198,2021-05-08,2024-05-08,home,Lumbini,agriculture,agriculture,62,M,single,master,60619,748,1294647,14.94,36,guarantee,0.0473,0.3956,1198745.44,22440.25,current,0,0,198613.84,0.0,2021-Q2,0,0.0
L001268,B00983,2025-12-26,2028-12-26,micro,Bagmati,health,salaried,67,M,divorced,bachelor,78345,642,58335,18.65,36,guarantee,0.4,0.5163,58299.89,12040.14,60_dpd,89,0,7845.71,0.0,2025-Q4,0,0.0
L001269,B00754,2021-11-26,2026-11-26,SME,Madhesh,wholesale,business_owner,33,M,single,primary,124651,652,1315133,16.91,60,guarantee,0.4,0.3487,1411807.21,196927.45,current,0,0,515921.69,0.0,2021-Q4,0,0.0
L001270,B00449,2021-04-05,2025-04-05,home,Sudurpashchim,services,informal,67,F,married,secondary,25420,740,599395,13.22,48,property,0.061,0.2295,611143.35,8556.21,current,0,0,227191.0,0.0,2021-Q2,0,0.0
L001271,B00098,2025-12-23,2029-12-23,home,Koshi,wholesale,agriculture,21,F,married,secondary,71409,694,484997,13.53,48,property,0.2115,0.2724,499736.47,28787.14,90_dpd,108,0,464350.9,0.0,2025-Q4,1,0.0
L001272,B01047,2023-10-23,2029-10-23,home,Madhesh,agriculture,agriculture,69,F,married,master,64059,705,691089,7.5,72,property,0.162,0.3575,695009.18,40257.57,closed,0,0,0.0,0.0,2023-Q4,0,0.0
L001273,B00381,2022-02-25,2026-02-25,auto,Sudurpashchim,retail,agriculture,51,M,single,bachelor,46812,572,189781,15.24,48,vehicle,0.4,0.3382,195546.74,26457.06,closed,0,0,0.0,0.0,2022-Q1,0,0.0
L001274,B01523,2026-01-04,2027-01-04,SME,Sudurpashchim,wholesale,salaried,69,F,married,secondary,65403,682,989343,16.48,12,guarantee,0.2761,0.3883,1066464.45,114342.99,60_dpd,88,0,1018496.03,0.0,2026-Q1,0,0.0
L001275,B01117,2023-11-26,2024-11-26,micro,Karnali,construction,salaried,45,F,married,bachelor,83137,630,26623,19.19,12,cash_deposit,0.4,0.3602,28279.33,4074.02,current,0,0,16791.53,0.0,2023-Q4,0,0.0
L001276,B01295,2021-09-20,2022-09-20,micro,Karnali,retail,salaried,43,M,married,primary,62962,677,25000,18.61,12,none,0.3362,0.662,23092.39,5139.13,60_dpd,70,0,11543.79,0.0,2021-Q3,0,0.0
L001277,B00319,2022-01-11,2023-01-11,personal,Lumbini,services,informal,53,M,married,master,39223,632,50951,18.01,12,none,0.4,0.7542,49924.61,15061.28,60_dpd,80,0,5881.32,0.0,2022-Q1,0,0.0
L001278,B01007,2022-11-25,2024-05-25,personal,Madhesh,wholesale,business_owner,24,M,married,bachelor,170930,701,180745,16.59,18,none,0.2089,0.713,172419.88,25681.22,current,0,0,169859.06,0.0,2022-Q4,0,0.0
L001279,B01454,2025-06-15,2027-06-15,SME,Bagmati,health,salaried,27,F,single,phd,85583,633,337421,14.99,24,guarantee,0.4,0.2901,333065.34,38653.66,90_dpd,95,0,230982.89,0.0,2025-Q2,1,0.0
L001280,B00155,2024-04-07,2025-04-07,micro,Koshi,retail,informal,52,F,divorced,bachelor,48912,617,37141,20.42,12,none,0.4,0.7651,36504.83,11171.93,current,0,0,16450.24,0.0,2024-Q2,0,0.0
L001281,B00618,2023-03-27,2024-09-27,auto,Madhesh,retail,self-employed,39,F,single,bachelor,99724,651,226077,14.47,18,vehicle,0.4,0.4498,221892.12,39922.13,current,0,0,54161.96,0.0,2023-Q1,0,0.0
L001282,B00916,2022-05-09,2023-11-09,SME,Lumbini,retail,agriculture,34,M,married,bachelor,84876,642,1310601,14.79,18,vehicle,0.4,0.4191,1211379.1,203086.41,60_dpd,84,0,159442.67,0.0,2022-Q2,0,0.0
L001283,B00371,2023-11-14,2025-11-14,home,Bagmati,retail,self-employed,55,F,married,secondary,48666,673,805301,10.36,24,guarantee,0.3314,0.4785,789766.67,125230.73,30_dpd,42,0,350621.57,0.0,2023-Q4,0,0.0
L001284,B00201,2025-02-27,2028-02-27,personal,Koshi,health,self-employed,35,M,single,secondary,90961,682,112141,18.1,36,none,0.3661,0.7626,116821.17,32619.16,current,0,0,27480.75,0.0,2025-Q1,0,0.0
L001285,B01275,2024-06-01,2029-06-01,home,Madhesh,wholesale,salaried,46,M,married,master,52935,660,1335222,11.85,60,guarantee,0.4,0.5262,1385176.53,291527.87,current,0,0,1004707.55,0.0,2024-Q2,0,0.0
L001286,B01151,2022-07-02,2027-07-02,auto,Gandaki,wholesale,informal,47,F,married,secondary,63922,716,99289,14.43,60,vehicle,0.1217,0.4733,97063.58,5592.27,closed,0,0,0.0,0.0,2022-Q3,0,0.0
L001287,B01291,2021-05-23,2024-05-23,auto,Sudurpashchim,retail,salaried,21,F,married,secondary,56537,660,297922,13.22,36,vehicle,0.4,0.4251,319157.86,54275.01,current,0,0,152147.79,0.0,2021-Q2,0,0.0
L001288,B01229,2024-01-24,2029-01-24,personal,Gandaki,services,informal,61,M,single,master,37337,662,61771,15.56,60,cash_deposit,0.4,0.3702,63654.67,9426.53,current,0,0,27071.41,0.0,2024-Q1,0,0.0
L001289,B01028,2024-07-22,2027-07-22,home,Lumbini,wholesale,salaried,26,M,married,primary,80421,623,780190,12.4,36,property,0.4,0.2996,748753.57,89720.97,closed,0,0,0.0,0.0,2024-Q3,0,0.0
L001290,B00113,2023-02-20,2025-02-20,personal,Lumbini,health,salaried,25,M,married,secondary,37847,701,171107,17.7,24,guarantee,0.2089,0.5701,175098.57,20853.29,current,0,0,50250.68,0.0,2023-Q1,0,0.0
L001291,B00094,2025-02-11,2026-02-11,micro,Bagmati,retail,business_owner,61,M,widowed,secondary,68882,741,25000,15.13,12,none,0.0891,0.6392,26337.76,1500.54,closed,0,0,0.0,0.0,2025-Q1,0,0.0
L001292,B01073,2025-08-03,2030-08-03,personal,Lumbini,retail,self-employed,21,M,married,secondary,78645,628,110650,17.44,60,none,0.4,0.71,113126.11,32127.94,current,0,0,69652.96,0.0,2025-Q3,0,0.0
L001293,B00633,2023-12-22,2025-12-22,micro,Karnali,education,salaried,34,F,married,phd,78743,699,45285,17.03,24,none,0.2178,0.6254,44301.54,6035.07,current,0,0,5349.01,0.0,2023-Q4,0,0.0
L001294,B00046,2023-10-29,2025-10-29,home,Gandaki,services,business_owner,45,M,married,secondary,154773,618,1935911,7.75,24,property,0.4,0.282,1917371.36,216249.11,current,0,0,593990.46,0.0,2023-Q4,0,0.0
L001295,B01663,2024-07-23,2026-01-23,personal,Gandaki,retail,business_owner,27,O,married,bachelor,113496,704,53292,19.81,18,guarantee,0.1961,0.3387,56674.36,3765.09,current,0,0,35810.15,0.0,2024-Q3,0,0.0
L001296,B01705,2026-05-23,2027-11-23,personal,Madhesh,agriculture,salaried,31,F,married,bachelor,19938,604,44509,15.34,18,none,0.4,0.6565,46213.17,12135.17,current,0,0,16082.03,0.0,2026-Q2,0,0.0
L001297,B00256,2022-11-15,2024-05-15,home,Gandaki,services,self-employed,40,F,single,secondary,38523,568,1664441,10.82,18,property,0.4,0.2485,1678267.13,166797.93,current,0,0,927877.22,0.0,2022-Q4,0,0.0
L001298,B00554,2025-10-02,2028-10-02,auto,Lumbini,construction,salaried,43,O,married,secondary,52270,710,233068,8.81,36,vehicle,0.1426,0.3604,241894.15,12432.78,current,0,0,222199.99,0.0,2025-Q4,0,0.0
L001299,B01770,2026-06-05,2027-06-05,personal,Madhesh,education,self-employed,25,F,widowed,secondary,140323,673,72878,13.41,12,guarantee,0.3614,0.5145,69159.88,12859.75,current,0,0,32994.21,0.0,2026-Q2,0,0.0
L001300,B00969,2025-05-04,2027-05-04,auto,Gandaki,retail,self-employed,64,F,single,master,24969,639,140026,12.43,24,guarantee,0.4,0.4532,144811.53,26253.06,30_dpd,51,0,17760.33,0.0,2025-Q2,0,0.0
L001301,B01247,2024-05-16,2030-05-16,SME,Gandaki,services,salaried,29,M,married,secondary,82312,772,489277,15.1,72,cash_deposit,0.0197,0.2415,516520.75,2460.06,current,0,0,75596.78,0.0,2024-Q2,0,0.0
L001302,B01424,2024-11-15,2025-11-15,micro,Karnali,construction,self-employed,65,M,single,master,38125,550,25000,17.33,12,cash_deposit,0.4,0.4085,24956.09,4077.69,current,0,0,13163.25,0.0,2024-Q4,0,0.0
L001303,B01315,2025-08-13,2027-08-13,home,Madhesh,retail,salaried,70,F,married,bachelor,74686,770,1310720,10.84,24,property,0.0214,0.3723,1270250.19,10126.06,current,0,0,497083.35,0.0,2025-Q3,0,0.0
L001304,B01104,2025-06-22,2026-12-22,micro,Bagmati,health,informal,34,M,single,bachelor,49890,737,39680,17.21,18,none,0.0969,0.6728,41174.65,2683.24,90_dpd,97,0,35846.95,0.0,2025-Q2,1,0.0
L001305,B00210,2023-08-07,2026-08-07,home,Bagmati,wholesale,salaried,22,M,single,master,96024,696,1503670,9.29,36,property,0.2018,0.2665,1460521.27,78526.43,30_dpd,56,0,352178.21,0.0,2023-Q3,0,0.0
L001306,B00462,2024-06-14,2027-06-14,personal,Koshi,manufacturing,agriculture,57,M,married,primary,78171,686,81932,19.52,36,none,0.2834,0.6414,87115.84,15833.45,current,0,0,52650.27,0.0,2024-Q2,0,0.0
L001307,B00158,2025-01-27,2027-01-27,personal,Karnali,agriculture,salaried,57,F,married,secondary,100606,717,68189,17.13,24,cash_deposit,0.1485,0.2303,70139.9,2399.05,current,0,0,65904.74,0.0,2025-Q1,0,0.0
L001308,B00083,2026-04-05,2027-04-05,personal,Madhesh,retail,salaried,43,M,married,secondary,88397,733,204954,15.16,12,none,0.1054,0.7727,205111.92,16701.21,current,0,0,180643.13,0.0,2026-Q2,0,0.0
L001309,B00996,2023-05-03,2029-05-03,micro,Gandaki,wholesale,salaried,46,M,married,master,61974,659,25000,16.92,72,guarantee,0.4,0.5059,25073.02,5073.96,current,0,0,3893.38,0.0,2023-Q2,0,0.0
L001310,B00805,2024-08-03,2025-08-03,auto,Bagmati,education,self-employed,30,F,married,master,72947,740,263445,11.57,12,cash_deposit,0.061,0.3895,258592.81,6143.84,30_dpd,50,0,185347.36,0.0,2024-Q3,0,0.0
L001311,B00041,2023-08-14,2026-08-14,SME,Lumbini,health,salaried,41,F,married,master,92027,668,1124723,13.41,36,property,0.3642,0.2789,1208820.18,122767.21,current,0,0,699919.05,0.0,2023-Q3,0,0.0
L001312,B01165,2025-01-27,2026-01-27,auto,Gandaki,retail,business_owner,53,M,married,secondary,201349,647,168018,14.91,12,vehicle,0.4,0.2888,157196.04,18162.12,30_dpd,31,0,155658.42,0.0,2025-Q1,0,0.0
L001313,B00522,2021-03-07,2025-03-07,micro,Gandaki,agriculture,self-employed,44,M,single,secondary,111415,583,25000,17.5,48,guarantee,0.4,0.3948,24426.97,3857.53,current,0,0,23367.25,0.0,2021-Q1,0,0.0
L001314,B00729,2021-09-04,2025-09-04,personal,Lumbini,education,salaried,32,F,married,secondary,104501,527,49629,17.34,48,guarantee,0.4,0.3726,49494.57,7376.2,closed,0,0,0.0,0.0,2021-Q3,0,0.0
L001315,B00920,2026-04-29,2028-04-29,micro,Madhesh,construction,self-employed,29,M,married,bachelor,31040,688,25000,17.08,24,cash_deposit,0.2724,0.2078,23549.79,1333.29,90_dpd,108,0,15067.61,0.0,2026-Q2,1,0.0
L001316,B00068,2022-08-11,2024-02-11,home,Sudurpashchim,retail,agriculture,62,F,widowed,master,31356,770,1706094,9.69,18,property,0.0214,0.2892,1599061.01,9902.56,current,0,0,1191210.79,0.0,2022-Q3,0,0.0
L001317,B01757,2024-12-22,2026-12-22,auto,Sudurpashchim,manufacturing,business_owner,48,F,single,bachelor,205433,694,315889,9.63,24,vehicle,0.2115,0.4146,314296.5,27553.27,current,0,0,282152.35,0.0,2024-Q4,0,0.0
L001318,B01428,2021-03-02,2022-03-02,home,Karnali,retail,business_owner,31,M,married,secondary,161638,749,504397,10.47,12,cash_deposit,0.0458,0.3182,514193.23,7493.56,defaulted,95,1,195741.51,1906.7,2021-Q1,1,5586.860000000001
L001319,B00990,2021-08-12,2024-08-12,micro,Koshi,retail,business_owner,64,F,married,secondary,110260,765,37197,19.54,36,guarantee,0.0561,0.3836,34525.67,742.53,current,0,0,6971.97,0.0,2021-Q3,0,0.0
L001320,B01562,2025-10-14,2028-10-14,SME,Madhesh,wholesale,salaried,68,F,married,bachelor,32225,691,590975,12.96,36,cash_deposit,0.2266,0.1925,573820.6,25027.78,current,0,0,345077.49,0.0,2025-Q4,0,0.0
L001321,B00657,2024-03-02,2027-03-02,personal,Bagmati,retail,salaried,22,F,married,bachelor,57572,684,68486,13.53,36,guarantee,0.2946,0.4603,70623.67,9575.71,30_dpd,40,0,11232.14,0.0,2024-Q1,0,0.0
L001322,B01104,2023-01-18,2026-01-18,personal,Bagmati,health,informal,34,M,single,bachelor,49890,760,234347,15.47,36,none,0.0614,0.7665,234451.63,11029.7,current,0,0,24160.37,0.0,2023-Q1,0,0.0
L001323,B01168,2025-01-09,2029-01-09,personal,Koshi,retail,salaried,51,M,single,secondary,59817,765,38464,15.36,48,none,0.0561,0.7604,37133.99,1583.01,60_dpd,83,0,19096.13,0.0,2025-Q1,0,0.0
L001324,B01588,2024-10-14,2027-10-14,personal,Gandaki,retail,salaried,43,M,married,bachelor,74211,556,64711,15.2,36,none,0.4,0.6893,64148.48,17686.61,90_dpd,90,0,10601.39,0.0,2024-Q4,1,0.0
L001325,B00718,2021-10-01,2024-10-01,personal,Gandaki,agriculture,salaried,67,M,married,bachelor,76240,769,68100,14.76,36,none,0.0523,0.7793,67173.55,2737.45,current,0,0,23686.9,0.0,2021-Q4,0,0.0
L001326,B00316,2024-08-16,2027-08-16,home,Sudurpashchim,construction,self-employed,36,M,single,primary,60779,702,3567641,13.78,36,guarantee,0.1746,0.5004,3785093.77,330664.02,30_dpd,49,0,2484373.05,0.0,2024-Q3,0,0.0
L001327,B01174,2021-05-10,2024-05-10,SME,Madhesh,manufacturing,business_owner,49,M,married,primary,99753,726,512042,13.43,36,guarantee,0.1523,0.4616,536274.91,37713.33,current,0,0,369380.44,0.0,2021-Q2,0,0.0
L001328,B00495,2026-06-12,2028-06-12,SME,Madhesh,construction,salaried,66,M,married,master,81852,661,1117248,11.96,24,property,0.4,0.2581,1137975.89,117484.97,closed,0,0,0.0,0.0,2026-Q2,0,0.0
L001329,B01584,2023-03-14,2027-03-14,personal,Lumbini,manufacturing,salaried,57,F,married,secondary,46271,803,48249,18.18,48,guarantee,0.0325,0.3597,49911.47,583.11,30_dpd,35,0,12969.41,0.0,2023-Q1,0,0.0
L001330,B00072,2025-04-09,2026-10-09,personal,Madhesh,agriculture,self-employed,46,F,married,secondary,53595,702,51712,14.78,18,guarantee,0.2046,0.4063,53714.53,4464.18,30_dpd,47,0,39338.97,0.0,2025-Q2,0,0.0
L001331,B01313,2025-06-17,2027-06-17,SME,Sudurpashchim,retail,salaried,48,M,married,bachelor,122031,635,413636,10.08,24,guarantee,0.4,0.4696,386221.27,72540.45,closed,0,0,0.0,0.0,2025-Q2,0,0.0
L001332,B00958,2021-02-16,2026-02-16,personal,Karnali,agriculture,salaried,55,M,single,secondary,48137,597,222908,16.47,60,none,0.4,0.6921,216269.99,59872.84,30_dpd,32,0,75054.82,0.0,2021-Q1,0,0.0
L001333,B01599,2023-12-07,2024-12-07,micro,Madhesh,retail,self-employed,53,F,single,master,110265,757,41832,22.21,12,none,0.0649,0.85,39079.78,2156.17,30_dpd,51,0,4913.77,0.0,2023-Q4,0,0.0
L001334,B01296,2021-10-06,2023-04-06,home,Bagmati,education,salaried,39,M,divorced,secondary,52887,647,999006,11.9,18,property,0.4,0.1792,959058.14,68737.66,current,0,0,657348.95,0.0,2021-Q4,0,0.0
L001335,B00590,2023-01-18,2024-01-18,personal,Karnali,services,business_owner,57,M,married,bachelor,96796,691,52451,15.5,12,cash_deposit,0.2566,0.214,51429.7,2824.49,current,0,0,8530.27,0.0,2023-Q1,0,0.0
L001336,B00290,2023-05-19,2029-05-19,personal,Sudurpashchim,education,salaried,39,F,single,secondary,72933,632,131082,16.37,72,guarantee,0.4,0.4568,121170.71,22142.11,30_dpd,50,0,112333.58,0.0,2023-Q2,0,0.0
L001337,B01570,2025-05-18,2028-05-18,home,Lumbini,manufacturing,salaried,59,M,married,master,41541,769,383860,10.1,36,property,0.0223,0.3046,382166.27,2595.57,current,0,0,96093.92,0.0,2025-Q2,0,0.0
L001338,B00053,2025-08-11,2027-02-11,auto,Lumbini,construction,agriculture,48,M,divorced,bachelor,55018,708,224974,15.76,18,guarantee,0.1501,0.3958,234328.18,13924.59,current,0,0,146883.38,0.0,2025-Q3,0,0.0
L001339,B00979,2025-05-25,2026-11-25,personal,Madhesh,services,business_owner,65,F,widowed,primary,107174,783,89921,13.57,18,none,0.0419,0.5921,95904.74,2378.09,defaulted,105,1,77199.39,363.74,2025-Q2,1,2014.3500000000001
L001340,B01049,2021-05-18,2024-05-18,personal,Karnali,retail,salaried,67,M,married,bachelor,89376,666,94425,12.64,36,cash_deposit,0.4,0.3261,91563.02,11943.5,current,0,0,27660.46,0.0,2021-Q2,0,0.0
L001341,B01565,2022-09-24,2027-09-24,auto,Madhesh,wholesale,self-employed,43,F,single,bachelor,29318,623,336929,12.23,60,cash_deposit,0.4,0.3607,342675.33,49436.79,current,0,0,242734.69,0.0,2022-Q3,0,0.0
L001342,B00572,2021-08-08,2023-02-08,home,Madhesh,retail,business_owner,41,M,single,bachelor,146176,695,686536,14.63,18,cash_deposit,0.2666,0.2655,694018.31,49119.95,current,0,0,393744.66,0.0,2021-Q3,0,0.0
L001343,B01677,2021-11-04,2023-11-04,auto,Bagmati,manufacturing,informal,26,F,single,master,41873,647,354809,16.48,24,vehicle,0.4,0.4844,363747.84,70479.0,current,0,0,135063.1,0.0,2021-Q4,0,0.0
L001344,B00542,2023-10-26,2028-10-26,micro,Koshi,health,informal,60,O,divorced,secondary,21170,700,68408,16.0,60,guarantee,0.2133,0.3136,64132.56,4289.9,current,0,0,47812.77,0.0,2023-Q4,0,0.0
L001345,B01400,2021-11-28,2022-11-28,auto,Bagmati,construction,informal,44,M,married,master,42216,675,943146,15.87,12,guarantee,0.3187,0.4386,884542.8,123625.39,current,0,0,707450.41,0.0,2021-Q4,0,0.0
L001346,B00808,2021-07-30,2023-01-30,home,Lumbini,services,salaried,41,F,married,secondary,59460,720,749534,12.26,18,cash_deposit,0.1092,0.2322,698969.08,17724.67,current,0,0,326999.52,0.0,2021-Q3,0,0.0
L001347,B00029,2021-02-12,2025-02-12,home,Sudurpashchim,manufacturing,salaried,45,M,single,master,73137,753,362172,11.31,48,guarantee,0.0401,0.4781,390572.6,7483.23,closed,0,0,0.0,0.0,2021-Q1,0,0.0
L001348,B00702,2024-01-13,2027-01-13,home,Karnali,retail,agriculture,26,M,married,secondary,61225,686,4922905,15.06,36,cash_deposit,0.2534,0.3152,5016713.5,400640.92,current,0,0,4431534.89,0.0,2024-Q1,0,0.0
L001349,B00929,2024-05-22,2025-11-22,SME,Karnali,wholesale,salaried,46,M,divorced,bachelor,105329,638,1351007,12.3,18,property,0.4,0.2491,1265445.85,126065.91,current,0,0,1264510.52,0.0,2024-Q2,0,0.0
L001350,B01601,2021-12-06,2023-12-06,personal,Bagmati,retail,business_owner,65,M,married,secondary,72379,735,194449,17.5,24,guarantee,0.101,0.5801,190690.96,11175.69,90_dpd,113,0,30378.52,0.0,2021-Q4,1,0.0
L001351,B00327,2024-11-07,2027-11-07,home,Koshi,agriculture,salaried,27,M,married,secondary,59176,564,1115531,8.61,36,guarantee,0.4,0.5707,1168517.61,266742.72,60_dpd,78,0,752219.33,0.0,2024-Q4,0,0.0
L001352,B00666,2025-03-27,2030-03-27,SME,Madhesh,construction,self-employed,21,M,single,master,100264,682,1147422,18.66,60,guarantee,0.2761,0.3082,1155789.02,98370.54,current,0,0,947614.02,0.0,2025-Q1,0,0.0
L001353,B00515,2025-03-30,2030-03-30,micro,Sudurpashchim,education,salaried,39,F,single,primary,80766,555,39391,18.68,60,none,0.4,0.6972,40837.94,11388.52,current,0,0,6013.72,0.0,2025-Q1,0,0.0
L001354,B01052,2022-01-11,2023-07-11,SME,Madhesh,services,business_owner,34,M,married,secondary,137832,727,1053760,15.29,18,property,0.0898,0.2827,1034269.38,26240.43,current,0,0,1029516.61,0.0,2022-Q1,0,0.0
L001355,B01054,2025-12-21,2029-12-21,personal,Koshi,education,self-employed,57,F,single,primary,60616,690,95285,16.21,48,none,0.2618,0.6769,98654.82,17482.31,current,0,0,77159.24,0.0,2025-Q4,0,0.0
L001356,B01239,2022-09-02,2027-09-02,home,Lumbini,manufacturing,salaried,56,M,married,phd,101308,636,967153,13.14,60,property,0.4,0.2236,1007364.3,90107.13,current,0,0,171679.78,0.0,2022-Q3,0,0.0
L001357,B01580,2024-09-21,2025-09-21,SME,Gandaki,services,informal,64,M,divorced,bachelor,15777,717,196867,15.76,12,vehicle,0.1185,0.5211,201535.16,12444.39,current,0,0,167005.0,0.0,2024-Q3,0,0.0
L001358,B01676,2025-02-28,2026-08-28,micro,Madhesh,retail,agriculture,23,M,single,bachelor,28504,567,31653,17.81,18,guarantee,0.4,0.1667,29635.41,1976.61,30_dpd,41,0,8744.5,0.0,2025-Q1,0,0.0
L001359,B01634,2023-07-26,2028-07-26,SME,Koshi,manufacturing,salaried,65,M,single,secondary,71616,622,267368,13.77,60,guarantee,0.4,0.4268,272793.51,46567.74,current,0,0,196442.2,0.0,2023-Q3,0,0.0
L001360,B01530,2024-04-05,2029-04-05,SME,Gandaki,education,salaried,51,M,single,master,131222,714,172238,15.92,60,property,0.1884,0.3315,183410.85,11454.94,closed,0,0,0.0,0.0,2024-Q2,0,0.0
L001361,B00344,2021-10-12,2026-10-12,auto,Karnali,construction,informal,41,F,single,bachelor,33130,739,183342,9.94,60,guarantee,0.0629,0.4365,184278.43,5059.98,current,0,0,118319.27,0.0,2021-Q4,0,0.0
L001362,B01790,2024-03-29,2027-03-29,auto,Bagmati,retail,self-employed,22,F,single,bachelor,81303,787,255658,14.1,36,cash_deposit,0.0696,0.37,249673.96,6426.41,current,0,0,198609.86,0.0,2024-Q1,0,0.0
L001363,B00454,2022-03-04,2024-03-04,home,Karnali,agriculture,informal,70,M,married,master,38204,653,1191793,13.08,24,cash_deposit,0.4,0.2063,1209045.49,99753.37,90_dpd,95,0,646870.37,0.0,2022-Q1,1,0.0
L001364,B00304,2021-06-20,2022-06-20,micro,Karnali,services,salaried,40,F,married,secondary,71287,850,25000,18.54,12,guarantee,0.0233,0.439,25043.89,256.06,current,0,0,10253.39,0.0,2021-Q2,0,0.0
L001365,B00123,2021-05-14,2027-05-14,auto,Karnali,retail,business_owner,53,M,widowed,secondary,135921,637,508863,11.35,72,vehicle,0.4,0.3631,471932.19,68546.3,current,0,0,220499.56,0.0,2021-Q2,0,0.0
L001366,B00725,2023-09-25,2026-09-25,auto,Lumbini,education,salaried,23,M,divorced,bachelor,61088,664,353361,9.87,36,cash_deposit,0.3913,0.312,362754.88,44288.4,90_dpd,114,0,144461.81,0.0,2023-Q3,1,0.0
L001367,B00299,2025-08-26,2026-08-26,auto,Madhesh,construction,business_owner,69,F,married,bachelor,100346,682,516352,12.24,12,vehicle,0.2761,0.5691,549453.56,86335.97,60_dpd,68,0,257395.25,0.0,2025-Q3,0,0.0
L001368,B01311,2024-09-25,2026-09-25,SME,Lumbini,health,salaried,70,M,married,secondary,71808,628,401019,16.59,24,vehicle,0.4,0.5235,398291.49,83395.98,current,0,0,376520.21,0.0,2024-Q3,0,0.0
L001369,B00228,2021-07-09,2026-07-09,auto,Lumbini,services,salaried,46,M,married,bachelor,68182,642,297981,17.65,60,vehicle,0.4,0.4224,311308.4,52592.96,closed,0,0,0.0,0.0,2021-Q3,0,0.0
L001370,B00425,2021-05-12,2025-05-12,personal,Koshi,construction,salaried,22,M,single,secondary,68523,621,36206,12.02,48,none,0.4,0.7029,34759.48,9772.52,30_dpd,31,0,32493.48,0.0,2021-Q2,0,0.0
L001371,B00619,2022-05-28,2023-11-28,home,Madhesh,wholesale,self-employed,67,M,married,master,63057,706,938891,9.03,18,property,0.158,0.1675,893273.38,23642.83,current,0,0,354587.92,0.0,2022-Q2,0,0.0
L001372,B01736,2025-05-07,2026-11-07,personal,Sudurpashchim,wholesale,self-employed,25,M,married,bachelor,136592,675,138739,13.32,18,none,0.3487,0.6247,128611.56,28012.43,current,0,0,112794.61,0.0,2025-Q2,0,0.0
L001373,B00850,2022-12-14,2026-12-14,SME,Karnali,retail,self-employed,54,M,married,master,76894,674,948348,15.11,48,cash_deposit,0.325,0.2456,884270.93,70567.26,90_dpd,96,0,436874.16,0.0,2022-Q4,1,0.0
L001374,B00436,2024-06-24,2027-06-24,SME,Koshi,construction,salaried,63,M,single,secondary,65037,668,668096,16.67,36,property,0.4,0.2061,617486.29,50916.61,30_dpd,38,0,553888.57,0.0,2024-Q2,0,0.0
L001375,B00696,2024-01-29,2029-01-29,home,Sudurpashchim,agriculture,salaried,33,F,married,secondary,58456,731,862119,12.48,60,property,0.0799,0.3458,924739.36,25564.59,30_dpd,43,0,214891.46,0.0,2024-Q1,0,0.0
L001376,B00650,2022-05-08,2023-05-08,auto,Madhesh,construction,salaried,66,F,married,secondary,86845,688,262703,12.99,12,guarantee,0.3024,0.4313,275859.64,35980.66,30_dpd,57,0,213148.56,0.0,2022-Q2,0,0.0
L001377,B01115,2024-06-08,2026-06-08,personal,Karnali,services,salaried,65,M,married,master,65664,739,139334,14.31,24,cash_deposit,0.1529,0.2877,132892.67,5845.49,90_dpd,119,0,98319.66,0.0,2024-Q2,1,0.0
L001378,B00498,2023-03-27,2028-03-27,SME,Gandaki,wholesale,self-employed,36,F,married,secondary,97024,623,815881,19.07,60,property,0.4,0.3452,775738.4,107121.53,90_dpd,100,0,224664.71,0.0,2023-Q1,1,0.0
L001379,B01258,2022-12-04,2025-12-04,home,Gandaki,services,self-employed,38,F,married,secondary,50951,567,1514822,13.24,36,guarantee,0.4,0.3685,1635097.95,240981.86,current,0,0,1142823.38,0.0,2022-Q4,0,0.0
L001380,B01240,2022-01-07,2025-01-07,micro,Madhesh,wholesale,self-employed,43,M,single,bachelor,57893,663,25000,17.48,36,none,0.4,0.785,24318.71,7635.65,90_dpd,112,0,15440.73,0.0,2022-Q1,1,0.0
L001381,B01202,2022-10-26,2027-10-26,auto,Karnali,services,salaried,63,M,widowed,master,60920,751,167297,12.77,60,guarantee,0.0429,0.4851,172419.18,3585.14,closed,0,0,0.0,0.0,2022-Q4,0,0.0
L001382,B01593,2022-04-15,2023-04-15,personal,Bagmati,wholesale,salaried,24,M,single,secondary,60747,727,108711,20.13,12,none,0.1198,0.85,100141.7,10193.21,90_dpd,91,0,36424.41,0.0,2022-Q2,1,0.0
L001383,B00689,2022-09-15,2024-03-15,micro,Bagmati,manufacturing,business_owner,40,M,single,primary,88316,709,25000,18.18,18,guarantee,0.1763,0.3715,24248.35,1588.47,60_dpd,89,0,3970.45,0.0,2022-Q3,0,0.0
L001384,B01279,2023-03-31,2024-09-30,personal,Madhesh,retail,agriculture,69,F,married,bachelor,24124,724,74411,18.75,18,cash_deposit,0.1277,0.2229,77512.15,2207.09,current,0,0,28393.52,0.0,2023-Q1,0,0.0
L001385,B00865,2024-05-07,2029-05-07,SME,Sudurpashchim,construction,salaried,24,M,divorced,primary,63029,681,618760,17.21,60,property,0.282,0.2718,587539.2,45030.9,90_dpd,93,0,274996.97,0.0,2024-Q2,1,0.0
L001386,B00136,2022-10-09,2024-04-09,auto,Sudurpashchim,health,informal,57,F,married,bachelor,48369,676,407075,10.09,18,vehicle,0.3124,0.3884,411275.08,49900.54,current,0,0,210668.26,0.0,2022-Q4,0,0.0
L001387,B00684,2022-10-27,2024-04-27,home,Madhesh,services,salaried,23,M,married,secondary,55883,712,1050266,13.14,18,property,0.1354,0.2517,1002868.56,34168.66,90_dpd,91,0,824500.03,0.0,2022-Q4,1,0.0
L001388,B00636,2023-10-21,2028-10-21,micro,Bagmati,services,agriculture,55,M,widowed,bachelor,38073,655,60211,17.66,60,guarantee,0.4,0.4977,64422.73,12825.94,current,0,0,54905.79,0.0,2023-Q4,0,0.0
L001389,B00133,2023-07-19,2026-07-19,auto,Sudurpashchim,agriculture,informal,55,F,married,phd,21746,684,262084,12.0,36,cash_deposit,0.2646,0.2871,281198.3,21361.67,90_dpd,105,0,116569.21,0.0,2023-Q3,1,0.0
L001390,B00580,2025-11-12,2030-11-12,personal,Karnali,services,informal,55,M,married,bachelor,36022,763,25000,15.56,60,cash_deposit,0.0581,0.3539,25672.8,527.88,60_dpd,76,0,12436.02,0.0,2025-Q4,0,0.0
L001391,B01438,2021-04-15,2025-04-15,auto,Karnali,retail,self-employed,57,M,single,secondary,49381,552,369842,15.14,48,cash_deposit,0.4,0.3102,373355.92,46332.34,current,0,0,161487.55,0.0,2021-Q2,0,0.0
L001392,B01065,2023-10-28,2025-10-28,auto,Madhesh,services,salaried,43,M,married,bachelor,63145,660,141077,12.98,24,vehicle,0.4,0.4797,150696.05,28916.0,current,0,0,93058.21,0.0,2023-Q4,0,0.0
L001393,B00747,2022-02-10,2025-02-10,auto,Madhesh,retail,salaried,61,F,married,master,87692,653,218144,16.46,36,vehicle,0.4,0.3846,218488.96,33614.76,60_dpd,79,0,118766.49,0.0,2022-Q1,0,0.0
L001394,B01011,2023-01-23,2028-01-23,micro,Lumbini,services,self-employed,51,F,married,primary,51349,691,55457,15.47,60,none,0.2566,0.7257,52581.01,9791.29,current,0,0,21666.15,0.0,2023-Q1,0,0.0
L001395,B00012,2025-10-12,2027-04-12,auto,Lumbini,wholesale,self-employed,44,F,widowed,secondary,46311,646,487541,12.08,18,guarantee,0.4,0.4348,493970.59,85905.81,30_dpd,32,0,309605.01,0.0,2025-Q4,0,0.0
L001396,B00999,2026-02-13,2031-02-13,SME,Karnali,services,salaried,26,M,single,secondary,34740,587,699721,14.07,60,property,0.4,0.4012,748064.09,120045.94,current,0,0,114823.23,0.0,2026-Q1,0,0.0
L001397,B00353,2025-06-13,2028-06-13,home,Lumbini,construction,self-employed,24,M,married,bachelor,55430,713,1007340,12.36,36,guarantee,0.1319,0.4756,1065444.38,66817.64,90_dpd,94,0,928504.35,0.0,2025-Q2,1,0.0
L001398,B01589,2022-01-31,2027-01-31,SME,Bagmati,education,self-employed,64,F,married,secondary,40844,658,820597,15.03,60,property,0.4,0.1558,865021.1,53894.58,defaulted,119,1,291519.57,20611.39,2022-Q1,1,33283.19
L001399,B01351,2022-05-04,2025-05-04,micro,Bagmati,wholesale,informal,55,F,married,master,47432,751,55654,18.58,36,none,0.0729,0.7484,54128.52,2951.71,closed,0,0,0.0,0.0,2022-Q2,0,0.0
L001400,B01253,2025-05-23,2027-05-23,SME,Bagmati,wholesale,informal,46,M,married,master,30126,727,669195,12.66,24,property,0.0898,0.3291,650237.26,19205.29,current,0,0,456660.1,0.0,2025-Q2,0,0.0
L001401,B00440,2025-04-10,2030-04-10,micro,Madhesh,services,salaried,64,M,married,bachelor,88261,520,36483,16.13,60,cash_deposit,0.4,0.3326,38850.0,5168.5,current,0,0,20427.74,0.0,2025-Q2,0,0.0
L001402,B00731,2026-01-14,2028-01-14,home,Gandaki,education,salaried,52,F,divorced,secondary,82158,674,530769,10.09,24,property,0.325,0.2824,538400.83,49411.0,defaulted,112,1,65123.24,21982.44,2026-Q1,1,27428.56
L001403,B00150,2024-06-24,2027-06-24,auto,Lumbini,education,self-employed,62,M,married,master,109348,706,144205,11.82,36,vehicle,0.158,0.4328,152716.99,10442.86,30_dpd,51,0,75003.17,0.0,2024-Q2,0,0.0
L001404,B00481,2026-03-12,2028-03-12,personal,Madhesh,education,self-employed,49,M,divorced,master,120325,681,66405,15.38,24,cash_deposit,0.372,0.3295,63887.31,7830.02,60_dpd,83,0,36399.29,0.0,2026-Q1,0,0.0
L001405,B00399,2021-04-15,2022-04-15,personal,Sudurpashchim,retail,salaried,29,F,single,primary,56087,729,150374,13.97,12,cash_deposit,0.1747,0.4258,156502.18,11644.79,current,0,0,27483.86,0.0,2021-Q2,0,0.0
L001406,B00262,2024-04-05,2029-04-05,personal,Sudurpashchim,services,salaried,59,M,single,secondary,111470,637,198993,18.1,60,guarantee,0.4,0.4343,185138.82,32163.54,30_dpd,44,0,96466.76,0.0,2024-Q2,0,0.0
L001407,B00040,2024-11-10,2029-11-10,home,Koshi,wholesale,salaried,27,F,married,bachelor,78555,643,2597080,13.03,60,property,0.4,0.3173,2623409.45,332919.44,closed,0,0,0.0,0.0,2024-Q4,0,0.0
L001408,B00996,2024-07-20,2027-07-20,micro,Gandaki,wholesale,salaried,46,M,married,master,61974,702,81960,17.46,36,guarantee,0.2046,0.42,85964.41,7385.98,current,0,0,45646.41,0.0,2024-Q3,0,0.0
L001409,B00302,2025-03-16,2028-03-16,personal,Lumbini,construction,self-employed,58,F,married,bachelor,61423,660,129286,14.65,36,guarantee,0.4,0.3887,134951.69,20980.65,90_dpd,97,0,20143.09,0.0,2025-Q1,1,0.0
L001410,B01434,2024-02-02,2028-02-02,home,Sudurpashchim,education,salaried,61,M,single,secondary,55596,602,3486792,11.18,48,guarantee,0.4,0.2828,3212579.36,363402.48,60_dpd,72,0,740003.58,0.0,2024-Q1,0,0.0
L001411,B00466,2024-12-16,2025-12-16,auto,Gandaki,retail,business_owner,32,F,divorced,secondary,97655,688,64487,11.69,12,vehicle,0.2424,0.4877,64200.08,7590.98,closed,0,0,0.0,0.0,2024-Q4,0,0.0
L001412,B00544,2023-01-06,2026-01-06,home,Sudurpashchim,construction,salaried,63,F,married,master,52542,649,1565077,11.74,36,cash_deposit,0.4,0.2819,1480460.97,166918.41,current,0,0,554820.14,0.0,2023-Q1,0,0.0
L001413,B01571,2022-07-10,2024-07-10,personal,Karnali,wholesale,informal,55,F,married,secondary,62899,680,53032,18.21,24,guarantee,0.3179,0.4057,50960.08,6573.45,60_dpd,76,0,28884.69,0.0,2022-Q3,0,0.0
L001414,B00749,2021-07-29,2024-07-29,micro,Madhesh,services,self-employed,47,F,divorced,bachelor,107898,722,37476,17.19,36,none,0.1333,0.5832,37241.11,2895.89,current,0,0,9797.21,0.0,2021-Q3,0,0.0
L001415,B00657,2025-07-24,2029-07-24,SME,Bagmati,retail,salaried,22,F,married,bachelor,57572,622,659221,16.9,48,property,0.4,0.3044,707469.11,86153.96,30_dpd,49,0,300561.62,0.0,2025-Q3,0,0.0
L001416,B00700,2024-02-08,2029-02-08,auto,Koshi,education,salaried,53,F,single,bachelor,52940,621,134637,11.88,60,vehicle,0.4,0.444,124370.8,22089.78,current,0,0,108412.09,0.0,2024-Q1,0,0.0
L001417,B01382,2025-10-25,2028-10-25,SME,Madhesh,agriculture,self-employed,40,F,married,primary,134619,653,939993,14.88,36,cash_deposit,0.4,0.1831,918747.55,67285.88,current,0,0,329807.6,0.0,2025-Q4,0,0.0
L001418,B00927,2021-10-04,2026-10-04,micro,Madhesh,health,self-employed,68,F,married,secondary,69865,611,25000,17.47,60,guarantee,0.4,0.4168,26417.37,4403.85,current,0,0,7174.74,0.0,2021-Q4,0,0.0
L001419,B01749,2023-11-21,2027-11-21,home,Lumbini,wholesale,salaried,33,F,single,master,78740,720,1218878,9.35,48,property,0.1092,0.2085,1123726.08,25581.14,current,0,0,641099.86,0.0,2023-Q4,0,0.0
L001420,B01537,2021-08-21,2025-08-21,home,Madhesh,health,self-employed,28,F,single,secondary,60641,670,1360633,14.52,48,property,0.3509,0.3675,1380310.63,177983.28,90_dpd,99,0,543649.35,0.0,2021-Q3,1,0.0
L001421,B00146,2025-10-30,2026-10-30,micro,Karnali,agriculture,salaried,29,M,single,secondary,90482,656,26125,14.23,12,none,0.4,0.7037,25226.63,7101.18,90_dpd,92,0,3902.05,0.0,2025-Q4,1,0.0
L001422,B01767,2024-01-09,2027-01-09,personal,Koshi,services,agriculture,47,M,married,secondary,43667,721,94930,16.59,36,guarantee,0.1362,0.3751,92670.72,4736.0,current,0,0,24943.43,0.0,2024-Q1,0,0.0
L001423,B01504,2021-10-27,2025-10-27,home,Koshi,agriculture,self-employed,62,M,married,secondary,134575,625,776429,12.45,48,property,0.4,0.2325,782944.88,72824.6,current,0,0,608340.99,0.0,2021-Q4,0,0.0
L001424,B01779,2024-11-09,2026-11-09,SME,Bagmati,construction,agriculture,50,F,married,bachelor,40233,628,350343,12.47,24,property,0.4,0.2905,324076.92,37654.54,current,0,0,204927.37,0.0,2024-Q4,0,0.0
L001425,B00684,2022-02-03,2023-02-03,personal,Madhesh,services,salaried,23,M,married,secondary,55883,729,74811,14.42,12,none,0.1147,0.6742,71634.43,5541.13,current,0,0,68351.6,0.0,2022-Q1,0,0.0
L001426,B00951,2024-01-01,2027-01-01,home,Bagmati,construction,salaried,43,O,widowed,secondary,48969,583,1657885,15.14,36,property,0.4,0.1961,1663216.01,130481.38,current,0,0,878551.48,0.0,2024-Q1,0,0.0
L001427,B00807,2025-02-27,2026-02-27,SME,Madhesh,agriculture,self-employed,37,M,married,primary,66046,714,446810,13.76,12,guarantee,0.1284,0.4056,449861.04,23431.52,current,0,0,343685.3,0.0,2025-Q1,0,0.0
L001428,B00163,2021-07-10,2027-07-10,personal,Madhesh,services,informal,63,M,married,master,72527,655,150928,15.14,72,cash_deposit,0.4,0.3317,141995.8,18840.24,closed,0,0,0.0,0.0,2021-Q3,0,0.0
L001429,B00329,2021-02-20,2026-02-20,home,Lumbini,agriculture,salaried,37,M,married,bachelor,53029,671,822554,13.39,60,cash_deposit,0.3443,0.1783,798843.26,49046.27,current,0,0,616613.47,0.0,2021-Q1,0,0.0
L001430,B00179,2021-06-16,2023-06-16,personal,Lumbini,retail,salaried,40,M,married,secondary,72323,675,107196,17.46,24,guarantee,0.4,0.3102,107209.68,13302.76,current,0,0,15338.31,0.0,2021-Q2,0,0.0
L001431,B01685,2021-06-01,2022-12-01,SME,Sudurpashchim,services,self-employed,40,M,single,primary,118662,732,586154,12.65,18,guarantee,0.0776,0.4152,598159.29,19279.15,current,0,0,537618.42,0.0,2021-Q2,0,0.0
L001432,B01107,2025-11-19,2026-11-19,micro,Bagmati,construction,informal,41,M,married,secondary,50718,623,85323,12.45,12,cash_deposit,0.4,0.1956,81580.93,6383.54,30_dpd,56,0,65693.02,0.0,2025-Q4,0,0.0
L001433,B01260,2026-01-12,2030-01-12,SME,Madhesh,manufacturing,agriculture,54,M,divorced,secondary,46792,714,1578161,15.61,48,guarantee,0.1284,0.5138,1636141.74,107945.67,current,0,0,726429.68,0.0,2026-Q1,0,0.0
L001434,B00457,2024-11-28,2027-11-28,micro,Koshi,wholesale,business_owner,39,F,married,bachelor,101443,685,32252,14.65,36,none,0.2889,0.696,33589.08,6754.41,current,0,0,23546.33,0.0,2024-Q4,0,0.0
L001435,B00841,2021-04-12,2026-04-12,home,Bagmati,retail,self-employed,41,M,single,secondary,89789,675,878426,10.73,60,property,0.3187,0.3135,925783.21,92481.05,current,0,0,489318.29,0.0,2021-Q2,0,0.0
L001436,B01282,2023-08-22,2025-08-22,SME,Koshi,retail,self-employed,40,M,married,bachelor,86844,576,434442,14.33,24,guarantee,0.4,0.5139,411824.31,84661.51,current,0,0,277372.34,0.0,2023-Q3,0,0.0
L001437,B00227,2026-06-11,2028-06-11,personal,Karnali,retail,salaried,64,M,married,secondary,75548,678,57525,20.03,24,guarantee,0.39,0.5187,59628.46,12064.32,60_dpd,68,0,12579.27,0.0,2026-Q2,0,0.0
L001438,B01001,2021-05-12,2024-05-12,personal,Sudurpashchim,agriculture,salaried,53,M,single,primary,108125,646,95805,12.71,36,none,0.4,0.7469,89853.2,26844.2,closed,0,0,0.0,0.0,2021-Q2,0,0.0
L001439,B00121,2024-12-21,2026-06-21,SME,Karnali,retail,self-employed,32,F,single,secondary,60138,800,1048469,14.1,18,cash_deposit,0.005,0.35,1033466.15,1808.4,30_dpd,35,0,889835.7,0.0,2024-Q4,0,0.0
L001440,B01472,2023-09-24,2025-09-24,auto,Lumbini,wholesale,salaried,56,M,widowed,bachelor,71585,670,269410,13.27,24,vehicle,0.3509,0.4945,251245.7,43595.72,30_dpd,31,0,223944.74,0.0,2023-Q3,0,0.0
L001441,B00995,2025-12-19,2027-12-19,micro,Madhesh,retail,agriculture,26,F,married,secondary,51070,645,47574,22.46,24,none,0.4,0.7222,46411.0,13407.62,30_dpd,40,0,10736.17,0.0,2025-Q4,0,0.0
L001442,B00216,2022-08-23,2025-08-23,micro,Karnali,education,self-employed,69,M,married,master,68667,641,33217,21.73,36,cash_deposit,0.4,0.3084,32069.67,3955.92,closed,0,0,0.0,0.0,2022-Q3,0,0.0
L001443,B00832,2023-04-30,2028-04-30,home,Madhesh,health,salaried,25,F,widowed,bachelor,68159,717,365208,10.4,60,property,0.1185,0.277,347112.93,11394.86,30_dpd,59,0,340067.72,0.0,2023-Q2,0,0.0
L001444,B00760,2026-04-07,2028-04-07,SME,Madhesh,services,self-employed,55,F,married,master,66323,662,700232,15.21,24,property,0.4,0.3829,750140.16,114887.8,current,0,0,474157.81,0.0,2026-Q2,0,0.0
L001445,B01598,2022-01-12,2024-01-12,micro,Koshi,manufacturing,agriculture,38,M,married,secondary,57921,585,25000,17.23,24,none,0.4,0.7665,26142.07,8015.09,30_dpd,59,0,6765.24,0.0,2022-Q1,0,0.0
L001446,B01001,2023-03-04,2024-03-04,home,Sudurpashchim,agriculture,salaried,53,M,single,primary,108125,633,858962,11.43,12,property,0.4,0.2599,811865.95,84399.0,90_dpd,115,0,222484.03,0.0,2023-Q1,1,0.0
L001447,B00716,2025-06-15,2030-06-15,SME,Madhesh,retail,agriculture,40,O,single,master,70723,745,1177790,15.13,60,property,0.0521,0.27,1147305.64,16150.08,60_dpd,82,0,932079.94,0.0,2025-Q2,0,0.0
L001448,B01028,2025-11-30,2026-11-30,auto,Lumbini,wholesale,salaried,26,M,married,primary,80421,653,837925,13.87,12,guarantee,0.4,0.4827,805449.32,155521.19,current,0,0,697276.49,0.0,2025-Q4,0,0.0
L001449,B01606,2023-04-13,2029-04-13,micro,Koshi,agriculture,salaried,62,M,married,master,52311,596,44092,18.05,72,cash_deposit,0.4,0.3691,41040.35,6058.77,current,0,0,11886.52,0.0,2023-Q2,0,0.0
L001450,B01435,2022-08-14,2025-08-14,auto,Sudurpashchim,retail,business_owner,58,F,married,secondary,112206,690,306615,10.96,36,guarantee,0.2318,0.4746,330437.16,36348.51,current,0,0,242452.16,0.0,2022-Q3,0,0.0
L001451,B00148,2024-08-27,2026-08-27,personal,Karnali,retail,salaried,35,M,single,bachelor,69423,740,31098,13.44,24,guarantee,0.091,0.4834,29318.43,1289.67,current,0,0,28904.91,0.0,2024-Q3,0,0.0
L001452,B01737,2024-09-08,2030-09-08,personal,Bagmati,agriculture,self-employed,33,M,married,primary,66502,632,80236,13.5,72,none,0.4,0.6766,82305.3,22274.21,closed,0,0,0.0,0.0,2024-Q3,0,0.0
L001453,B00257,2024-06-03,2027-06-03,personal,Gandaki,services,informal,52,M,married,secondary,35632,596,66486,17.95,36,none,0.4,0.7824,63567.16,19892.85,current,0,0,44455.23,0.0,2024-Q2,0,0.0
L001454,B01525,2024-09-24,2027-09-24,personal,Madhesh,health,self-employed,32,F,single,bachelor,22151,676,63007,15.54,36,guarantee,0.3424,0.3873,64102.24,8500.1,current,0,0,40693.54,0.0,2024-Q3,0,0.0
L001455,B00020,2023-12-20,2025-12-20,home,Madhesh,retail,agriculture,64,F,married,secondary,51079,714,777791,10.19,24,property,0.1284,0.2104,827245.06,22348.72,current,0,0,534230.45,0.0,2023-Q4,0,0.0
L001456,B01592,2024-04-30,2025-04-30,auto,Karnali,retail,salaried,69,F,divorced,bachelor,90852,730,347482,9.91,12,vehicle,0.0823,0.4325,332678.55,11843.59,current,0,0,256528.48,0.0,2024-Q2,0,0.0
L001457,B00529,2023-10-14,2026-10-14,SME,Sudurpashchim,retail,informal,40,M,widowed,master,35800,682,445790,12.97,36,property,0.2761,0.3188,434210.79,38224.43,current,0,0,230090.93,0.0,2023-Q4,0,0.0
L001458,B01571,2022-03-04,2028-03-04,auto,Karnali,wholesale,informal,55,F,married,secondary,62899,644,339156,12.48,72,cash_deposit,0.4,0.2818,328589.57,37043.53,60_dpd,78,0,130113.31,0.0,2022-Q1,0,0.0
L001459,B00095,2021-06-06,2026-06-06,auto,Lumbini,wholesale,salaried,49,F,single,bachelor,76517,696,535745,11.39,60,guarantee,0.2018,0.4927,523029.08,51990.53,current,0,0,468505.07,0.0,2021-Q2,0,0.0
L001460,B00936,2022-09-11,2027-09-11,micro,Gandaki,services,informal,67,O,married,master,56171,694,43209,14.88,60,guarantee,0.2415,0.356,45559.87,3916.71,closed,0,0,0.0,0.0,2022-Q3,0,0.0
L001461,B01670,2022-05-09,2027-05-09,personal,Bagmati,retail,self-employed,30,F,single,primary,58082,572,49438,14.99,60,cash_deposit,0.4,0.2812,51876.92,5834.91,30_dpd,54,0,40976.64,0.0,2022-Q2,0,0.0
L001462,B00016,2022-09-08,2023-09-08,micro,Madhesh,health,agriculture,23,F,married,secondary,41150,589,80349,12.58,12,none,0.4,0.7452,83866.94,24999.19,90_dpd,114,0,13348.84,0.0,2022-Q3,1,0.0
L001463,B01330,2024-08-05,2029-08-05,micro,Gandaki,retail,agriculture,53,F,married,master,18209,628,25000,15.0,60,cash_deposit,0.4,0.3727,26811.83,3996.79,defaulted,150,1,4371.67,981.87,2024-Q3,1,3014.92
L001464,B00069,2022-05-05,2025-05-05,micro,Koshi,retail,self-employed,24,F,single,secondary,110769,641,49579,15.13,36,none,0.4,0.7335,47452.78,13921.92,90_dpd,96,0,30058.35,0.0,2022-Q2,1,0.0
L001465,B00164,2025-09-07,2027-09-07,home,Madhesh,services,salaried,49,F,married,bachelor,59874,554,1800997,11.45,24,property,0.4,0.2551,1758115.68,179385.65,defaulted,171,1,1343632.53,38873.16,2025-Q3,1,140512.49
L001466,B00081,2023-02-27,2027-02-27,personal,Madhesh,services,salaried,28,F,married,bachelor,94925,701,70216,16.41,48,cash_deposit,0.2089,0.2612,68922.7,3761.52,current,0,0,58039.83,0.0,2023-Q1,0,0.0
L001467,B00641,2021-01-11,2025-01-11,SME,Madhesh,education,salaried,38,M,married,primary,90389,615,1587376,13.46,48,guarantee,0.4,0.2782,1526613.98,169868.39,current,0,0,153478.57,0.0,2021-Q1,0,0.0
L001468,B01391,2021-02-14,2023-02-14,micro,Madhesh,manufacturing,self-employed,57,M,single,secondary,94880,704,57261,14.63,24,guarantee,0.1961,0.4297,58789.73,4954.0,current,0,0,52343.02,0.0,2021-Q1,0,0.0
L001469,B00223,2021-08-05,2026-08-05,home,Lumbini,retail,informal,53,M,divorced,primary,46187,609,979141,12.26,60,guarantee,0.4,0.4501,1001579.94,180318.58,current,0,0,104968.49,0.0,2021-Q3,0,0.0
L001470,B01164,2021-04-22,2025-04-22,home,Gandaki,education,salaried,30,M,married,secondary,51619,649,1138766,8.07,48,guarantee,0.4,0.4385,1180248.09,207005.72,current,0,0,1169373.0,0.0,2021-Q2,0,0.0
L001471,B01021,2025-12-18,2026-12-18,personal,Koshi,retail,salaried,26,M,married,bachelor,50933,692,107378,15.68,12,guarantee,0.2515,0.4966,101255.33,12644.33,30_dpd,40,0,29065.7,0.0,2025-Q4,0,0.0
L001472,B01638,2021-11-07,2025-11-07,SME,Gandaki,services,agriculture,24,F,single,secondary,55378,625,604055,17.32,48,guarantee,0.4,0.3569,564554.8,80590.65,current,0,0,560494.19,0.0,2021-Q4,0,0.0
L001473,B01477,2021-04-20,2026-04-20,auto,Koshi,manufacturing,salaried,54,M,married,bachelor,77331,640,143891,13.53,60,cash_deposit,0.4,0.2991,143968.73,17224.72,current,0,0,18332.38,0.0,2021-Q2,0,0.0
L001474,B01360,2025-11-11,2029-11-11,micro,Bagmati,retail,salaried,57,M,married,primary,32781,632,25000,21.64,48,none,0.4,0.7304,23530.57,6874.61,90_dpd,111,0,13483.1,0.0,2025-Q4,1,0.0
L001475,B01030,2024-01-15,2028-01-15,micro,Sudurpashchim,health,informal,50,M,single,master,27750,691,42412,19.98,48,none,0.2566,0.6319,40091.26,6500.85,30_dpd,46,0,22659.28,0.0,2024-Q1,0,0.0
L001476,B00527,2024-09-27,2025-09-27,home,Koshi,retail,salaried,52,F,married,master,59712,770,400008,7.51,12,property,0.0214,0.2574,372422.19,2052.95,current,0,0,214492.88,0.0,2024-Q3,0,0.0
L001477,B00929,2023-07-01,2027-07-01,SME,Karnali,wholesale,salaried,46,M,divorced,bachelor,105329,679,1368663,12.29,48,guarantee,0.3539,0.4997,1269491.05,224516.58,30_dpd,49,0,1239166.82,0.0,2023-Q3,0,0.0
L001478,B00197,2021-01-01,2024-01-01,micro,Bagmati,education,salaried,53,F,married,bachelor,32400,702,73455,15.19,36,none,0.2046,0.6989,74387.63,10635.63,current,0,0,28250.66,0.0,2021-Q1,0,0.0
L001479,B01061,2021-01-15,2022-01-15,personal,Madhesh,health,business_owner,26,F,single,master,144474,781,65568,16.45,12,guarantee,0.0431,0.4189,65791.35,1188.98,current,0,0,46821.4,0.0,2021-Q1,0,0.0
L001480,B01220,2025-09-22,2027-09-22,home,Sudurpashchim,agriculture,business_owner,28,M,married,bachelor,167495,705,997170,8.21,24,property,0.162,0.319,925340.32,47816.83,90_dpd,116,0,142082.25,0.0,2025-Q3,1,0.0
L001481,B01408,2026-01-10,2030-01-10,auto,Karnali,services,salaried,70,F,single,secondary,56790,651,387329,13.58,48,vehicle,0.4,0.432,389529.61,67306.1,current,0,0,194526.01,0.0,2026-Q1,0,0.0
L001482,B00904,2021-06-05,2022-06-05,personal,Madhesh,wholesale,salaried,62,M,married,secondary,74913,780,75067,13.87,12,guarantee,0.0438,0.2821,78039.85,964.24,current,0,0,76575.37,0.0,2021-Q2,0,0.0
L001483,B00691,2023-10-04,2024-10-04,SME,Lumbini,agriculture,agriculture,28,O,married,secondary,47832,700,402749,13.13,12,cash_deposit,0.1833,0.2755,410879.3,20748.45,30_dpd,40,0,202297.79,0.0,2023-Q4,0,0.0
L001484,B01734,2025-09-26,2028-09-26,home,Bagmati,construction,salaried,33,M,single,master,71720,607,270871,10.74,36,guarantee,0.4,0.4191,258809.27,43384.85,current,0,0,183431.42,0.0,2025-Q3,0,0.0
L001485,B00244,2022-07-20,2027-07-20,home,Madhesh,education,informal,53,M,single,secondary,28078,705,1939132,15.69,60,property,0.162,0.2059,2077403.93,69313.88,30_dpd,43,0,1095847.4,0.0,2022-Q3,0,0.0
L001486,B00722,2021-08-22,2023-08-22,personal,Koshi,wholesale,informal,35,F,single,secondary,67978,603,77975,19.08,24,cash_deposit,0.4,0.2503,72745.42,7282.5,current,0,0,15581.58,0.0,2021-Q3,0,0.0
L001487,B01654,2026-03-10,2027-03-10,auto,Koshi,health,salaried,63,M,married,master,62267,727,90862,12.69,12,vehicle,0.0898,0.5578,88436.79,4427.47,90_dpd,99,0,32502.47,0.0,2026-Q1,1,0.0
L001488,B01585,2025-12-18,2027-12-18,SME,Lumbini,services,self-employed,63,F,divorced,master,100660,646,752457,14.95,24,property,0.4,0.2777,734946.02,81647.77,60_dpd,84,0,507655.51,0.0,2025-Q4,0,0.0
L001489,B00258,2025-07-29,2028-07-29,SME,Bagmati,retail,salaried,27,M,married,bachelor,93588,674,1118302,15.69,36,guarantee,0.325,0.4581,1130785.25,168331.29,current,0,0,1092226.74,0.0,2025-Q3,0,0.0
L001490,B00664,2026-04-16,2030-04-16,auto,Bagmati,services,agriculture,68,M,single,master,89764,750,269396,17.0,48,vehicle,0.0443,0.4667,286831.74,5932.3,90_dpd,117,0,234202.05,0.0,2026-Q2,1,0.0
L001491,B00476,2021-03-22,2025-03-22,auto,Lumbini,construction,self-employed,21,F,single,bachelor,60804,598,469188,12.3,48,guarantee,0.4,0.3458,483617.51,66896.53,30_dpd,55,0,474797.03,0.0,2021-Q1,0,0.0
L001492,B01708,2022-05-24,2026-05-24,personal,Gandaki,agriculture,informal,48,F,single,bachelor,56366,681,134635,16.1,48,guarantee,0.372,0.5428,134098.31,27077.99,current,0,0,25386.27,0.0,2022-Q2,0,0.0
L001493,B01263,2024-08-31,2030-08-31,home,Sudurpashchim,retail,self-employed,63,M,single,bachelor,90257,604,1432324,9.55,72,property,0.4,0.4011,1480068.74,237452.31,current,0,0,798526.08,0.0,2024-Q3,0,0.0
L001494,B00949,2024-08-16,2026-08-16,SME,Koshi,services,self-employed,23,F,married,master,76684,698,1135196,13.77,24,property,0.1924,0.1698,1118802.94,36547.82,30_dpd,32,0,525603.14,0.0,2024-Q3,0,0.0
L001495,B01166,2021-05-21,2023-05-21,personal,Madhesh,agriculture,salaried,58,M,married,secondary,81067,744,49832,11.2,24,guarantee,0.0838,0.4225,49336.46,1747.21,30_dpd,53,0,36712.83,0.0,2021-Q2,0,0.0
L001496,B00653,2024-12-27,2026-12-27,auto,Madhesh,health,agriculture,62,M,single,phd,62372,776,384143,13.78,24,vehicle,0.0166,0.4228,387096.06,2716.37,current,0,0,229726.97,0.0,2024-Q4,0,0.0
L001497,B01661,2024-09-08,2026-03-08,micro,Lumbini,retail,salaried,54,M,single,master,87821,648,25000,18.69,18,none,0.4,0.6417,26985.67,6926.67,current,0,0,12722.08,0.0,2024-Q3,0,0.0
L001498,B00164,2024-04-18,2025-10-18,personal,Madhesh,services,salaried,49,F,married,bachelor,59874,525,124013,10.98,18,guarantee,0.4,0.5327,125672.56,26778.41,closed,0,0,0.0,0.0,2024-Q2,0,0.0
L001499,B00937,2025-11-19,2027-11-19,SME,Karnali,wholesale,agriculture,42,M,single,secondary,58257,628,779174,13.03,24,property,0.4,0.3878,832438.78,129115.35,closed,0,0,0.0,0.0,2025-Q4,0,0.0
L001500,B01527,2024-06-16,2025-12-16,home,Sudurpashchim,health,agriculture,44,M,married,master,51376,675,1103908,13.48,18,property,0.3187,0.3376,1176958.99,126632.06,current,0,0,657027.52,0.0,2024-Q2,0,0.0
L001501,B01734,2025-04-15,2026-04-15,SME,Bagmati,construction,salaried,33,M,single,master,71720,604,871954,18.88,12,guarantee,0.4,0.3791,842853.95,127815.76,current,0,0,620255.64,0.0,2025-Q2,0,0.0
L001502,B00555,2024-04-07,2029-04-07,personal,Sudurpashchim,health,salaried,37,F,widowed,secondary,78826,672,69700,14.09,60,none,0.3678,0.85,72693.86,22728.42,60_dpd,60,0,69542.09,0.0,2024-Q2,0,0.0
L001503,B00132,2026-01-26,2029-01-26,SME,Koshi,retail,agriculture,47,F,married,secondary,86380,552,946258,14.43,36,guarantee,0.4,0.4427,1004224.0,177827.69,current,0,0,528374.91,0.0,2026-Q1,0,0.0
L001504,B01106,2022-01-22,2026-01-22,home,Karnali,retail,salaried,55,M,single,bachelor,94623,632,862610,12.86,48,property,0.4,0.3484,869991.81,121229.89,current,0,0,118782.04,0.0,2022-Q1,0,0.0
L001505,B01419,2024-10-04,2029-10-04,home,Sudurpashchim,manufacturing,salaried,63,F,married,master,60489,736,1239132,16.56,60,property,0.0689,0.2161,1206575.34,17967.65,current,0,0,482386.92,0.0,2024-Q4,0,0.0
L001506,B01015,2021-11-15,2023-11-15,home,Karnali,agriculture,self-employed,51,F,married,phd,35661,780,628552,14.41,24,guarantee,0.0138,0.4185,625218.0,3609.12,current,0,0,604796.91,0.0,2021-Q4,0,0.0
L001507,B01676,2024-03-16,2025-03-16,auto,Madhesh,retail,agriculture,23,M,single,bachelor,28504,600,142572,13.7,12,vehicle,0.4,0.3529,150563.92,21253.47,30_dpd,59,0,105722.28,0.0,2024-Q1,0,0.0
L001508,B01006,2026-03-20,2028-03-20,personal,Lumbini,retail,business_owner,68,M,married,secondary,142629,718,88595,17.6,24,none,0.1453,0.7279,85878.18,9084.33,current,0,0,54613.53,0.0,2026-Q1,0,0.0
L001509,B01434,2025-11-04,2030-11-04,home,Sudurpashchim,education,salaried,61,M,single,secondary,55596,604,880629,13.54,60,cash_deposit,0.4,0.3277,815854.44,106935.56,current,0,0,473970.27,0.0,2025-Q4,0,0.0
L001510,B01261,2023-06-15,2025-06-15,micro,Sudurpashchim,health,salaried,47,F,single,bachelor,53335,640,78738,15.74,24,none,0.4,0.7502,78464.0,23544.62,current,0,0,77790.96,0.0,2023-Q2,0,0.0
L001511,B00692,2025-07-14,2028-07-14,personal,Lumbini,services,salaried,61,F,married,bachelor,70881,694,106281,18.15,36,guarantee,0.2415,0.5822,100702.9,14157.74,current,0,0,72888.56,0.0,2025-Q3,0,0.0
L001512,B01797,2022-07-14,2024-07-14,auto,Koshi,wholesale,salaried,37,M,single,bachelor,52337,643,420791,11.76,24,vehicle,0.4,0.5421,407744.84,88419.47,current,0,0,86934.04,0.0,2022-Q3,0,0.0
L001513,B01755,2021-04-14,2025-04-14,personal,Koshi,services,agriculture,36,F,married,secondary,52969,755,195737,15.51,48,cash_deposit,0.0674,0.241,182559.96,2966.81,closed,0,0,0.0,0.0,2021-Q2,0,0.0
L001514,B00085,2024-02-29,2028-02-29,micro,Sudurpashchim,health,salaried,41,M,single,master,78553,746,27496,18.23,48,guarantee,0.0805,0.3166,26374.94,672.09,30_dpd,53,0,15187.32,0.0,2024-Q1,0,0.0
L001515,B00313,2026-04-03,2028-04-03,personal,Sudurpashchim,wholesale,salaried,38,M,married,master,53918,681,98968,17.41,24,none,0.312,0.7864,98244.09,24105.62,current,0,0,73266.23,0.0,2026-Q2,0,0.0
L001516,B01549,2025-02-20,2030-02-20,personal,Lumbini,education,salaried,30,F,divorced,bachelor,73378,617,48079,18.63,60,guarantee,0.4,0.4415,47842.59,8449.3,30_dpd,39,0,46669.32,0.0,2025-Q1,0,0.0
L001517,B00586,2026-01-29,2031-01-29,personal,Lumbini,construction,self-employed,52,M,married,bachelor,64800,746,49909,16.67,60,none,0.0805,0.7896,48431.42,3078.17,90_dpd,115,0,20367.12,0.0,2026-Q1,1,0.0
L001518,B00296,2023-12-29,2025-12-29,personal,Sudurpashchim,retail,informal,53,F,married,primary,54236,722,107181,16.45,24,guarantee,0.1333,0.4233,99406.2,5610.7,current,0,0,43178.28,0.0,2023-Q4,0,0.0
L001519,B00932,2021-04-28,2023-04-28,micro,Gandaki,manufacturing,informal,28,M,married,secondary,52042,720,40372,18.97,24,none,0.1392,0.7803,40192.28,4365.69,closed,0,0,0.0,0.0,2021-Q2,0,0.0
L001520,B00182,2025-09-20,2031-09-20,personal,Sudurpashchim,education,self-employed,48,F,married,bachelor,99166,735,133140,16.06,72,cash_deposit,0.101,0.2817,135324.37,3850.59,current,0,0,82035.57,0.0,2025-Q3,0,0.0
L001521,B01268,2021-08-27,2026-08-27,SME,Bagmati,services,self-employed,26,M,married,secondary,45356,629,588897,15.8,60,vehicle,0.4,0.4652,569860.63,106041.12,current,0,0,285958.96,0.0,2021-Q3,0,0.0
L001522,B01580,2024-03-02,2025-09-02,home,Gandaki,services,informal,64,M,divorced,bachelor,15777,661,891318,14.76,18,guarantee,0.4,0.4054,854421.77,138564.65,current,0,0,331577.24,0.0,2024-Q1,0,0.0
L001523,B00513,2022-10-08,2028-10-08,auto,Lumbini,manufacturing,business_owner,51,F,married,phd,155435,780,165699,11.45,72,vehicle,0.0138,0.4343,164110.32,983.12,current,0,0,108850.42,0.0,2022-Q4,0,0.0
L001524,B00251,2021-01-21,2026-01-21,personal,Sudurpashchim,services,salaried,56,O,single,master,82522,663,94039,14.47,60,none,0.4,0.6518,98791.92,25755.74,current,0,0,67515.39,0.0,2021-Q1,0,0.0
L001525,B00184,2022-06-23,2028-06-23,micro,Lumbini,construction,self-employed,59,M,single,bachelor,70695,583,25000,17.15,72,none,0.4,0.728,25687.22,7479.89,current,0,0,14302.45,0.0,2022-Q2,0,0.0
L001526,B01723,2024-02-14,2026-02-14,personal,Koshi,retail,self-employed,44,M,married,secondary,84648,676,117482,13.94,24,cash_deposit,0.3424,0.2398,110467.59,9068.93,current,0,0,101283.73,0.0,2024-Q1,0,0.0
L001527,B00789,2021-06-02,2024-06-02,home,Bagmati,agriculture,self-employed,55,F,married,secondary,106937,630,328516,12.0,36,guarantee,0.4,0.3723,310486.75,46240.31,current,0,0,276668.93,0.0,2021-Q2,0,0.0
L001528,B01273,2024-11-26,2026-11-26,personal,Bagmati,retail,agriculture,63,M,single,primary,56881,791,117853,16.45,24,guarantee,0.0375,0.4927,125945.72,2326.48,30_dpd,59,0,111643.41,0.0,2024-Q4,0,0.0
L001529,B00853,2025-10-20,2026-10-20,home,Lumbini,manufacturing,salaried,35,F,married,secondary,65898,600,827884,13.87,12,guarantee,0.4,0.5187,806659.66,167360.94,60_dpd,86,0,181694.64,0.0,2025-Q4,0,0.0
L001530,B01177,2022-05-11,2028-05-11,personal,Gandaki,retail,salaried,49,F,single,secondary,57121,622,120348,18.45,72,none,0.4,0.6418,116191.32,29828.15,current,0,0,95342.61,0.0,2022-Q2,0,0.0
L001531,B01163,2024-06-01,2027-06-01,personal,Karnali,services,informal,25,M,married,bachelor,55434,553,301125,18.15,36,cash_deposit,0.4,0.3093,321561.3,39782.03,30_dpd,42,0,223721.58,0.0,2024-Q2,0,0.0
L001532,B01051,2024-02-14,2025-02-14,personal,Sudurpashchim,retail,self-employed,46,M,married,secondary,126720,737,28584,18.26,12,cash_deposit,0.0969,0.2386,26390.26,609.9,current,0,0,22382.56,0.0,2024-Q1,0,0.0
L001533,B01054,2024-07-01,2025-07-01,personal,Koshi,education,self-employed,57,F,single,primary,60616,674,71177,13.37,12,none,0.355,0.6635,68542.41,16142.9,current,0,0,16929.56,0.0,2024-Q3,0,0.0
L001534,B00621,2022-02-10,2025-02-10,home,Bagmati,education,agriculture,25,M,married,bachelor,50546,675,3577022,10.48,36,cash_deposit,0.3187,0.2497,3842972.25,305812.17,current,0,0,389799.38,0.0,2022-Q1,0,0.0
L001535,B00768,2026-01-12,2028-01-12,SME,Bagmati,retail,salaried,50,M,married,bachelor,77489,774,376698,13.08,24,guarantee,0.0181,0.3134,371574.48,2109.92,30_dpd,42,0,209707.47,0.0,2026-Q1,0,0.0
L001536,B01730,2021-08-06,2026-08-06,auto,Sudurpashchim,retail,salaried,38,M,married,primary,86847,814,116682,12.78,60,cash_deposit,0.005,0.2479,118195.93,146.5,60_dpd,73,0,97124.76,0.0,2021-Q3,0,0.0
L001537,B00102,2021-08-21,2024-08-21,SME,Karnali,wholesale,agriculture,44,M,married,bachelor,49687,710,636674,15.68,36,property,0.1426,0.3242,650565.49,30073.61,30_dpd,48,0,442712.55,0.0,2021-Q3,0,0.0
L001538,B00247,2026-04-27,2029-04-27,home,Lumbini,retail,self-employed,36,M,married,bachelor,80620,760,2419781,10.27,36,guarantee,0.0314,0.3121,2560866.59,25073.06,current,0,0,2100477.72,0.0,2026-Q2,0,0.0
L001539,B00835,2026-03-10,2030-03-10,personal,Sudurpashchim,construction,salaried,37,M,single,secondary,87983,721,41510,14.65,48,guarantee,0.1362,0.4331,42617.02,2514.68,current,0,0,33157.41,0.0,2026-Q1,0,0.0
L001540,B01382,2021-05-19,2026-05-19,personal,Madhesh,agriculture,self-employed,40,F,married,primary,134619,698,271862,13.51,60,none,0.2224,0.7088,271514.74,42800.92,90_dpd,112,0,139931.99,0.0,2021-Q2,1,0.0
L001541,B01119,2023-05-25,2026-05-25,personal,Karnali,retail,salaried,60,M,married,bachelor,60010,700,38771,13.74,36,none,0.2133,0.6747,41569.1,5983.35,60_dpd,66,0,14141.09,0.0,2023-Q2,0,0.0
L001542,B01575,2026-01-23,2029-01-23,home,Madhesh,retail,salaried,37,F,married,bachelor,54576,629,1620788,8.4,36,cash_deposit,0.4,0.2718,1647795.0,179146.02,90_dpd,118,0,318648.82,0.0,2026-Q1,1,0.0
L001543,B00757,2025-10-30,2026-10-30,personal,Lumbini,education,salaried,49,F,single,bachelor,81734,671,59810,19.44,12,cash_deposit,0.4,0.3023,55667.95,6730.81,current,0,0,47116.35,0.0,2025-Q4,0,0.0
L001544,B01530,2022-07-20,2024-07-20,personal,Gandaki,education,salaried,51,M,single,master,131222,715,90505,14.77,24,cash_deposit,0.215,0.3264,88397.59,6204.68,current,0,0,46263.8,0.0,2022-Q3,0,0.0
L001545,B01606,2023-02-01,2028-02-01,auto,Koshi,agriculture,salaried,62,M,married,master,52311,568,294940,15.45,60,vehicle,0.4,0.5576,308054.64,68712.96,current,0,0,177620.0,0.0,2023-Q1,0,0.0
L001546,B01204,2025-09-18,2026-09-18,auto,Madhesh,retail,agriculture,46,F,married,secondary,73370,678,112130,11.22,12,vehicle,0.3,0.4466,113628.26,15225.3,30_dpd,36,0,25683.57,0.0,2025-Q3,0,0.0
L001547,B00993,2024-08-23,2025-08-23,personal,Sudurpashchim,manufacturing,informal,61,F,married,secondary,44563,667,97842,20.06,12,none,0.4,0.7437,100427.97,29874.55,30_dpd,38,0,95074.93,0.0,2024-Q3,0,0.0
L001548,B01508,2021-11-12,2022-11-12,auto,Lumbini,retail,salaried,23,F,married,bachelor,73890,755,558636,14.46,12,vehicle,0.0374,0.3813,577160.74,8235.49,90_dpd,96,0,456550.78,0.0,2021-Q4,1,0.0
L001549,B01448,2021-09-23,2026-09-23,auto,Koshi,retail,agriculture,26,F,divorced,bachelor,40083,647,829372,16.48,60,vehicle,0.4,0.2888,811437.33,93726.33,current,0,0,806810.44,0.0,2021-Q3,0,0.0
L001550,B00512,2024-11-22,2025-11-22,auto,Karnali,wholesale,salaried,54,F,married,bachelor,76135,639,187299,10.93,12,vehicle,0.4,0.4708,174065.92,32778.06,closed,0,0,0.0,0.0,2024-Q4,0,0.0
L001551,B00361,2021-01-25,2023-01-25,SME,Bagmati,services,informal,66,M,divorced,phd,38272,552,1401894,11.37,24,vehicle,0.4,0.5535,1359529.48,300984.47,current,0,0,1119411.22,0.0,2021-Q1,0,0.0
L001552,B00546,2022-08-20,2027-08-20,home,Karnali,retail,self-employed,49,M,single,bachelor,113021,665,908024,13.4,60,property,0.3845,0.3036,893473.92,104282.57,current,0,0,875903.17,0.0,2022-Q3,0,0.0
L001553,B00240,2022-06-04,2025-06-04,home,Bagmati,education,agriculture,42,M,married,bachelor,50983,650,502688,9.96,36,cash_deposit,0.4,0.412,511881.24,84349.32,30_dpd,37,0,270421.14,0.0,2022-Q2,0,0.0
L001554,B01312,2025-03-24,2026-03-24,auto,Madhesh,manufacturing,agriculture,22,O,married,secondary,37449,707,172945,12.21,12,vehicle,0.154,0.4545,183188.89,12824.69,30_dpd,39,0,69627.29,0.0,2025-Q1,0,0.0
L001555,B00038,2022-04-13,2025-04-13,home,Madhesh,agriculture,agriculture,23,M,married,master,35847,712,463155,14.52,36,property,0.1354,0.1895,438277.63,11244.92,current,0,0,127779.61,0.0,2022-Q2,0,0.0
L001556,B00696,2021-03-25,2025-03-25,SME,Sudurpashchim,agriculture,salaried,33,F,married,secondary,58456,687,534266,14.08,48,vehicle,0.2479,0.3684,491858.02,44917.01,closed,0,0,0.0,0.0,2021-Q1,0,0.0
L001557,B01523,2026-05-22,2030-05-22,home,Sudurpashchim,wholesale,salaried,69,F,married,secondary,65403,678,1748485,11.45,48,property,0.3,0.2929,1712070.25,150459.63,90_dpd,108,0,1603588.57,0.0,2026-Q2,1,0.0
L001558,B00805,2022-10-10,2023-10-10,home,Bagmati,education,self-employed,30,F,married,master,72947,685,448448,13.71,12,property,0.2589,0.301,472320.38,36816.79,current,0,0,358941.9,0.0,2022-Q4,0,0.0
L001559,B01201,2024-07-21,2026-07-21,auto,Gandaki,health,salaried,66,F,married,secondary,71223,846,196104,14.3,24,guarantee,0.0537,0.3111,184602.69,3082.89,current,0,0,24598.35,0.0,2024-Q3,0,0.0
L001560,B00973,2025-09-14,2028-09-14,personal,Gandaki,services,agriculture,40,M,married,bachelor,71732,712,33728,14.51,36,guarantee,0.1654,0.4535,34023.22,2551.64,90_dpd,112,0,29228.21,0.0,2025-Q3,1,0.0
L001561,B00616,2026-03-20,2027-03-20,SME,Karnali,health,self-employed,34,M,single,master,132734,726,629114,10.4,12,cash_deposit,0.0923,0.3099,650982.95,18629.85,90_dpd,105,0,72591.11,0.0,2026-Q1,1,0.0
L001562,B00801,2022-10-21,2025-10-21,micro,Lumbini,agriculture,salaried,43,M,married,bachelor,57128,747,31388,14.7,36,none,0.0789,0.85,33126.18,2221.26,current,0,0,13240.05,0.0,2022-Q4,0,0.0
L001563,B01309,2022-01-30,2023-01-30,SME,Bagmati,construction,self-employed,34,F,single,secondary,76666,569,575785,18.6,12,guarantee,0.4,0.3389,611575.57,82901.03,closed,0,0,0.0,0.0,2022-Q1,0,0.0
L001564,B01555,2021-04-25,2026-04-25,micro,Sudurpashchim,retail,agriculture,41,M,married,bachelor,65745,706,55634,18.25,60,guarantee,0.188,0.4354,53362.8,4367.14,current,0,0,52458.3,0.0,2021-Q2,0,0.0
L001565,B00890,2024-09-11,2025-09-11,SME,Gandaki,retail,salaried,24,M,single,bachelor,68461,746,229494,12.0,12,vehicle,0.0505,0.5331,211182.06,5684.46,current,0,0,27782.57,0.0,2024-Q3,0,0.0
L001566,B00979,2023-08-20,2025-08-20,SME,Madhesh,services,business_owner,65,F,widowed,primary,107174,691,831344,12.65,24,guarantee,0.2266,0.3572,839742.32,67963.84,current,0,0,126097.1,0.0,2023-Q3,0,0.0
L001567,B01636,2024-06-13,2030-06-13,SME,Gandaki,retail,salaried,50,F,married,master,48718,690,172265,15.11,72,property,0.2318,0.3323,173904.54,13394.08,current,0,0,54985.38,0.0,2024-Q2,0,0.0
L001568,B00209,2022-03-15,2024-03-15,micro,Bagmati,services,self-employed,59,F,married,bachelor,89873,713,69179,20.76,24,cash_deposit,0.1619,0.3592,67126.56,3902.94,current,0,0,63773.33,0.0,2022-Q1,0,0.0
L001569,B01601,2024-03-11,2028-03-11,personal,Bagmati,retail,business_owner,65,M,married,secondary,72379,695,107709,15.0,48,none,0.2366,0.6672,100143.27,15807.99,current,0,0,92167.87,0.0,2024-Q1,0,0.0
L001570,B01343,2025-08-06,2030-08-06,personal,Gandaki,health,business_owner,67,M,married,bachelor,43313,602,79144,12.59,60,cash_deposit,0.4,0.3133,77591.79,9724.91,current,0,0,62296.05,0.0,2025-Q3,0,0.0
L001571,B01394,2026-05-16,2031-05-16,personal,Gandaki,services,salaried,29,M,married,phd,80036,679,47271,18.21,60,none,0.3239,0.7649,44822.49,11107.11,defaulted,115,1,32664.69,2613.51,2026-Q2,1,8493.6
L001572,B01067,2026-05-19,2031-05-19,SME,Lumbini,manufacturing,self-employed,64,F,married,secondary,86167,660,282767,15.3,60,guarantee,0.4,0.3586,298511.89,42812.75,closed,0,0,0.0,0.0,2026-Q2,0,0.0
L001573,B01151,2021-06-24,2024-06-24,personal,Gandaki,wholesale,informal,47,F,married,secondary,63922,706,40801,19.12,36,cash_deposit,0.188,0.238,38766.51,1734.71,30_dpd,55,0,29491.25,0.0,2021-Q2,0,0.0
L001574,B01195,2021-04-04,2024-04-04,auto,Sudurpashchim,health,salaried,58,M,married,master,92722,850,192404,11.48,36,cash_deposit,0.0533,0.4411,178448.49,4194.39,current,0,0,142449.76,0.0,2021-Q2,0,0.0
L001575,B01737,2021-03-20,2024-03-20,auto,Bagmati,agriculture,self-employed,33,M,married,primary,66502,554,277503,11.27,36,vehicle,0.4,0.4448,286554.27,50986.77,current,0,0,274511.45,0.0,2021-Q1,0,0.0
L001576,B01572,2025-04-08,2027-04-08,personal,Bagmati,construction,salaried,38,F,married,primary,62349,762,153088,15.28,24,none,0.0592,0.7242,143293.56,6140.12,30_dpd,40,0,39273.74,0.0,2025-Q2,0,0.0
L001577,B01427,2021-05-10,2022-11-10,personal,Madhesh,retail,business_owner,57,F,single,bachelor,211242,571,98671,11.73,18,guarantee,0.4,0.4161,101956.84,16970.53,current,0,0,84467.83,0.0,2021-Q2,0,0.0
L001578,B01092,2022-09-01,2027-09-01,auto,Bagmati,wholesale,salaried,54,F,single,secondary,48954,533,106483,12.83,60,vehicle,0.4,0.537,103829.37,22302.02,30_dpd,58,0,86590.56,0.0,2022-Q3,0,0.0
L001579,B00378,2021-07-08,2024-07-08,home,Koshi,education,self-employed,38,F,married,secondary,91498,620,1237310,13.72,36,cash_deposit,0.4,0.2797,1195096.74,133704.89,current,0,0,647267.68,0.0,2021-Q3,0,0.0
L001580,B01521,2024-10-06,2026-10-06,micro,Madhesh,services,self-employed,37,F,married,master,118440,672,81295,16.39,24,none,0.4,0.8256,86830.34,28676.32,90_dpd,112,0,29509.2,0.0,2024-Q4,1,0.0
L001581,B01351,2023-08-01,2028-08-01,personal,Bagmati,wholesale,informal,55,F,married,master,47432,716,358095,15.81,60,none,0.1517,0.7315,365320.79,40547.85,current,0,0,84018.7,0.0,2023-Q3,0,0.0
L001582,B00917,2023-05-21,2026-05-21,personal,Karnali,retail,salaried,46,F,married,secondary,58091,580,173657,16.3,36,none,0.4,0.6837,186693.29,51055.23,90_dpd,110,0,88548.38,0.0,2023-Q2,1,0.0
L001583,B00955,2024-01-18,2026-01-18,personal,Bagmati,retail,business_owner,65,F,married,secondary,71581,801,161678,12.23,24,cash_deposit,0.0332,0.4305,152467.39,2179.1,current,0,0,130653.36,0.0,2024-Q1,0,0.0
L001584,B01553,2022-07-22,2024-01-22,SME,Gandaki,services,salaried,43,M,married,master,89783,674,350393,10.74,18,guarantee,0.325,0.4615,370368.55,55553.99,defaulted,111,1,120369.03,13275.94,2022-Q3,1,42278.049999999996
L001585,B01693,2024-04-21,2027-04-21,home,Koshi,services,business_owner,23,M,single,bachelor,78212,723,716065,9.22,36,property,0.1005,0.1428,757137.03,10866.74,current,0,0,312488.51,0.0,2024-Q2,0,0.0
L001586,B00633,2024-04-24,2028-04-24,home,Karnali,education,salaried,34,F,married,phd,78743,670,1076182,10.41,48,cash_deposit,0.3509,0.3556,1020486.29,127346.93,60_dpd,81,0,112295.71,0.0,2024-Q2,0,0.0
L001587,B01275,2024-02-22,2025-08-22,personal,Madhesh,wholesale,salaried,46,M,married,master,52935,661,44421,15.18,18,guarantee,0.4,0.3678,45333.97,6669.46,current,0,0,11008.46,0.0,2024-Q1,0,0.0
L001588,B01618,2022-08-31,2023-08-31,auto,Lumbini,wholesale,salaried,69,O,single,secondary,76194,750,260359,9.14,12,cash_deposit,0.0443,0.2789,275999.53,3410.78,defaulted,114,1,50224.38,445.85,2022-Q3,1,2964.9300000000003
L001589,B00100,2024-07-05,2027-07-05,micro,Bagmati,wholesale,salaried,27,M,single,secondary,82799,700,50290,18.01,36,guarantee,0.2133,0.4953,49068.69,5184.46,closed,0,0,0.0,0.0,2024-Q3,0,0.0
L001590,B00572,2025-07-04,2028-07-04,personal,Madhesh,retail,business_owner,41,M,single,bachelor,146176,676,46884,17.64,36,cash_deposit,0.4,0.2858,49832.88,5695.91,current,0,0,31896.82,0.0,2025-Q3,0,0.0
L001591,B01342,2025-04-23,2028-04-23,home,Gandaki,retail,salaried,28,F,single,bachelor,93695,675,401602,11.52,36,property,0.3187,0.3582,401492.25,45823.62,60_dpd,70,0,349679.2,0.0,2025-Q2,0,0.0
L001592,B01077,2025-01-30,2026-07-30,personal,Sudurpashchim,wholesale,salaried,29,M,divorced,secondary,77137,618,74436,18.75,18,none,0.4,0.8282,79669.84,26393.73,current,0,0,31185.66,0.0,2025-Q1,0,0.0
L001593,B01488,2021-11-25,2023-11-25,micro,Madhesh,retail,salaried,63,F,married,master,76621,702,34772,17.21,24,none,0.2046,0.7483,37186.33,5692.38,current,0,0,27086.06,0.0,2021-Q4,0,0.0
L001594,B00378,2026-01-19,2029-01-19,personal,Koshi,education,self-employed,38,F,married,secondary,91498,634,63126,18.8,36,none,0.4,0.7101,58866.17,16720.18,current,0,0,39453.3,0.0,2026-Q1,0,0.0
L001595,B00766,2024-01-18,2027-01-18,SME,Karnali,education,self-employed,22,M,married,bachelor,66933,739,956449,16.83,36,vehicle,0.0629,0.4392,1028670.54,28419.4,30_dpd,55,0,128982.7,0.0,2024-Q1,0,0.0
L001596,B00405,2023-04-19,2027-04-19,micro,Sudurpashchim,services,agriculture,46,F,single,bachelor,15000,681,49778,22.57,48,guarantee,0.372,0.3401,46703.5,5908.9,current,0,0,6169.15,0.0,2023-Q2,0,0.0
L001597,B01715,2024-05-26,2029-05-26,micro,Sudurpashchim,health,salaried,62,F,married,secondary,83718,625,62203,21.84,60,none,0.4,0.6458,59448.21,15356.66,current,0,0,12738.31,0.0,2024-Q2,0,0.0
L001598,B01227,2023-01-19,2026-01-19,auto,Karnali,wholesale,salaried,34,M,married,bachelor,105587,719,166751,12.15,36,cash_deposit,0.1122,0.391,174054.32,7637.94,current,0,0,38126.03,0.0,2023-Q1,0,0.0
L001599,B00840,2026-05-06,2028-05-06,micro,Karnali,retail,agriculture,57,M,married,secondary,71191,736,48939,19.49,24,none,0.0989,0.7078,51123.77,3579.37,30_dpd,38,0,39441.14,0.0,2026-Q2,0,0.0
L001600,B01782,2024-12-01,2025-12-01,personal,Lumbini,services,salaried,38,F,married,bachelor,83407,790,67266,13.57,12,cash_deposit,0.038,0.3556,72350.79,977.43,30_dpd,35,0,62549.47,0.0,2024-Q4,0,0.0
L001601,B00619,2025-10-20,2030-10-20,auto,Madhesh,wholesale,self-employed,67,M,married,master,63057,767,641340,13.64,60,guarantee,0.0241,0.3057,681295.32,5026.35,current,0,0,429986.47,0.0,2025-Q4,0,0.0
L001602,B01549,2026-05-31,2027-05-31,home,Lumbini,education,salaried,30,F,divorced,bachelor,73378,638,755632,10.47,12,guarantee,0.4,0.5537,749874.77,166092.0,closed,0,0,0.0,0.0,2026-Q2,0,0.0
L001603,B01673,2022-01-23,2024-01-23,SME,Gandaki,construction,salaried,46,F,married,phd,87966,615,489500,14.31,24,property,0.4,0.2528,457201.75,46238.45,current,0,0,390577.82,0.0,2022-Q1,0,0.0
L001604,B00297,2021-08-18,2024-08-18,home,Madhesh,services,self-employed,44,F,single,bachelor,83658,687,289616,11.72,36,guarantee,0.2479,0.4386,309274.57,33624.35,current,0,0,150025.08,0.0,2021-Q3,0,0.0
L001605,B00547,2022-02-17,2023-02-17,auto,Gandaki,services,informal,33,M,single,secondary,50109,754,236056,10.31,12,guarantee,0.0987,0.3565,246645.9,8680.38,current,0,0,168413.16,0.0,2022-Q1,0,0.0
L001606,B01471,2023-06-14,2028-06-14,micro,Bagmati,construction,self-employed,31,M,married,bachelor,115771,677,27611,13.27,60,guarantee,0.3362,0.3642,27956.54,3422.53,current,0,0,23673.52,0.0,2023-Q2,0,0.0
L001607,B01187,2021-03-14,2022-03-14,micro,Gandaki,health,self-employed,46,M,married,secondary,50652,760,25000,17.12,12,guarantee,0.0614,0.4532,23003.85,639.8,current,0,0,13006.56,0.0,2021-Q1,0,0.0
L001608,B01677,2024-10-27,2025-10-27,personal,Bagmati,manufacturing,informal,26,F,single,master,41873,643,197049,10.74,12,guarantee,0.4,0.3487,190734.34,26607.2,current,0,0,152760.87,0.0,2024-Q4,0,0.0
L001609,B00407,2022-05-28,2024-05-28,personal,Bagmati,health,salaried,70,M,married,secondary,86899,566,87772,14.36,24,none,0.4,0.7298,90921.12,26542.99,90_dpd,101,0,86262.02,0.0,2022-Q2,1,0.0
L001610,B01591,2023-03-28,2029-03-28,SME,Sudurpashchim,health,salaried,35,M,single,secondary,85645,629,407483,14.82,72,property,0.4,0.3291,384478.28,50605.98,60_dpd,86,0,268522.2,0.0,2023-Q1,0,0.0
L001611,B01626,2021-03-09,2025-03-09,micro,Koshi,health,salaried,45,M,single,master,52645,626,33803,15.11,48,guarantee,0.4,0.4651,32995.32,6138.11,current,0,0,19043.42,0.0,2021-Q1,0,0.0
L001612,B01317,2024-07-31,2026-07-31,auto,Karnali,education,salaried,58,M,married,secondary,48359,786,1118142,12.32,24,guarantee,0.0101,0.4798,1165064.91,5656.96,30_dpd,57,0,371455.24,0.0,2024-Q3,0,0.0
L001613,B01648,2025-08-20,2031-08-20,micro,Karnali,wholesale,salaried,69,M,married,bachelor,102160,701,72978,17.4,72,none,0.2089,0.7178,67752.09,10159.34,60_dpd,78,0,7343.85,0.0,2025-Q3,0,0.0
L001614,B00763,2022-03-09,2023-09-09,micro,Sudurpashchim,services,salaried,25,M,married,secondary,59215,691,30870,15.9,18,none,0.2566,0.7146,32797.37,6014.18,current,0,0,32705.67,0.0,2022-Q1,0,0.0
L001615,B01052,2025-10-08,2027-10-08,auto,Madhesh,services,business_owner,34,M,married,secondary,137832,694,320352,13.94,24,cash_deposit,0.2115,0.3194,333664.64,22538.54,current,0,0,278960.16,0.0,2025-Q4,0,0.0
L001616,B00769,2021-03-12,2026-03-12,home,Bagmati,retail,business_owner,70,F,married,master,106329,664,842617,12.4,60,property,0.3913,0.3481,853350.38,116229.04,defaulted,95,1,171429.52,37576.58,2021-Q1,1,78652.45999999999
L001617,B00559,2024-11-11,2029-11-11,personal,Gandaki,services,business_owner,46,M,married,primary,123964,691,137698,15.19,60,none,0.2566,0.5832,136426.19,20414.25,defaulted,153,1,75441.24,5651.33,2024-Q4,1,14762.92
L001618,B01665,2021-02-20,2023-02-20,auto,Karnali,services,business_owner,28,F,married,secondary,171228,667,274534,10.97,24,guarantee,0.3709,0.4404,271800.9,44397.72,current,0,0,89759.74,0.0,2021-Q1,0,0.0
L001619,B00560,2026-04-09,2028-04-09,auto,Bagmati,services,salaried,30,M,married,secondary,58127,562,126427,14.02,24,vehicle,0.4,0.4798,132648.62,25458.81,30_dpd,35,0,104145.18,0.0,2026-Q2,0,0.0
L001620,B00226,2022-10-10,2024-04-10,SME,Madhesh,services,self-employed,22,F,married,bachelor,94399,637,794870,8.16,18,guarantee,0.4,0.4399,778923.13,137067.11,current,0,0,773756.67,0.0,2022-Q4,0,0.0
L001621,B00121,2026-01-05,2031-01-05,SME,Karnali,retail,self-employed,32,F,single,secondary,60138,812,592842,14.28,60,guarantee,0.005,0.4282,568003.08,1216.19,30_dpd,52,0,544407.96,0.0,2026-Q1,0,0.0
L001622,B01777,2026-01-19,2029-01-19,home,Karnali,retail,agriculture,52,F,married,secondary,16028,699,577277,11.96,36,cash_deposit,0.1878,0.3254,570428.79,34857.1,current,0,0,293950.52,0.0,2026-Q1,0,0.0
L001623,B00077,2023-02-24,2025-02-24,personal,Koshi,manufacturing,salaried,34,F,single,phd,80069,649,52683,16.68,24,none,0.4,0.7151,50761.05,14519.24,60_dpd,74,0,44114.3,0.0,2023-Q1,0,0.0
L001624,B01279,2025-05-29,2027-05-29,home,Madhesh,retail,agriculture,69,F,married,bachelor,24124,750,1622763,12.17,24,property,0.0443,0.3031,1594797.55,21420.4,current,0,0,549716.53,0.0,2025-Q2,0,0.0
L001625,B01400,2025-02-23,2026-08-23,personal,Bagmati,construction,informal,44,M,married,master,42216,711,52761,19.47,18,cash_deposit,0.169,0.3385,55341.79,3165.16,current,0,0,32494.88,0.0,2025-Q1,0,0.0
L001626,B01592,2025-05-24,2030-05-24,personal,Karnali,retail,salaried,69,F,divorced,bachelor,90852,769,51189,15.55,60,none,0.0523,0.6465,54555.42,1844.58,60_dpd,80,0,35602.25,0.0,2025-Q2,0,0.0
L001627,B00229,2021-08-20,2022-08-20,SME,Bagmati,construction,salaried,52,M,single,master,49914,626,355714,13.59,12,guarantee,0.4,0.37,349583.72,51732.36,30_dpd,55,0,314077.25,0.0,2021-Q3,0,0.0
L001628,B00759,2025-12-22,2028-12-22,home,Gandaki,agriculture,informal,66,F,married,bachelor,56166,665,828742,10.56,36,property,0.4,0.2561,846143.2,86676.47,90_dpd,98,0,601671.8,0.0,2025-Q4,1,0.0
L001629,B01446,2022-01-02,2023-01-02,home,Karnali,services,informal,47,M,single,secondary,45578,609,1238802,14.7,12,guarantee,0.4,0.469,1151786.21,216059.02,current,0,0,441342.9,0.0,2022-Q1,0,0.0
L001630,B01559,2026-05-02,2028-05-02,home,Lumbini,education,informal,35,M,single,bachelor,58241,700,1065042,14.03,24,guarantee,0.1833,0.2721,996645.52,49714.02,closed,0,0,0.0,0.0,2026-Q2,0,0.0
L001631,B00819,2024-05-24,2030-05-24,micro,Gandaki,services,agriculture,52,F,married,primary,53653,598,27420,18.48,72,guarantee,0.4,0.3458,28741.29,3974.99,defaulted,113,1,21608.98,1673.26,2024-Q2,1,2301.7299999999996
L001632,B01293,2021-07-06,2026-07-06,auto,Lumbini,wholesale,salaried,33,M,married,bachelor,81862,612,166255,13.24,60,cash_deposit,0.4,0.2449,163057.39,15975.84,90_dpd,109,0,115988.46,0.0,2021-Q3,1,0.0
L001633,B00219,2025-04-27,2028-04-27,home,Lumbini,education,salaried,48,M,divorced,secondary,76537,623,1459254,7.5,36,guarantee,0.4,0.2861,1515550.26,173418.6,defaulted,154,1,906508.59,62831.63,2025-Q2,1,110586.97
L001634,B00361,2023-07-17,2027-07-17,personal,Bagmati,services,informal,66,M,divorced,phd,38272,638,119195,14.59,48,none,0.4,0.7983,122036.24,38969.68,current,0,0,28928.28,0.0,2023-Q3,0,0.0
L001635,B01083,2021-07-20,2024-07-20,SME,Lumbini,retail,business_owner,50,M,married,secondary,130300,718,991541,13.35,36,property,0.1153,0.3606,945217.33,39307.51,30_dpd,40,0,469595.57,0.0,2021-Q3,0,0.0
L001636,B00305,2025-01-05,2026-07-05,home,Bagmati,construction,agriculture,55,F,married,bachelor,65592,720,1261898,12.61,18,guarantee,0.1692,0.3328,1207455.49,68001.94,30_dpd,49,0,927823.68,0.0,2025-Q1,0,0.0
L001637,B00759,2022-03-19,2027-03-19,personal,Gandaki,agriculture,informal,66,F,married,bachelor,56166,695,138001,18.34,60,guarantee,0.2966,0.3099,134400.23,12352.48,closed,0,0,0.0,0.0,2022-Q1,0,0.0
L001638,B00425,2026-01-05,2028-01-05,micro,Koshi,construction,salaried,22,M,single,secondary,68523,616,74606,15.42,24,cash_deposit,0.4,0.2849,75697.77,8627.78,60_dpd,81,0,35024.89,0.0,2026-Q1,0,0.0
L001639,B00922,2026-03-27,2027-09-27,personal,Koshi,services,salaried,67,F,married,secondary,36392,617,155878,15.31,18,none,0.4,0.6985,159578.38,44585.66,current,0,0,70648.84,0.0,2026-Q1,0,0.0
L001640,B01531,2023-05-25,2024-05-25,home,Madhesh,health,agriculture,41,F,married,secondary,42872,660,735580,15.27,12,property,0.4,0.2962,714948.62,84718.88,current,0,0,482053.81,0.0,2023-Q2,0,0.0
L001641,B00532,2022-04-15,2026-04-15,personal,Koshi,manufacturing,salaried,70,M,married,bachelor,81548,713,105026,16.2,48,cash_deposit,0.1619,0.2562,99516.57,4127.35,current,0,0,91374.17,0.0,2022-Q2,0,0.0
L001642,B01729,2023-11-03,2025-05-03,auto,Madhesh,retail,business_owner,46,M,married,bachelor,176884,637,577756,12.62,18,cash_deposit,0.4,0.4164,584410.44,97337.94,60_dpd,77,0,211945.51,0.0,2023-Q4,0,0.0
L001643,B01276,2025-04-07,2030-04-07,auto,Sudurpashchim,construction,salaried,48,M,widowed,master,74289,724,356894,11.62,60,cash_deposit,0.0977,0.3089,328887.97,9928.08,30_dpd,59,0,210790.93,0.0,2025-Q2,0,0.0
L001644,B01433,2024-04-07,2029-04-07,micro,Gandaki,services,business_owner,56,M,divorced,secondary,135034,736,41788,16.66,60,guarantee,0.0989,0.3781,44773.1,1674.47,90_dpd,93,0,40764.31,0.0,2024-Q2,1,0.0
L001645,B01165,2024-09-08,2029-09-08,SME,Gandaki,retail,business_owner,53,M,married,secondary,201349,615,213149,11.97,60,vehicle,0.4,0.3004,226733.49,27242.35,current,0,0,182629.71,0.0,2024-Q3,0,0.0
L001646,B00203,2022-03-24,2025-03-24,auto,Madhesh,wholesale,business_owner,52,M,married,secondary,155897,650,141211,11.95,36,cash_deposit,0.4,0.2455,147007.82,14438.41,30_dpd,36,0,92406.53,0.0,2022-Q1,0,0.0
L001647,B01568,2025-04-04,2027-04-04,SME,Madhesh,education,business_owner,51,M,married,bachelor,131773,652,1752605,13.41,24,guarantee,0.4,0.6073,1806378.72,438774.47,current,0,0,1633569.45,0.0,2025-Q2,0,0.0
L001648,B00281,2022-01-31,2025-01-31,personal,Madhesh,services,salaried,21,M,married,secondary,47497,686,98952,13.01,36,cash_deposit,0.2834,0.2654,99030.32,7446.46,current,0,0,36263.71,0.0,2022-Q1,0,0.0
L001649,B01765,2026-04-30,2028-04-30,micro,Koshi,manufacturing,self-employed,62,F,married,secondary,125100,757,25000,16.22,24,guarantee,0.0649,0.2714,24498.47,431.51,current,0,0,4710.49,0.0,2026-Q2,0,0.0
L001650,B00697,2023-07-12,2024-07-12,SME,Lumbini,wholesale,salaried,48,F,single,bachelor,67946,702,447156,17.88,12,property,0.1746,0.3611,453116.55,28559.05,current,0,0,78445.63,0.0,2023-Q3,0,0.0
L001651,B01234,2022-02-05,2023-02-05,home,Lumbini,wholesale,agriculture,66,M,married,primary,76205,759,307908,12.68,12,property,0.0325,0.3667,322363.91,3844.17,closed,0,0,0.0,0.0,2022-Q1,0,0.0
L001652,B01560,2021-03-28,2023-03-28,home,Bagmati,wholesale,salaried,27,F,married,bachelor,111866,636,385800,16.31,24,property,0.4,0.2593,360432.53,37379.46,60_dpd,69,0,149974.2,0.0,2021-Q1,0,0.0
L001653,B01299,2023-08-12,2024-08-12,home,Bagmati,health,informal,49,F,single,secondary,35238,691,596587,9.47,12,property,0.2266,0.1842,566364.11,23644.25,30_dpd,50,0,442928.1,0.0,2023-Q3,0,0.0
L001654,B01457,2026-03-20,2028-03-20,micro,Koshi,construction,salaried,37,F,married,bachelor,98842,586,25000,16.15,24,none,0.4,0.7024,23051.87,6476.73,current,0,0,3193.86,0.0,2026-Q1,0,0.0
L001655,B01414,2022-10-16,2024-10-16,auto,Bagmati,retail,self-employed,65,F,single,secondary,75041,630,217550,7.5,24,vehicle,0.4,0.4166,212252.77,35370.87,current,0,0,150467.13,0.0,2022-Q4,0,0.0
L001656,B00454,2023-05-22,2025-05-22,SME,Karnali,agriculture,informal,70,M,married,master,38204,599,664069,14.37,24,property,0.4,0.2285,699154.89,63898.61,current,0,0,223589.39,0.0,2023-Q2,0,0.0
L001657,B00760,2024-09-10,2030-09-10,SME,Madhesh,services,self-employed,55,F,married,master,66323,646,624663,15.86,72,cash_deposit,0.4,0.4203,626199.91,105267.84,defaulted,142,1,348656.67,26681.14,2024-Q3,1,78586.7
L001658,B00068,2021-12-05,2024-12-05,personal,Sudurpashchim,retail,agriculture,62,F,widowed,master,31356,812,62628,12.27,36,guarantee,0.0297,0.3895,58520.67,676.4,60_dpd,67,0,20936.8,0.0,2021-Q4,0,0.0
L001659,B00852,2025-06-02,2026-06-02,auto,Karnali,construction,salaried,50,M,single,master,43796,741,564811,12.22,12,vehicle,0.0591,0.504,568496.61,16944.67,current,0,0,436491.41,0.0,2025-Q2,0,0.0
L001660,B01453,2022-04-03,2025-04-03,home,Gandaki,construction,agriculture,65,M,single,secondary,52155,674,707964,14.14,36,property,0.325,0.245,689554.62,54898.08,current,0,0,441999.01,0.0,2022-Q2,0,0.0
L001661,B00663,2023-09-09,2024-09-09,micro,Karnali,retail,self-employed,28,M,divorced,secondary,95903,713,44806,17.96,12,cash_deposit,0.1619,0.1951,47131.81,1488.18,60_dpd,76,0,29417.05,0.0,2023-Q3,0,0.0
L001662,B00705,2022-01-12,2023-01-12,personal,Karnali,agriculture,business_owner,52,M,married,master,102742,570,66685,17.58,12,none,0.4,0.7507,63839.82,19169.34,60_dpd,73,0,35346.52,0.0,2022-Q1,0,0.0
L001663,B01179,2024-05-27,2025-05-27,auto,Koshi,retail,salaried,24,F,married,master,41132,755,132495,13.38,12,guarantee,0.0974,0.4216,142703.78,5860.83,current,0,0,99791.25,0.0,2024-Q2,0,0.0
L001664,B00228,2023-06-24,2025-06-24,SME,Lumbini,services,salaried,46,M,married,bachelor,68182,650,469887,14.28,24,guarantee,0.4,0.5135,448637.35,92153.32,current,0,0,77908.43,0.0,2023-Q2,0,0.0
L001665,B00221,2025-06-16,2031-06-16,personal,Koshi,construction,self-employed,57,M,married,primary,98647,734,93574,19.6,72,none,0.1032,0.7186,89793.51,6657.67,current,0,0,44969.72,0.0,2025-Q2,0,0.0
L001666,B01471,2025-10-05,2027-10-05,personal,Bagmati,construction,self-employed,31,M,married,bachelor,115771,674,153973,14.83,24,guarantee,0.355,0.4894,156226.17,27142.0,defaulted,141,1,64530.5,9247.94,2025-Q4,1,17894.059999999998
L001667,B01274,2023-07-09,2025-01-09,home,Lumbini,retail,self-employed,42,M,single,bachelor,71262,767,483184,10.59,18,guarantee,0.0241,0.4714,467049.02,5312.65,60_dpd,78,0,413098.64,0.0,2023-Q3,0,0.0
L001668,B00417,2025-04-30,2026-04-30,auto,Gandaki,retail,informal,66,F,married,secondary,35841,605,253866,14.0,12,vehicle,0.4,0.5364,251048.91,53860.39,current,0,0,104574.7,0.0,2025-Q2,0,0.0
L001669,B00909,2026-05-18,2027-05-18,home,Bagmati,construction,self-employed,25,M,divorced,master,95598,701,3796594,12.5,12,property,0.1789,0.3739,4052119.92,271036.28,current,0,0,951558.83,0.0,2026-Q2,0,0.0
L001670,B00295,2024-04-04,2026-04-04,SME,Karnali,services,self-employed,44,F,married,master,87964,704,1320321,12.51,24,property,0.1661,0.2662,1309779.82,57911.94,current,0,0,692620.71,0.0,2024-Q2,0,0.0
L001671,B01384,2025-11-09,2028-11-09,auto,Karnali,manufacturing,agriculture,62,M,married,bachelor,80532,682,389610,11.38,36,vehicle,0.2761,0.4153,388776.04,44587.67,current,0,0,313762.41,0.0,2025-Q4,0,0.0
L001672,B00829,2023-10-09,2024-10-09,home,Sudurpashchim,construction,self-employed,32,F,married,secondary,133502,710,732000,12.05,12,property,0.1426,0.2687,714994.24,27397.82,60_dpd,78,0,367878.7,0.0,2023-Q4,0,0.0
L001673,B00542,2022-10-17,2027-10-17,personal,Koshi,health,informal,60,O,divorced,secondary,21170,715,68873,18.83,60,none,0.155,0.6329,73782.19,7239.52,30_dpd,46,0,46934.35,0.0,2022-Q4,0,0.0
L001674,B00324,2021-12-05,2023-12-05,home,Bagmati,services,salaried,68,M,single,secondary,86396,605,946019,12.59,24,property,0.4,0.2592,976174.24,101214.58,30_dpd,58,0,189126.7,0.0,2021-Q4,0,0.0
L001675,B01390,2021-10-20,2023-04-20,auto,Lumbini,wholesale,self-employed,25,M,married,secondary,86900,590,253307,12.81,18,vehicle,0.4,0.3591,256020.57,36770.17,current,0,0,61147.54,0.0,2021-Q4,0,0.0
L001676,B01008,2021-10-04,2026-10-04,personal,Gandaki,services,salaried,50,M,married,secondary,78920,726,174435,15.9,60,none,0.1223,0.7193,162239.31,14276.83,defaulted,161,1,135958.44,3384.72,2021-Q4,1,10892.11
L001677,B01693,2022-07-02,2023-07-02,micro,Koshi,services,business_owner,23,M,single,bachelor,78212,734,27747,17.01,12,none,0.1032,0.6133,28998.47,1834.76,30_dpd,42,0,15314.96,0.0,2022-Q3,0,0.0
L001678,B01162,2026-04-19,2028-04-19,auto,Lumbini,retail,business_owner,30,M,single,bachelor,149254,577,452223,10.07,24,guarantee,0.4,0.4782,428104.66,81893.62,30_dpd,47,0,415662.21,0.0,2026-Q2,0,0.0
L001679,B01028,2023-04-02,2024-10-02,auto,Lumbini,wholesale,salaried,26,M,married,primary,80421,668,74897,11.75,18,vehicle,0.3642,0.5166,80126.99,15074.39,current,0,0,27644.35,0.0,2023-Q2,0,0.0
L001680,B00771,2024-06-01,2025-12-01,personal,Madhesh,services,self-employed,25,F,single,bachelor,94113,687,75003,15.94,18,guarantee,0.2779,0.4867,77250.64,10446.67,90_dpd,99,0,46341.22,0.0,2024-Q2,1,0.0
L001681,B01679,2026-03-29,2029-03-29,auto,Lumbini,manufacturing,salaried,25,M,married,secondary,85375,629,416451,10.07,36,vehicle,0.4,0.397,411018.36,65267.52,current,0,0,159366.6,0.0,2026-Q1,0,0.0
L001682,B01393,2024-04-08,2028-04-08,SME,Lumbini,services,salaried,50,M,single,secondary,54533,657,401087,11.53,48,guarantee,0.4,0.3739,414144.65,61935.8,defaulted,121,1,87621.6,20528.94,2024-Q2,1,41406.86
L001683,B00101,2024-08-29,2030-08-29,home,Madhesh,retail,salaried,29,M,married,secondary,49515,535,1472830,14.84,72,guarantee,0.4,0.48,1377790.64,264519.47,current,0,0,973986.43,0.0,2024-Q3,0,0.0
L001684,B01642,2025-04-12,2031-04-12,micro,Bagmati,retail,self-employed,68,F,married,secondary,77208,733,39732,16.74,72,none,0.1054,0.6604,40931.1,2848.39,current,0,0,25070.96,0.0,2025-Q2,0,0.0
L001685,B01426,2024-11-30,2029-11-30,auto,Koshi,manufacturing,salaried,43,M,single,primary,85035,643,552162,12.11,60,vehicle,0.4,0.3436,514811.13,70763.83,90_dpd,96,0,395216.15,0.0,2024-Q4,1,0.0
L001686,B00749,2023-05-29,2026-05-29,auto,Madhesh,services,self-employed,47,F,divorced,bachelor,107898,748,327052,13.41,36,cash_deposit,0.0473,0.298,316322.38,4461.38,current,0,0,250165.24,0.0,2023-Q2,0,0.0
L001687,B00801,2025-05-07,2026-11-07,personal,Lumbini,agriculture,salaried,43,M,married,bachelor,57128,757,137845,13.5,18,none,0.0649,0.7238,141272.85,6637.32,current,0,0,135431.38,0.0,2025-Q2,0,0.0
L001688,B01720,2021-10-11,2024-10-11,personal,Sudurpashchim,agriculture,salaried,25,F,married,secondary,79304,723,46354,22.07,36,guarantee,0.1305,0.4021,48319.68,2535.15,current,0,0,27997.58,0.0,2021-Q4,0,0.0
L001689,B01297,2023-02-10,2027-02-10,personal,Sudurpashchim,wholesale,agriculture,52,M,married,master,63975,611,92222,17.11,48,cash_deposit,0.4,0.2989,96982.17,11595.58,current,0,0,71884.3,0.0,2023-Q1,0,0.0
L001690,B00021,2025-08-04,2030-08-04,SME,Karnali,retail,business_owner,50,M,single,secondary,178069,801,1357373,15.16,60,property,0.005,0.3164,1342350.55,2123.89,30_dpd,55,0,791263.2,0.0,2025-Q3,0,0.0
L001691,B00652,2023-07-28,2026-07-28,SME,Madhesh,construction,informal,60,M,single,bachelor,42754,765,685249,14.1,36,cash_deposit,0.0261,0.2229,724338.19,4207.61,current,0,0,669863.85,0.0,2023-Q3,0,0.0
L001692,B00551,2026-02-01,2027-02-01,micro,Karnali,wholesale,self-employed,22,F,single,primary,58401,619,83777,14.22,12,cash_deposit,0.4,0.2981,89188.27,10635.73,30_dpd,44,0,10019.98,0.0,2026-Q1,0,0.0
L001693,B00198,2023-07-11,2026-07-11,personal,Lumbini,agriculture,agriculture,62,M,single,master,60619,707,49506,15.1,36,none,0.184,0.7059,50484.47,6558.46,current,0,0,8231.37,0.0,2023-Q3,0,0.0
L001694,B00030,2025-01-18,2026-01-18,home,Lumbini,retail,agriculture,69,M,married,secondary,66108,705,1257675,9.6,12,property,0.162,0.3278,1330537.57,70654.53,current,0,0,1310838.8,0.0,2025-Q1,0,0.0
L001695,B01441,2021-08-22,2024-08-22,SME,Bagmati,manufacturing,business_owner,32,M,married,master,182006,586,1800000,18.16,36,cash_deposit,0.4,0.3614,1702900.71,246201.46,current,0,0,612304.76,0.0,2021-Q3,0,0.0
L001696,B00327,2024-05-16,2026-05-16,micro,Koshi,agriculture,salaried,27,M,married,secondary,59176,616,44809,18.01,24,guarantee,0.4,0.3456,45691.53,6317.14,current,0,0,31951.04,0.0,2024-Q2,0,0.0
L001697,B00777,2021-05-31,2023-05-31,auto,Sudurpashchim,services,salaried,69,M,divorced,secondary,45416,741,895799,10.16,24,vehicle,0.1191,0.4151,863323.6,42696.08,60_dpd,66,0,724900.02,0.0,2021-Q2,0,0.0
L001698,B01626,2025-01-03,2028-01-03,micro,Koshi,health,salaried,45,M,single,master,52645,651,34047,18.59,36,none,0.4,0.7512,33474.87,10058.76,current,0,0,6929.96,0.0,2025-Q1,0,0.0
L001699,B01159,2025-01-14,2026-01-14,micro,Gandaki,agriculture,salaried,24,F,married,secondary,90770,828,25000,19.31,12,none,0.0261,0.721,25472.37,480.17,90_dpd,92,0,4819.52,0.0,2025-Q1,1,0.0
L001700,B00134,2023-04-19,2028-04-19,SME,Lumbini,services,self-employed,21,F,single,secondary,113122,527,1800000,14.25,60,vehicle,0.4,0.3982,1677264.47,267181.44,60_dpd,89,0,755235.57,0.0,2023-Q2,0,0.0
L001701,B00178,2022-02-09,2024-02-09,micro,Lumbini,education,self-employed,64,F,single,primary,64726,614,33890,16.68,24,none,0.4,0.7109,32834.47,9336.6,current,0,0,28029.02,0.0,2022-Q1,0,0.0
L001702,B00221,2026-05-23,2032-05-23,auto,Koshi,construction,self-employed,57,M,married,primary,98647,722,492592,12.39,72,vehicle,0.1033,0.4817,474843.39,23635.46,30_dpd,39,0,382552.63,0.0,2026-Q2,0,0.0
L001703,B01368,2023-02-02,2025-02-02,SME,Karnali,agriculture,business_owner,27,F,single,secondary,127721,719,752375,17.67,24,guarantee,0.1122,0.4453,733528.33,36658.37,closed,0,0,0.0,0.0,2023-Q1,0,0.0
L001704,B01135,2022-07-17,2026-07-17,auto,Gandaki,retail,self-employed,34,M,divorced,secondary,85301,620,446886,10.73,48,vehicle,0.4,0.4599,474769.23,87329.09,current,0,0,333803.53,0.0,2022-Q3,0,0.0
L001705,B00426,2022-07-08,2025-07-08,SME,Lumbini,agriculture,business_owner,52,F,married,secondary,154489,704,693142,18.15,36,property,0.1661,0.2036,660491.87,22339.74,closed,0,0,0.0,0.0,2022-Q3,0,0.0
L001706,B00191,2022-09-03,2026-09-03,SME,Karnali,retail,agriculture,59,F,single,bachelor,26776,589,348906,17.64,48,guarantee,0.4,0.4248,354323.11,60207.64,30_dpd,46,0,155363.39,0.0,2022-Q3,0,0.0
L001707,B01438,2024-08-04,2027-08-04,auto,Karnali,retail,self-employed,57,M,single,secondary,49381,533,667563,12.46,36,vehicle,0.4,0.4322,679737.13,117509.67,90_dpd,99,0,508297.96,0.0,2024-Q3,1,0.0
L001708,B00199,2022-08-04,2026-08-04,SME,Lumbini,wholesale,business_owner,64,F,single,bachelor,51765,675,357458,12.43,48,vehicle,0.3187,0.3854,373938.41,45917.77,90_dpd,115,0,242881.69,0.0,2022-Q3,1,0.0
L001709,B01074,2024-10-03,2026-10-03,micro,Madhesh,construction,salaried,57,F,married,bachelor,55203,568,76141,19.05,24,none,0.4,0.6293,76765.76,19323.83,current,0,0,61495.03,0.0,2024-Q4,0,0.0
L001710,B01116,2025-10-06,2029-10-06,personal,Koshi,wholesale,agriculture,62,M,single,secondary,42287,678,151203,20.98,48,cash_deposit,0.33,0.3049,157327.52,15832.55,current,0,0,81824.77,0.0,2025-Q4,0,0.0
L001711,B00184,2023-07-20,2028-07-20,SME,Lumbini,construction,self-employed,59,M,single,bachelor,70695,638,664561,12.44,60,cash_deposit,0.4,0.3819,717451.59,109596.32,90_dpd,116,0,671677.46,0.0,2023-Q3,1,0.0
L001712,B00928,2023-03-15,2027-03-15,SME,Bagmati,education,agriculture,37,M,married,secondary,41003,582,797480,12.84,48,cash_deposit,0.4,0.281,858625.92,96500.08,closed,0,0,0.0,0.0,2023-Q1,0,0.0
L001713,B00759,2023-04-06,2024-10-06,auto,Gandaki,agriculture,informal,66,F,married,bachelor,56166,635,259814,15.59,18,guarantee,0.4,0.431,241400.81,41612.97,current,0,0,102690.76,0.0,2023-Q2,0,0.0
L001714,B01142,2023-01-03,2026-01-03,SME,Gandaki,services,informal,27,M,married,primary,15000,789,1242512,12.61,36,vehicle,0.0085,0.4799,1265754.57,5161.62,defaulted,175,1,244308.08,1458.97,2023-Q1,1,3702.6499999999996
L001715,B00601,2021-03-07,2022-03-07,home,Koshi,health,salaried,40,F,divorced,bachelor,38421,498,1210901,14.26,12,property,0.4,0.287,1176340.67,135027.89,90_dpd,90,0,1008191.0,0.0,2021-Q1,1,0.0
L001716,B01581,2021-03-10,2026-03-10,personal,Sudurpashchim,education,agriculture,65,F,married,master,54337,548,63296,16.93,60,guarantee,0.4,0.3931,59535.82,9360.42,closed,0,0,0.0,0.0,2021-Q1,0,0.0
L001717,B01678,2021-01-09,2027-01-09,home,Bagmati,health,informal,25,M,married,phd,53770,747,561755,12.97,72,cash_deposit,0.0489,0.2389,538315.52,6285.9,30_dpd,41,0,215194.57,0.0,2021-Q1,0,0.0
L001718,B01714,2025-08-07,2027-08-07,SME,Madhesh,construction,salaried,32,M,single,secondary,73522,611,217379,11.48,24,property,0.4,0.3825,210102.03,32147.36,current,0,0,125849.82,0.0,2025-Q3,0,0.0
L001719,B00796,2025-11-03,2026-11-03,auto,Gandaki,education,informal,25,M,single,phd,53674,581,323425,16.13,12,cash_deposit,0.4,0.3747,319724.51,47921.14,current,0,0,179301.07,0.0,2025-Q4,0,0.0
L001720,B00881,2021-02-27,2025-02-27,SME,Bagmati,wholesale,agriculture,67,F,married,secondary,67550,730,1526750,14.38,48,property,0.0823,0.3339,1453001.39,39937.93,60_dpd,79,0,1224058.52,0.0,2021-Q1,0,0.0
L001721,B00190,2022-09-03,2027-09-03,SME,Bagmati,wholesale,salaried,23,F,married,bachelor,87081,663,1000244,13.72,60,property,0.3982,0.2595,1051344.52,108642.03,current,0,0,669831.03,0.0,2022-Q3,0,0.0
L001722,B00069,2021-04-28,2022-10-28,auto,Koshi,retail,self-employed,24,F,single,secondary,110769,677,167458,13.31,18,cash_deposit,0.3062,0.1942,157422.85,9358.46,90_dpd,104,0,142427.4,0.0,2021-Q2,1,0.0
L001723,B01108,2025-06-01,2026-06-01,personal,Bagmati,education,self-employed,57,M,single,bachelor,104356,634,87306,19.43,12,none,0.4,0.7365,89719.45,26430.17,60_dpd,84,0,39145.48,0.0,2025-Q2,0,0.0
L001724,B01435,2021-06-08,2024-06-08,personal,Sudurpashchim,retail,business_owner,58,F,married,secondary,112206,691,80006,13.1,36,guarantee,0.2566,0.3855,84497.03,8357.26,closed,0,0,0.0,0.0,2021-Q2,0,0.0
L001725,B00126,2025-08-06,2030-08-06,home,Bagmati,retail,salaried,44,F,married,master,89356,640,406423,8.37,60,guarantee,0.4,0.493,392091.62,77314.7,90_dpd,112,0,309373.17,0.0,2025-Q3,1,0.0
L001726,B00351,2021-07-25,2023-07-25,personal,Gandaki,wholesale,self-employed,68,M,married,master,144943,699,69702,20.62,24,cash_deposit,0.2178,0.2603,70332.01,3987.6,current,0,0,60673.27,0.0,2021-Q3,0,0.0
L001727,B01791,2025-11-14,2027-11-14,auto,Bagmati,education,self-employed,52,F,married,secondary,90124,679,85828,13.59,24,guarantee,0.2939,0.3503,92582.2,9534.25,current,0,0,47706.23,0.0,2025-Q4,0,0.0
L001728,B00239,2021-11-14,2023-11-14,personal,Lumbini,education,salaried,26,M,single,bachelor,117600,655,94656,13.32,24,cash_deposit,0.4,0.3258,94174.08,12274.52,current,0,0,37689.83,0.0,2021-Q4,0,0.0
L001729,B01472,2026-01-14,2029-01-14,SME,Lumbini,wholesale,salaried,56,M,widowed,bachelor,71585,688,905736,17.5,36,property,0.2424,0.1848,864871.02,38754.07,current,0,0,484956.05,0.0,2026-Q1,0,0.0
L001730,B00401,2026-04-19,2030-04-19,SME,Gandaki,wholesale,self-employed,68,M,married,secondary,61615,682,408537,14.44,48,guarantee,0.2761,0.4276,412416.88,48690.25,30_dpd,30,0,316707.29,0.0,2026-Q2,0,0.0
L001731,B01757,2025-06-05,2028-06-05,auto,Sudurpashchim,manufacturing,business_owner,48,F,single,bachelor,205433,701,452645,14.41,36,cash_deposit,0.1789,0.3017,461984.21,24935.0,current,0,0,300849.24,0.0,2025-Q2,0,0.0
L001732,B01324,2023-12-16,2025-12-16,auto,Lumbini,retail,self-employed,52,F,single,master,77372,644,605514,13.21,24,vehicle,0.4,0.4254,562410.12,95710.74,90_dpd,115,0,275370.47,0.0,2023-Q4,1,0.0
L001733,B00450,2021-01-15,2026-01-15,SME,Gandaki,retail,agriculture,55,F,single,secondary,40301,592,433964,14.17,60,cash_deposit,0.4,0.2119,443913.09,37631.95,30_dpd,40,0,45735.03,0.0,2021-Q1,0,0.0
L001734,B01391,2021-03-12,2024-03-12,personal,Madhesh,manufacturing,self-employed,57,M,single,secondary,94880,758,87589,18.51,36,cash_deposit,0.0637,0.1986,93419.65,1181.73,90_dpd,96,0,83962.17,0.0,2021-Q1,1,0.0
L001735,B01034,2024-10-24,2029-10-24,personal,Sudurpashchim,wholesale,business_owner,31,F,married,phd,180930,640,217500,18.44,60,none,0.4,0.7002,215132.58,60254.22,30_dpd,46,0,198083.04,0.0,2024-Q4,0,0.0
L001736,B00602,2024-05-27,2026-05-27,auto,Sudurpashchim,manufacturing,self-employed,68,M,married,master,74517,673,414338,12.71,24,guarantee,0.3314,0.3827,422192.41,53536.64,30_dpd,42,0,361147.92,0.0,2024-Q2,0,0.0
L001737,B01746,2021-08-29,2023-08-29,SME,Gandaki,services,self-employed,54,M,divorced,secondary,103126,664,1335625,13.52,24,cash_deposit,0.3913,0.2726,1441054.5,153704.23,60_dpd,71,0,980042.33,0.0,2021-Q3,0,0.0
L001738,B00547,2025-07-15,2026-07-15,SME,Gandaki,services,informal,33,M,single,secondary,50109,734,597913,14.71,12,guarantee,0.1332,0.5061,601861.43,40565.09,30_dpd,34,0,123908.25,0.0,2025-Q3,0,0.0
L001739,B00938,2024-05-22,2029-05-22,home,Sudurpashchim,agriculture,informal,34,M,single,phd,73193,670,913751,13.35,60,guarantee,0.3509,0.3353,908600.42,106899.8,current,0,0,295875.69,0.0,2024-Q2,0,0.0
L001740,B01034,2024-07-27,2027-07-27,auto,Sudurpashchim,wholesale,business_owner,31,F,married,phd,180930,659,133319,13.14,36,cash_deposit,0.4,0.2933,126213.2,14805.35,90_dpd,99,0,124612.69,0.0,2024-Q3,1,0.0
L001741,B01308,2022-02-11,2025-02-11,micro,Bagmati,retail,self-employed,21,F,married,phd,137093,756,72753,18.69,36,guarantee,0.0662,0.3464,68800.32,1576.74,current,0,0,50159.53,0.0,2022-Q1,0,0.0
L001742,B00898,2025-04-01,2027-04-01,auto,Karnali,services,salaried,70,M,single,secondary,65409,666,319001,14.35,24,guarantee,0.3777,0.4802,313936.69,56930.5,current,0,0,72231.36,0.0,2025-Q2,0,0.0
L001743,B00882,2021-08-13,2023-08-13,SME,Lumbini,construction,informal,43,F,single,secondary,38656,691,371459,14.8,24,guarantee,0.2266,0.3213,371403.37,27036.63,30_dpd,53,0,101713.48,0.0,2021-Q3,0,0.0
L001744,B00375,2024-03-30,2025-03-30,SME,Koshi,retail,informal,43,M,married,bachelor,34892,669,455034,12.05,12,property,0.4,0.2511,471769.73,47383.34,defaulted,113,1,297903.11,4727.73,2024-Q1,1,42655.61
L001745,B01080,2021-09-04,2022-09-04,SME,Lumbini,services,agriculture,44,F,married,master,63029,664,592174,14.96,12,property,0.3913,0.3182,567851.48,70702.67,current,0,0,543125.79,0.0,2021-Q3,0,0.0
L001746,B01709,2022-09-21,2024-09-21,SME,Sudurpashchim,agriculture,agriculture,49,M,divorced,bachelor,72077,615,814326,15.42,24,cash_deposit,0.4,0.262,796085.82,83435.05,30_dpd,31,0,223000.74,0.0,2022-Q3,0,0.0
L001747,B01640,2024-12-07,2026-12-07,SME,Koshi,wholesale,self-employed,57,M,single,secondary,40278,732,308954,12.58,24,property,0.0776,0.138,323196.82,3461.39,60_dpd,67,0,122874.58,0.0,2024-Q4,0,0.0
L001748,B00862,2023-03-06,2024-03-06,home,Sudurpashchim,manufacturing,informal,37,M,married,primary,17965,722,1189142,11.8,12,property,0.1633,0.2405,1099138.2,43175.22,30_dpd,48,0,375837.4,0.0,2023-Q1,0,0.0
L001749,B00378,2023-06-01,2024-12-01,auto,Koshi,education,self-employed,38,F,married,secondary,91498,595,227486,12.75,18,vehicle,0.4,0.5271,232328.65,48987.68,90_dpd,102,0,176182.61,0.0,2023-Q2,1,0.0
L001750,B01440,2021-06-09,2024-06-09,personal,Koshi,services,salaried,58,F,married,secondary,53454,604,132330,16.05,36,none,0.4,0.723,123393.43,35687.1,30_dpd,53,0,85888.94,0.0,2021-Q2,0,0.0
L001751,B00175,2026-02-27,2029-02-27,auto,Sudurpashchim,construction,informal,48,O,married,master,17485,727,359935,13.75,36,vehicle,0.0898,0.526,362515.7,17113.87,current,0,0,83886.79,0.0,2026-Q1,0,0.0
L001752,B00204,2021-01-28,2022-07-28,micro,Gandaki,services,self-employed,44,M,divorced,secondary,45803,643,25000,19.05,18,none,0.4,0.7424,23012.33,6833.28,current,0,0,4295.1,0.0,2021-Q1,0,0.0
L001753,B01058,2022-02-23,2027-02-23,personal,Koshi,education,self-employed,63,M,single,bachelor,104888,698,135254,18.84,60,guarantee,0.2224,0.3846,134653.09,11515.9,30_dpd,33,0,22806.21,0.0,2022-Q1,0,0.0
L001754,B00403,2023-10-14,2025-10-14,home,Bagmati,construction,business_owner,49,M,married,master,121173,600,365178,13.9,24,cash_deposit,0.4,0.2771,360506.58,39961.93,current,0,0,317067.5,0.0,2023-Q4,0,0.0
L001755,B00581,2021-08-06,2024-08-06,micro,Bagmati,wholesale,salaried,68,F,single,bachelor,87554,739,98560,14.8,36,none,0.0929,0.6518,99420.93,6020.73,current,0,0,37836.09,0.0,2021-Q3,0,0.0
L001756,B00677,2021-12-23,2026-12-23,auto,Sudurpashchim,health,agriculture,64,M,married,secondary,50364,721,418238,14.79,60,guarantee,0.1662,0.5024,396939.95,33148.41,60_dpd,87,0,190953.79,0.0,2021-Q4,0,0.0
L001757,B01662,2023-02-13,2025-02-13,personal,Karnali,retail,self-employed,45,F,divorced,bachelor,53867,736,98180,16.84,24,cash_deposit,0.0989,0.3389,104343.66,3498.31,defaulted,177,1,95083.45,1423.45,2023-Q1,1,2074.8599999999997
L001758,B01387,2022-09-13,2024-09-13,personal,Karnali,agriculture,agriculture,43,F,single,secondary,54620,627,190497,14.65,24,none,0.4,0.7069,179976.09,50893.22,60_dpd,65,0,31240.87,0.0,2022-Q3,0,0.0
L001759,B00406,2021-04-22,2023-04-22,home,Koshi,health,salaried,55,M,married,master,91543,670,1554594,10.99,24,property,0.3509,0.1763,1448205.29,89584.96,30_dpd,39,0,807159.95,0.0,2021-Q2,0,0.0
L001760,B00170,2023-08-13,2028-08-13,personal,Karnali,services,agriculture,48,F,married,secondary,15000,654,119645,18.59,60,cash_deposit,0.4,0.3307,127927.2,16922.48,current,0,0,88377.39,0.0,2023-Q3,0,0.0
L001761,B01025,2022-07-29,2028-07-29,home,Bagmati,services,informal,31,M,married,phd,38038,575,616040,13.6,72,property,0.4,0.2534,609215.01,61758.65,current,0,0,418661.61,0.0,2022-Q3,0,0.0
L001762,B01000,2022-03-05,2024-03-05,micro,Lumbini,retail,business_owner,57,F,married,bachelor,156743,684,58366,17.49,24,none,0.2946,0.679,56156.89,11233.05,60_dpd,76,0,43523.58,0.0,2022-Q1,0,0.0
L001763,B00096,2022-02-02,2023-02-02,auto,Sudurpashchim,construction,salaried,35,M,married,master,73798,619,196540,11.18,12,cash_deposit,0.4,0.3296,182775.15,24098.82,60_dpd,68,0,93330.64,0.0,2022-Q1,0,0.0
L001764,B01033,2024-06-01,2028-06-01,home,Koshi,manufacturing,salaried,35,M,married,secondary,30001,610,1035815,13.49,48,property,0.4,0.3437,957431.0,131620.13,current,0,0,272887.31,0.0,2024-Q2,0,0.0
L001765,B01796,2021-08-10,2024-08-10,personal,Lumbini,construction,salaried,61,M,married,secondary,37798,781,137016,19.62,36,none,0.0431,0.8066,138878.73,4832.39,current,0,0,77130.92,0.0,2021-Q3,0,0.0
L001766,B01614,2021-11-24,2024-11-24,micro,Bagmati,retail,informal,55,M,single,bachelor,20052,820,71330,18.01,36,guarantee,0.0277,0.3582,76578.48,760.21,defaulted,104,1,38220.27,66.92,2021-Q4,1,693.2900000000001
L001767,B00008,2022-02-12,2025-02-12,auto,Koshi,health,informal,39,M,single,secondary,29288,690,164995,11.82,36,vehicle,0.2918,0.396,156669.45,18103.5,closed,0,0,0.0,0.0,2022-Q1,0,0.0
L001768,B01347,2025-02-20,2026-02-20,auto,Madhesh,wholesale,business_owner,48,F,married,primary,149004,693,302059,12.29,12,vehicle,0.2164,0.4797,309074.6,32089.73,current,0,0,66758.44,0.0,2025-Q1,0,0.0
L001769,B00961,2022-10-31,2023-10-31,home,Sudurpashchim,construction,agriculture,57,F,married,bachelor,54605,663,1972112,13.54,12,property,0.3982,0.254,2057245.81,208041.49,30_dpd,35,0,1183585.38,0.0,2022-Q4,0,0.0
L001770,B01426,2025-02-28,2030-02-28,auto,Koshi,manufacturing,salaried,43,M,single,primary,85035,666,182272,11.09,60,cash_deposit,0.3777,0.3102,177481.23,20791.18,current,0,0,150820.64,0.0,2025-Q1,0,0.0
L001771,B00183,2026-03-21,2028-03-21,auto,Madhesh,services,agriculture,45,F,divorced,secondary,76839,598,191929,14.93,24,vehicle,0.4,0.4014,182383.31,29282.86,current,0,0,25816.27,0.0,2026-Q1,0,0.0
L001772,B00081,2021-07-30,2025-07-30,SME,Madhesh,services,salaried,28,F,married,bachelor,94925,712,181732,15.84,48,property,0.1354,0.1737,194064.03,4564.24,current,0,0,91600.13,0.0,2021-Q3,0,0.0
L001773,B00529,2024-06-19,2028-06-19,SME,Sudurpashchim,retail,informal,40,M,widowed,master,35800,698,422486,11.78,48,guarantee,0.1924,0.5036,394718.68,38241.67,60_dpd,78,0,87713.98,0.0,2024-Q2,0,0.0
L001774,B01051,2025-07-10,2026-07-10,personal,Sudurpashchim,retail,self-employed,46,M,married,secondary,126720,660,83034,17.41,12,none,0.4,0.7196,81111.31,23347.66,current,0,0,80183.25,0.0,2025-Q3,0,0.0
L001775,B01098,2026-06-13,2028-06-13,home,Bagmati,services,self-employed,42,M,married,secondary,89447,643,1196630,11.5,24,property,0.4,0.2435,1138407.02,110889.04,30_dpd,57,0,840477.34,0.0,2026-Q2,0,0.0
L001776,B00215,2025-08-21,2029-08-21,personal,Sudurpashchim,wholesale,agriculture,37,F,married,bachelor,21748,644,82000,14.9,48,guarantee,0.4,0.4299,78560.18,13507.82,60_dpd,71,0,46585.02,0.0,2025-Q3,0,0.0
L001777,B00885,2024-04-24,2025-10-24,auto,Bagmati,services,salaried,31,F,married,phd,67159,710,344203,12.58,18,guarantee,0.1426,0.4894,361967.29,25263.33,90_dpd,118,0,100894.31,0.0,2024-Q2,1,0.0
L001778,B00437,2024-02-06,2030-02-06,SME,Koshi,health,salaried,57,F,married,master,70533,682,728343,15.03,72,cash_deposit,0.2761,0.2723,694884.81,52239.85,60_dpd,89,0,275014.4,0.0,2024-Q1,0,0.0
L001779,B00860,2022-08-19,2024-08-19,auto,Gandaki,manufacturing,salaried,50,F,married,secondary,33486,714,242330,13.05,24,vehicle,0.1284,0.5883,230594.73,17419.23,current,0,0,94468.66,0.0,2022-Q3,0,0.0
L001780,B01206,2023-03-18,2024-03-18,SME,Koshi,retail,self-employed,60,F,married,bachelor,171329,574,848771,15.34,12,guarantee,0.4,0.4176,790683.7,132084.02,defaulted,138,1,337146.85,8020.69,2023-Q1,1,124063.32999999999
L001781,B00764,2023-03-28,2029-03-28,SME,Koshi,manufacturing,salaried,67,F,married,master,63914,652,830751,12.62,72,guarantee,0.4,0.3675,877379.41,128963.48,current,0,0,386648.47,0.0,2023-Q1,0,0.0
L001782,B00813,2021-05-11,2024-05-11,home,Bagmati,services,salaried,65,F,married,secondary,81424,602,1223092,10.97,36,property,0.4,0.2712,1312223.58,142335.52,current,0,0,1041992.71,0.0,2021-Q2,0,0.0
L001783,B01451,2026-02-07,2031-02-07,home,Karnali,education,salaried,54,M,married,primary,51271,585,680348,9.68,60,property,0.4,0.2549,707834.4,72157.32,90_dpd,116,0,121557.43,0.0,2026-Q1,1,0.0
L001784,B00078,2025-09-26,2026-09-26,micro,Bagmati,manufacturing,agriculture,51,M,married,secondary,63259,695,67931,17.68,12,none,0.2366,0.7796,70478.68,12999.61,closed,0,0,0.0,0.0,2025-Q3,0,0.0
L001785,B00730,2023-07-01,2026-07-01,micro,Koshi,education,informal,30,M,married,bachelor,71064,732,79039,15.51,36,guarantee,0.1676,0.4536,74110.61,5635.49,90_dpd,103,0,36566.17,0.0,2023-Q3,1,0.0
L001786,B01085,2025-04-17,2026-10-17,personal,Gandaki,manufacturing,self-employed,69,M,divorced,primary,31378,813,167674,16.81,18,cash_deposit,0.0294,0.3823,155028.55,1742.91,closed,0,0,0.0,0.0,2025-Q2,0,0.0
L001787,B01306,2022-03-12,2027-03-12,SME,Sudurpashchim,wholesale,salaried,39,F,married,secondary,91400,704,671403,13.05,60,property,0.1661,0.3633,618790.4,37345.81,30_dpd,44,0,236780.71,0.0,2022-Q1,0,0.0
L001788,B00860,2024-11-10,2027-11-10,home,Gandaki,manufacturing,salaried,50,F,married,secondary,33486,696,1151921,9.05,36,property,0.2018,0.3017,1233204.87,75063.15,current,0,0,161282.8,0.0,2024-Q4,0,0.0
L001789,B01489,2023-03-18,2024-09-18,auto,Madhesh,agriculture,informal,37,M,widowed,secondary,50444,650,302342,16.45,18,vehicle,0.4,0.3223,326342.1,42073.19,current,0,0,78695.27,0.0,2023-Q1,0,0.0
L001790,B00838,2026-06-13,2031-06-13,home,Sudurpashchim,wholesale,self-employed,43,M,married,bachelor,75250,585,787878,8.2,60,cash_deposit,0.4,0.4194,765656.88,128460.22,30_dpd,38,0,154889.65,0.0,2026-Q2,0,0.0
L001791,B00284,2023-09-06,2026-09-06,SME,Bagmati,services,salaried,25,F,single,secondary,62976,694,820059,17.15,36,property,0.2115,0.2114,812367.13,36314.33,current,0,0,571186.86,0.0,2023-Q3,0,0.0
L001792,B00147,2022-05-24,2025-05-24,auto,Sudurpashchim,agriculture,agriculture,35,M,single,master,67925,840,363077,14.31,36,guarantee,0.005,0.4128,357376.45,737.66,current,0,0,320336.44,0.0,2022-Q2,0,0.0
L001793,B01121,2022-12-12,2024-06-12,SME,Koshi,manufacturing,informal,59,M,married,bachelor,39583,638,558986,16.89,18,vehicle,0.4,0.3754,521795.38,78362.0,closed,0,0,0.0,0.0,2022-Q4,0,0.0
L001794,B01018,2021-01-25,2026-01-25,auto,Sudurpashchim,construction,agriculture,56,F,single,bachelor,36472,731,456522,11.54,60,guarantee,0.0799,0.447,460497.82,16457.41,90_dpd,107,0,316805.52,0.0,2021-Q1,1,0.0
L001795,B00507,2025-12-30,2028-12-30,personal,Madhesh,wholesale,salaried,57,M,single,phd,80413,645,154308,11.27,36,none,0.4,0.6203,146832.46,36434.58,closed,0,0,0.0,0.0,2025-Q4,0,0.0
L001796,B01230,2022-12-26,2024-12-26,SME,Koshi,services,salaried,42,M,widowed,bachelor,90849,633,283280,10.5,24,guarantee,0.4,0.4012,305173.74,48972.51,current,0,0,60523.06,0.0,2022-Q4,0,0.0
L001797,B01581,2025-08-05,2027-08-05,SME,Sudurpashchim,education,agriculture,65,F,married,master,54337,598,207038,13.32,24,vehicle,0.4,0.4756,198845.43,37825.86,current,0,0,96239.01,0.0,2025-Q3,0,0.0
L001798,B00278,2024-02-21,2028-02-21,auto,Karnali,education,informal,68,F,single,master,47028,696,383055,14.82,48,guarantee,0.2018,0.3494,389495.44,27459.35,current,0,0,357109.25,0.0,2024-Q1,0,0.0
L001799,B01283,2025-12-02,2029-12-02,personal,Bagmati,retail,self-employed,61,M,widowed,bachelor,129501,701,201108,16.01,48,cash_deposit,0.2089,0.2648,198865.5,11000.39,defaulted,167,1,96759.25,1432.87,2025-Q4,1,9567.52
L001800,B00613,2022-01-14,2025-01-14,personal,Sudurpashchim,services,self-employed,29,F,married,secondary,98938,646,161618,15.47,36,guarantee,0.4,0.2827,159834.51,18075.44,current,0,0,123605.18,0.0,2022-Q1,0,0.0
L001801,B00122,2022-02-19,2023-02-19,personal,Bagmati,retail,business_owner,54,M,married,primary,92587,753,102350,14.76,12,none,0.1301,0.7645,100193.14,9963.58,current,0,0,72318.83,0.0,2022-Q1,0,0.0
L001802,B01082,2022-05-21,2023-05-21,personal,Bagmati,construction,business_owner,55,F,single,master,109525,682,264041,13.73,12,none,0.3661,0.6834,263966.8,66046.46,30_dpd,34,0,47765.21,0.0,2022-Q2,0,0.0
L001803,B00805,2023-03-26,2025-03-26,personal,Bagmati,education,self-employed,30,F,married,master,72947,685,153272,16.33,24,guarantee,0.2889,0.3826,148395.66,16404.58,current,0,0,98007.46,0.0,2023-Q1,0,0.0
L001804,B00185,2021-11-01,2027-11-01,home,Koshi,wholesale,informal,53,M,married,secondary,62478,654,1493428,11.92,72,cash_deposit,0.4,0.2802,1562823.98,175157.34,current,0,0,1338450.0,0.0,2021-Q4,0,0.0
L001805,B00265,2022-02-20,2026-02-20,personal,Sudurpashchim,education,salaried,21,M,married,bachelor,51336,635,83066,17.74,48,none,0.4,0.7755,81528.15,25290.55,defaulted,131,1,76735.37,11110.19,2022-Q1,1,14180.359999999999
L001806,B00706,2022-03-28,2025-03-28,home,Lumbini,retail,self-employed,65,F,married,secondary,111939,671,1637288,13.11,36,property,0.3443,0.2726,1585037.17,148807.11,current,0,0,603605.7,0.0,2022-Q1,0,0.0
L001807,B00500,2022-05-15,2024-05-15,auto,Gandaki,services,salaried,46,F,married,master,64736,619,135003,12.7,24,vehicle,0.4,0.3858,142076.69,21924.28,30_dpd,46,0,25274.17,0.0,2022-Q2,0,0.0
L001808,B01040,2021-12-21,2022-12-21,home,Karnali,manufacturing,salaried,26,F,single,secondary,101073,783,1796614,8.1,12,property,0.0119,0.2282,1658799.83,4496.57,30_dpd,34,0,1251475.39,0.0,2021-Q4,0,0.0
L001809,B01437,2024-01-06,2025-01-06,home,Madhesh,wholesale,agriculture,37,F,single,bachelor,31168,666,790339,15.54,12,guarantee,0.4,0.4932,824135.14,162578.71,current,0,0,670262.9,0.0,2024-Q1,0,0.0
L001810,B00231,2022-10-21,2028-10-21,personal,Koshi,wholesale,self-employed,52,F,married,master,141007,721,62858,13.15,72,none,0.1362,0.6617,67552.98,6090.05,60_dpd,71,0,63261.84,0.0,2022-Q4,0,0.0
L001811,B00722,2021-08-30,2026-08-30,personal,Koshi,wholesale,informal,35,F,single,secondary,67978,642,76390,16.91,60,none,0.4,0.6392,77586.87,19837.02,current,0,0,62421.77,0.0,2021-Q3,0,0.0
L001812,B00595,2023-12-31,2027-12-31,auto,Madhesh,services,salaried,45,M,married,master,87604,602,208527,13.87,48,vehicle,0.4,0.4524,197325.78,35711.02,60_dpd,79,0,103296.43,0.0,2023-Q4,0,0.0
L001813,B01555,2022-11-26,2025-11-26,personal,Sudurpashchim,retail,agriculture,41,M,married,bachelor,65745,714,53406,12.15,36,guarantee,0.1584,0.4919,54348.09,4235.18,defaulted,152,1,47775.02,674.15,2022-Q4,1,3561.03
L001814,B00936,2024-03-01,2027-03-01,SME,Gandaki,services,informal,67,O,married,master,56171,687,364511,11.78,36,cash_deposit,0.2479,0.3097,351419.2,26972.16,current,0,0,347899.28,0.0,2024-Q1,0,0.0
L001815,B01312,2023-04-08,2026-04-08,micro,Madhesh,manufacturing,agriculture,22,O,married,secondary,37449,701,38815,18.87,36,none,0.2089,0.5877,40858.49,5015.97,current,0,0,29841.07,0.0,2023-Q2,0,0.0
L001816,B00655,2023-02-14,2026-02-14,auto,Lumbini,retail,informal,70,F,married,bachelor,35987,693,110950,13.18,36,vehicle,0.2164,0.4381,118180.59,11205.65,current,0,0,99314.03,0.0,2023-Q1,0,0.0
L001817,B00814,2022-03-09,2025-03-09,SME,Gandaki,manufacturing,informal,33,M,married,bachelor,79503,773,164608,11.21,36,guarantee,0.0189,0.3572,175269.17,1183.71,current,0,0,77930.06,0.0,2022-Q1,0,0.0
L001818,B00061,2025-03-08,2028-03-08,home,Madhesh,services,business_owner,37,F,single,bachelor,143439,683,1675696,13.75,36,property,0.2703,0.3454,1809090.06,168894.09,defaulted,93,1,313567.66,59019.65,2025-Q1,1,109874.44
L001819,B00603,2021-10-16,2026-10-16,home,Bagmati,construction,informal,45,F,single,bachelor,56746,677,683098,12.1,60,guarantee,0.3062,0.3087,672755.62,63594.74,current,0,0,255125.75,0.0,2021-Q4,0,0.0
L001820,B00996,2022-12-08,2025-12-08,SME,Gandaki,wholesale,salaried,46,M,married,master,61974,641,382309,12.69,36,guarantee,0.4,0.4755,384503.3,73131.25,30_dpd,54,0,379746.72,0.0,2022-Q4,0,0.0
L001821,B00079,2024-05-02,2029-05-02,auto,Koshi,retail,salaried,68,M,single,master,53151,682,156097,12.63,60,vehicle,0.2761,0.4444,146169.84,17936.83,30_dpd,47,0,52889.61,0.0,2024-Q2,0,0.0
L001822,B00357,2021-11-27,2026-11-27,auto,Gandaki,manufacturing,salaried,64,M,married,bachelor,57340,614,215353,14.33,60,vehicle,0.4,0.4153,232171.51,38571.15,closed,0,0,0.0,0.0,2021-Q4,0,0.0
L001823,B00848,2021-07-12,2023-07-12,auto,Karnali,health,business_owner,58,F,married,master,171554,542,259891,13.08,24,vehicle,0.4,0.5511,244337.06,53858.48,current,0,0,71031.91,0.0,2021-Q3,0,0.0
L001824,B00739,2021-03-07,2024-03-07,micro,Madhesh,services,salaried,48,O,married,master,53467,699,63148,22.15,36,cash_deposit,0.2178,0.3881,64155.94,5423.43,60_dpd,75,0,58051.42,0.0,2021-Q1,0,0.0
L001825,B01083,2023-08-28,2026-08-28,personal,Lumbini,retail,business_owner,50,M,married,secondary,130300,729,144784,15.22,36,none,0.1147,0.7234,148089.85,12291.23,30_dpd,59,0,53362.88,0.0,2023-Q3,0,0.0
L001826,B01605,2026-05-31,2027-05-31,micro,Lumbini,retail,salaried,55,M,widowed,phd,108708,666,51317,14.45,12,none,0.4,0.7725,51232.52,15831.55,current,0,0,27679.3,0.0,2026-Q2,0,0.0
L001827,B00332,2025-05-02,2028-05-02,personal,Lumbini,education,salaried,32,M,married,primary,90685,677,25000,16.81,36,none,0.3362,0.6936,26859.62,6262.51,90_dpd,101,0,6760.49,0.0,2025-Q2,1,0.0
L001828,B00644,2026-01-19,2027-01-19,SME,Karnali,retail,business_owner,29,F,married,secondary,161523,551,393831,12.6,12,property,0.4,0.2088,370238.07,30920.71,current,0,0,266412.45,0.0,2026-Q1,0,0.0
L001829,B00401,2022-09-27,2024-09-27,personal,Gandaki,wholesale,self-employed,68,M,married,secondary,61615,722,109789,16.49,24,none,0.1333,0.85,108430.95,12288.78,current,0,0,95385.37,0.0,2022-Q3,0,0.0
L001830,B01044,2022-07-10,2028-07-10,home,Bagmati,retail,business_owner,40,M,divorced,bachelor,103088,606,645581,12.54,72,property,0.4,0.3909,650467.01,101696.53,30_dpd,51,0,551425.89,0.0,2022-Q3,0,0.0
L001831,B00652,2023-04-23,2026-04-23,auto,Madhesh,construction,informal,60,M,single,bachelor,42754,739,633029,15.59,36,vehicle,0.0629,0.4966,591080.04,18464.16,current,0,0,99338.45,0.0,2023-Q2,0,0.0
L001832,B01601,2025-12-08,2027-12-08,personal,Bagmati,retail,business_owner,65,M,married,secondary,72379,735,169682,15.15,24,guarantee,0.101,0.3582,156372.89,5657.74,60_dpd,75,0,70992.41,0.0,2025-Q4,0,0.0
L001833,B01467,2022-08-07,2024-02-07,auto,Karnali,manufacturing,informal,49,M,married,master,41761,577,302834,13.23,18,guarantee,0.4,0.3803,289822.46,44084.21,current,0,0,31634.62,0.0,2022-Q3,0,0.0
L001834,B00291,2025-07-10,2030-07-10,auto,Madhesh,services,self-employed,68,O,married,bachelor,138370,717,115236,12.6,60,vehicle,0.1185,0.5449,109381.17,7062.78,60_dpd,73,0,55506.08,0.0,2025-Q3,0,0.0
L001835,B00486,2022-10-08,2027-10-08,SME,Gandaki,health,informal,57,M,married,master,21924,691,1800000,15.01,60,vehicle,0.2266,0.4778,1861570.75,201544.49,30_dpd,39,0,544974.93,0.0,2022-Q4,0,0.0
L001836,B00220,2022-07-30,2025-07-30,personal,Koshi,manufacturing,salaried,43,M,married,bachelor,84488,768,30128,15.47,36,guarantee,0.0532,0.4711,29716.61,744.82,closed,0,0,0.0,0.0,2022-Q3,0,0.0
L001837,B00679,2026-03-30,2027-09-30,auto,Lumbini,wholesale,salaried,47,F,married,secondary,95577,623,313705,13.27,18,guarantee,0.4,0.3383,305359.71,41323.3,current,0,0,169368.46,0.0,2026-Q1,0,0.0
L001838,B01793,2026-03-26,2029-03-26,home,Sudurpashchim,retail,self-employed,66,F,married,bachelor,131269,674,2666859,10.94,36,property,0.325,0.3472,2628335.73,296529.65,30_dpd,31,0,1440555.23,0.0,2026-Q1,0,0.0
L001839,B01001,2024-08-25,2026-08-25,personal,Sudurpashchim,agriculture,salaried,53,M,single,primary,108125,708,101782,17.74,24,none,0.1801,0.7147,104116.39,13405.34,defaulted,96,1,64123.92,2869.41,2024-Q3,1,10535.93
L001840,B01069,2026-04-27,2027-10-27,personal,Koshi,construction,self-employed,33,F,married,primary,72742,779,188692,16.89,18,cash_deposit,0.0445,0.227,177932.61,1796.33,60_dpd,85,0,37229.26,0.0,2026-Q2,0,0.0
L001841,B01265,2022-09-29,2027-09-29,micro,Sudurpashchim,retail,salaried,44,M,married,secondary,69381,745,30472,18.04,60,cash_deposit,0.1421,0.4014,30163.99,1720.82,closed,0,0,0.0,0.0,2022-Q3,0,0.0
L001842,B01697,2025-05-06,2031-05-06,SME,Bagmati,retail,salaried,33,F,married,bachelor,84537,755,780694,11.78,72,property,0.0374,0.214,785243.83,6288.26,90_dpd,95,0,290820.16,0.0,2025-Q2,1,0.0
L001843,B01702,2023-09-02,2026-09-02,home,Bagmati,retail,business_owner,34,M,divorced,master,90560,606,567353,12.43,36,property,0.4,0.2342,540945.92,50679.27,current,0,0,88101.99,0.0,2023-Q3,0,0.0
L001844,B00592,2021-08-19,2025-08-19,SME,Lumbini,construction,salaried,69,M,married,phd,67366,678,484231,10.9,48,property,0.3,0.2199,445867.72,29415.12,defaulted,176,1,274730.94,10285.55,2021-Q3,1,19129.57
L001845,B00749,2024-11-03,2029-11-03,micro,Madhesh,services,self-employed,47,F,divorced,bachelor,107898,714,26483,20.75,60,none,0.1584,0.6812,27696.02,2988.78,60_dpd,62,0,17185.49,0.0,2024-Q4,0,0.0
L001846,B00522,2024-01-12,2025-01-12,personal,Gandaki,agriculture,self-employed,44,M,single,secondary,111415,642,46132,18.69,12,guarantee,0.4,0.4706,44863.07,8444.53,current,0,0,14649.48,0.0,2024-Q1,0,0.0
L001847,B00626,2025-09-29,2028-09-29,micro,Koshi,agriculture,informal,56,M,married,master,55454,654,34970,20.23,36,guarantee,0.4,0.4283,35609.04,6101.12,60_dpd,80,0,5502.97,0.0,2025-Q3,0,0.0
L001848,B01156,2022-12-11,2024-12-11,auto,Karnali,wholesale,self-employed,57,M,single,master,53474,714,528906,9.78,24,vehicle,0.1884,0.5328,521720.81,52369.6,current,0,0,405173.57,0.0,2022-Q4,0,0.0
L001849,B00627,2025-07-16,2028-07-16,home,Lumbini,services,salaried,43,F,single,secondary,61167,645,1117398,9.6,36,cash_deposit,0.4,0.3351,1106654.54,148340.54,defaulted,165,1,1085995.26,30630.62,2025-Q3,1,117709.92000000001
L001850,B00035,2024-01-28,2027-01-28,micro,Koshi,services,informal,35,M,married,secondary,47790,785,25502,15.26,36,none,0.0407,0.753,27274.75,835.68,current,0,0,10047.35,0.0,2024-Q1,0,0.0
L001851,B01347,2022-09-08,2026-09-08,personal,Madhesh,wholesale,business_owner,48,F,married,primary,149004,710,72384,11.89,48,none,0.1726,0.7525,67550.11,8773.37,current,0,0,26866.71,0.0,2022-Q3,0,0.0
L001852,B01020,2026-03-18,2027-03-18,home,Bagmati,services,informal,51,F,single,master,33395,671,1061711,13.59,12,property,0.3443,0.2607,1119622.17,100500.41,60_dpd,68,0,896016.78,0.0,2026-Q1,0,0.0
L001853,B01013,2024-03-31,2025-03-31,personal,Gandaki,education,self-employed,29,F,single,secondary,122032,787,139499,15.72,12,cash_deposit,0.0396,0.2154,144967.04,1235.34,30_dpd,34,0,91783.76,0.0,2024-Q1,0,0.0
L001854,B00660,2021-07-11,2026-07-11,personal,Gandaki,manufacturing,self-employed,57,F,married,primary,106211,634,60383,20.54,60,cash_deposit,0.4,0.1414,59007.54,3336.32,current,0,0,22628.15,0.0,2021-Q3,0,0.0
L001855,B00109,2025-08-07,2028-08-07,personal,Sudurpashchim,health,agriculture,28,F,single,master,47216,673,67644,14.45,36,guarantee,0.3614,0.448,71949.31,11647.79,current,0,0,67272.59,0.0,2025-Q3,0,0.0
L001856,B00008,2023-03-27,2026-03-27,SME,Koshi,health,informal,39,M,single,secondary,29288,662,1337507,15.02,36,guarantee,0.4,0.4143,1232876.46,204314.38,current,0,0,206392.96,0.0,2023-Q1,0,0.0
L001857,B01064,2021-05-22,2024-05-22,auto,Koshi,wholesale,business_owner,25,M,married,secondary,81442,601,296743,10.66,36,vehicle,0.4,0.5031,283616.63,57071.13,90_dpd,112,0,167693.97,0.0,2021-Q2,1,0.0
L001858,B00476,2024-12-17,2025-12-17,auto,Lumbini,construction,self-employed,21,F,single,bachelor,60804,602,261330,10.22,12,vehicle,0.4,0.3753,274669.54,41236.82,30_dpd,57,0,140650.21,0.0,2024-Q4,0,0.0
L001859,B01616,2025-11-29,2027-11-29,auto,Koshi,retail,salaried,66,O,married,bachelor,31689,617,180791,19.29,24,guarantee,0.4,0.4214,176002.86,29667.96,current,0,0,102287.59,0.0,2025-Q4,0,0.0
L001860,B01045,2023-06-28,2027-06-28,micro,Bagmati,retail,informal,53,F,married,master,40556,699,50136,17.35,48,none,0.2178,0.6924,52180.83,7869.92,30_dpd,50,0,51951.24,0.0,2023-Q2,0,0.0
L001861,B00232,2025-06-19,2028-06-19,micro,Gandaki,manufacturing,agriculture,24,M,married,primary,42938,703,63118,14.48,36,cash_deposit,0.2003,0.2013,64644.59,2606.05,current,0,0,19037.22,0.0,2025-Q2,0,0.0
L001862,B00842,2024-03-25,2030-03-25,micro,Karnali,wholesale,self-employed,34,M,married,master,99552,633,26593,15.89,72,guarantee,0.4,0.4508,25447.33,4588.92,90_dpd,114,0,6967.31,0.0,2024-Q1,1,0.0
L001863,B01221,2025-01-25,2030-01-25,home,Sudurpashchim,construction,business_owner,62,F,married,primary,17296,690,645293,11.64,60,property,0.2318,0.3389,668690.11,52532.91,current,0,0,81918.73,0.0,2025-Q1,0,0.0
L001864,B00174,2021-06-11,2023-06-11,home,Sudurpashchim,wholesale,salaried,26,M,married,bachelor,75873,706,1433205,12.09,24,property,0.158,0.3478,1475187.37,81051.43,current,0,0,589904.17,0.0,2021-Q2,0,0.0
L001865,B00273,2023-08-11,2025-08-11,SME,Bagmati,retail,self-employed,62,F,married,bachelor,108764,660,475632,10.39,24,guarantee,0.4,0.4134,511828.1,84644.02,current,0,0,443226.5,0.0,2023-Q3,0,0.0
L001866,B00095,2022-01-11,2026-01-11,personal,Lumbini,wholesale,salaried,49,F,single,bachelor,76517,667,177726,15.99,48,none,0.4,0.85,175431.29,59646.64,30_dpd,49,0,54257.46,0.0,2022-Q1,0,0.0
L001867,B00169,2025-03-28,2027-03-28,home,Gandaki,services,self-employed,42,F,married,master,60260,657,278307,12.91,24,property,0.4,0.2114,270507.37,22873.11,closed,0,0,0.0,0.0,2025-Q1,0,0.0
L001868,B01752,2024-02-04,2029-02-04,SME,Sudurpashchim,services,agriculture,26,F,single,phd,60401,756,1031586,12.92,60,guarantee,0.0362,0.3483,1033174.12,13008.7,current,0,0,265000.6,0.0,2024-Q1,0,0.0
L001869,B00522,2023-03-21,2024-03-21,SME,Gandaki,agriculture,self-employed,44,M,single,secondary,111415,635,970343,11.07,12,property,0.4,0.2182,905702.9,79051.5,current,0,0,353634.16,0.0,2023-Q1,0,0.0
L001870,B00038,2022-04-21,2024-04-21,auto,Madhesh,agriculture,agriculture,23,M,married,master,35847,743,264891,10.59,24,guarantee,0.0556,0.4504,245613.54,6145.33,current,0,0,161804.08,0.0,2022-Q2,0,0.0
L001871,B00242,2026-02-20,2027-08-20,SME,Gandaki,wholesale,salaried,68,F,single,secondary,36908,596,585121,16.49,18,vehicle,0.4,0.4484,597070.24,107079.8,90_dpd,94,0,296326.62,0.0,2026-Q1,1,0.0
L001872,B00075,2022-12-02,2023-12-02,micro,Sudurpashchim,retail,business_owner,30,F,married,master,79745,646,44512,19.15,12,guarantee,0.4,0.4294,47885.35,8224.05,current,0,0,25598.65,0.0,2022-Q4,0,0.0
L001873,B00862,2021-06-10,2027-06-10,home,Sudurpashchim,manufacturing,informal,37,M,married,primary,17965,774,576672,11.18,72,property,0.0781,0.3358,574005.14,15056.48,current,0,0,217449.82,0.0,2021-Q2,0,0.0
L001874,B00670,2024-03-03,2029-03-03,auto,Koshi,retail,self-employed,45,F,married,master,70390,660,318369,9.81,60,vehicle,0.4,0.4565,332664.47,60750.28,60_dpd,80,0,228545.61,0.0,2024-Q1,0,0.0
L001875,B00736,2023-01-11,2028-01-11,micro,Madhesh,services,salaried,44,M,widowed,bachelor,63675,568,51029,19.41,60,guarantee,0.4,0.4279,54001.49,9242.15,60_dpd,84,0,24189.55,0.0,2023-Q1,0,0.0
L001876,B01343,2024-04-27,2029-04-27,personal,Gandaki,health,business_owner,67,M,married,bachelor,43313,549,140106,14.33,60,none,0.4,0.6849,149841.54,41052.25,current,0,0,52634.8,0.0,2024-Q2,0,0.0
L001877,B00615,2022-09-14,2024-03-14,auto,Bagmati,manufacturing,self-employed,48,M,single,bachelor,66195,597,114978,16.93,18,vehicle,0.4,0.5436,114676.7,24935.18,30_dpd,58,0,75310.94,0.0,2022-Q3,0,0.0
L001878,B00223,2022-08-02,2024-08-02,SME,Lumbini,retail,informal,53,M,divorced,primary,46187,685,515895,9.49,24,property,0.2589,0.2532,545590.87,35767.57,30_dpd,50,0,64294.12,0.0,2022-Q3,0,0.0
L001879,B01794,2023-11-16,2028-11-16,personal,Lumbini,retail,agriculture,47,F,single,bachelor,96883,614,149614,18.14,60,none,0.4,0.686,151026.11,41444.18,90_dpd,100,0,21682.21,0.0,2023-Q4,1,0.0
L001880,B00985,2025-06-22,2028-06-22,personal,Karnali,services,self-employed,54,M,single,secondary,17896,695,169531,16.16,36,guarantee,0.2366,0.4397,174512.04,18154.54,current,0,0,33658.53,0.0,2025-Q2,0,0.0
L001881,B00843,2026-06-10,2031-06-10,home,Sudurpashchim,wholesale,salaried,22,M,married,master,84095,620,755292,8.96,60,property,0.4,0.241,744013.21,71734.6,60_dpd,73,0,506455.04,0.0,2026-Q2,0,0.0
L001882,B00807,2026-05-23,2031-05-23,micro,Madhesh,agriculture,self-employed,37,M,married,primary,66046,639,64465,20.2,60,guarantee,0.4,0.34,64650.52,8791.28,current,0,0,41002.54,0.0,2026-Q2,0,0.0
L001883,B01206,2023-08-08,2026-08-08,personal,Koshi,retail,self-employed,60,F,married,bachelor,171329,580,69464,16.18,36,cash_deposit,0.4,0.3035,71815.61,8719.64,current,0,0,58530.68,0.0,2023-Q3,0,0.0
L001884,B01797,2022-07-26,2027-07-26,auto,Koshi,wholesale,salaried,37,M,single,bachelor,52337,662,203791,16.22,60,vehicle,0.4,0.4489,189966.3,34111.28,current,0,0,124814.23,0.0,2022-Q3,0,0.0
L001885,B00354,2023-05-31,2026-05-31,home,Bagmati,wholesale,business_owner,55,M,married,secondary,81737,713,592247,13.35,36,guarantee,0.1319,0.43,594674.6,33714.26,60_dpd,62,0,364799.07,0.0,2023-Q2,0,0.0
L001886,B01317,2021-10-17,2024-10-17,home,Karnali,education,salaried,58,M,married,secondary,48359,743,1010939,10.38,36,property,0.0556,0.2639,931127.49,13651.79,30_dpd,32,0,370977.74,0.0,2021-Q4,0,0.0
L001887,B00981,2024-04-30,2027-04-30,auto,Madhesh,agriculture,business_owner,67,M,single,master,91938,635,78950,13.13,36,vehicle,0.4,0.4302,73008.08,12564.07,defaulted,135,1,10928.79,693.4,2024-Q2,1,11870.67
L001888,B00180,2025-11-26,2029-11-26,SME,Madhesh,retail,salaried,50,F,married,bachelor,78027,763,246628,8.68,48,property,0.0281,0.2422,239259.91,1628.34,60_dpd,75,0,82851.72,0.0,2025-Q4,0,0.0
L001889,B01135,2022-11-24,2028-11-24,home,Gandaki,retail,self-employed,34,M,divorced,secondary,85301,652,1081972,12.61,72,property,0.4,0.1611,1141908.61,73588.92,closed,0,0,0.0,0.0,2022-Q4,0,0.0
L001890,B00526,2021-12-04,2024-12-04,personal,Gandaki,retail,informal,48,M,married,primary,15000,595,78355,14.35,36,guarantee,0.4,0.3729,78446.1,11699.67,current,0,0,61192.32,0.0,2021-Q4,0,0.0
L001891,B00226,2024-01-29,2029-01-29,personal,Madhesh,services,self-employed,22,F,married,bachelor,94399,645,45544,19.94,60,guarantee,0.4,0.4777,48164.7,9203.37,30_dpd,55,0,36600.92,0.0,2024-Q1,0,0.0
L001892,B00466,2021-04-15,2023-04-15,personal,Gandaki,retail,business_owner,32,F,divorced,secondary,97655,731,45731,11.98,24,guarantee,0.1099,0.4673,42851.26,2201.51,current,0,0,40753.62,0.0,2021-Q2,0,0.0
L001893,B00944,2024-06-20,2029-06-20,personal,Lumbini,retail,salaried,22,F,married,secondary,110407,688,122443,16.2,60,cash_deposit,0.2724,0.2928,126856.35,10119.73,current,0,0,81096.98,0.0,2024-Q2,0,0.0
L001894,B01707,2023-09-08,2025-09-08,SME,Koshi,education,salaried,23,M,single,bachelor,75822,669,697488,10.65,24,property,0.3575,0.2707,659059.83,63775.98,current,0,0,218395.07,0.0,2023-Q3,0,0.0
L001895,B01205,2021-04-27,2026-04-27,home,Sudurpashchim,manufacturing,informal,33,M,married,bachelor,60615,673,1616046,11.61,60,cash_deposit,0.3314,0.2554,1660447.32,140524.63,closed,0,0,0.0,0.0,2021-Q2,0,0.0
L001896,B01329,2024-02-05,2029-02-05,auto,Gandaki,construction,salaried,54,F,married,secondary,34756,725,396172,10.89,60,vehicle,0.095,0.4244,406094.69,16374.77,current,0,0,319797.22,0.0,2024-Q1,0,0.0
L001897,B00087,2023-03-19,2025-03-19,personal,Koshi,health,self-employed,65,M,married,bachelor,111313,692,111984,14.31,24,guarantee,0.3115,0.3292,115683.67,11861.01,current,0,0,30869.85,0.0,2023-Q1,0,0.0
L001898,B00499,2025-06-07,2028-06-07,SME,Lumbini,health,business_owner,46,F,married,secondary,100056,633,539456,16.28,36,vehicle,0.4,0.4442,564511.21,100308.5,current,0,0,326264.38,0.0,2025-Q2,0,0.0
L001899,B00814,2024-09-17,2027-09-17,personal,Gandaki,manufacturing,informal,33,M,married,bachelor,79503,749,193772,16.43,36,guarantee,0.0758,0.3644,193124.28,5335.04,current,0,0,39012.81,0.0,2024-Q3,0,0.0
L001900,B01498,2022-05-26,2026-05-26,personal,Koshi,manufacturing,self-employed,60,M,widowed,master,92091,671,61048,16.55,48,guarantee,0.3743,0.3095,64008.6,7415.43,current,0,0,43972.44,0.0,2022-Q2,0,0.0
L001901,B01679,2024-09-20,2025-09-20,personal,Lumbini,manufacturing,salaried,25,M,married,secondary,85375,682,163524,20.19,12,guarantee,0.3061,0.5161,155872.0,24626.0,defaulted,90,1,108541.15,9485.09,2024-Q3,1,15140.91
L001902,B01175,2023-10-28,2025-04-28,auto,Gandaki,agriculture,salaried,28,F,married,bachelor,83415,696,197066,12.09,18,vehicle,0.2018,0.5216,181799.35,19134.76,closed,0,0,0.0,0.0,2023-Q4,0,0.0
L001903,B01737,2022-12-20,2027-12-20,micro,Bagmati,agriculture,self-employed,33,M,married,primary,66502,586,38526,19.25,60,none,0.4,0.7621,35528.6,10830.79,current,0,0,7258.1,0.0,2022-Q4,0,0.0
L001904,B00870,2025-09-19,2027-09-19,micro,Gandaki,health,business_owner,40,M,married,secondary,16352,674,62493,19.25,24,cash_deposit,0.355,0.2999,62654.87,6669.77,90_dpd,107,0,7270.56,0.0,2025-Q3,1,0.0
L001905,B01261,2026-03-29,2027-03-29,SME,Sudurpashchim,health,salaried,47,F,single,bachelor,53335,626,439130,16.27,12,vehicle,0.4,0.4002,409775.42,65593.96,current,0,0,133843.92,0.0,2026-Q1,0,0.0
L001906,B00104,2024-03-20,2025-03-20,SME,Koshi,health,salaried,64,O,single,bachelor,65706,669,275506,14.6,12,property,0.3575,0.2365,253492.54,21434.41,current,0,0,45168.33,0.0,2024-Q1,0,0.0
L001907,B01489,2023-12-27,2026-12-27,home,Madhesh,agriculture,informal,37,M,widowed,secondary,50444,672,787893,8.88,36,property,0.3378,0.1702,803502.17,46205.15,90_dpd,119,0,214586.88,0.0,2023-Q4,1,0.0
L001908,B00739,2026-05-03,2027-11-03,SME,Madhesh,services,salaried,48,O,married,master,53467,668,763248,10.44,18,property,0.3642,0.2535,773546.49,71405.42,30_dpd,45,0,310785.38,0.0,2026-Q2,0,0.0
L001909,B01548,2023-05-06,2026-05-06,personal,Lumbini,retail,business_owner,52,F,married,bachelor,55912,687,67622,18.34,36,guarantee,0.2779,0.4925,63586.7,8702.28,90_dpd,103,0,33603.5,0.0,2023-Q2,1,0.0
L001910,B01141,2025-06-15,2028-06-15,personal,Sudurpashchim,manufacturing,salaried,23,O,married,bachelor,96468,745,63452,16.52,36,guarantee,0.1421,0.4796,60022.67,4091.27,60_dpd,85,0,6841.48,0.0,2025-Q2,0,0.0
L001911,B01532,2025-04-13,2030-04-13,SME,Karnali,services,self-employed,37,F,married,secondary,53332,714,284284,15.98,60,vehicle,0.1284,0.4588,300743.14,17717.05,60_dpd,79,0,99956.57,0.0,2025-Q2,0,0.0
L001912,B00419,2025-02-11,2026-08-11,personal,Koshi,construction,salaried,34,M,divorced,master,18107,694,70332,15.55,18,guarantee,0.2415,0.3702,70395.71,6292.39,90_dpd,110,0,38237.6,0.0,2025-Q1,1,0.0
L001913,B01367,2025-03-25,2030-03-25,micro,Gandaki,agriculture,salaried,30,F,married,bachelor,57733,593,42085,16.05,60,cash_deposit,0.4,0.3496,43623.44,6099.68,60_dpd,88,0,13074.63,0.0,2025-Q1,0,0.0
L001914,B01016,2023-08-27,2029-08-27,SME,Madhesh,health,salaried,60,F,married,secondary,65809,716,277289,16.07,72,property,0.1217,0.2938,273782.63,9791.77,closed,0,0,0.0,0.0,2023-Q3,0,0.0
L001915,B00083,2023-02-25,2024-02-25,personal,Madhesh,retail,salaried,43,M,married,secondary,88397,709,56897,17.58,12,none,0.1763,0.7171,58075.39,7343.97,30_dpd,54,0,37535.67,0.0,2023-Q1,0,0.0
L001916,B00887,2024-09-07,2025-09-07,SME,Karnali,agriculture,self-employed,28,M,married,secondary,102797,662,396249,16.81,12,guarantee,0.4,0.4463,406509.76,72562.54,defaulted,150,1,216724.88,6972.03,2024-Q3,1,65590.51
L001917,B00706,2023-08-08,2025-02-08,personal,Lumbini,retail,self-employed,65,F,married,secondary,111939,664,56290,14.08,18,guarantee,0.4,0.4198,55201.77,9269.57,30_dpd,49,0,49466.01,0.0,2023-Q3,0,0.0
L001918,B00800,2024-09-26,2026-03-26,SME,Sudurpashchim,retail,self-employed,23,M,married,bachelor,63776,745,536103,14.62,18,guarantee,0.0521,0.2951,535919.68,8246.18,current,0,0,223049.31,0.0,2024-Q3,0,0.0
L001919,B01464,2023-10-04,2027-10-04,personal,Karnali,manufacturing,agriculture,21,F,married,bachelor,45084,580,68849,17.14,48,cash_deposit,0.4,0.2586,70152.69,7257.6,30_dpd,46,0,42572.4,0.0,2023-Q4,0,0.0
L001920,B00952,2023-12-18,2026-12-18,SME,Bagmati,retail,self-employed,66,F,single,bachelor,41568,750,1394232,12.89,36,guarantee,0.0443,0.3487,1379597.29,21316.35,90_dpd,97,0,1040059.94,0.0,2023-Q4,1,0.0
L001921,B01339,2022-05-03,2024-05-03,auto,Bagmati,wholesale,self-employed,23,M,single,master,96554,769,102649,10.87,24,vehicle,0.0223,0.4161,101970.54,946.03,current,0,0,11474.5,0.0,2022-Q2,0,0.0
L001922,B00189,2021-11-28,2026-11-28,home,Lumbini,retail,salaried,61,F,married,secondary,17160,615,703596,11.66,60,property,0.4,0.3799,726926.82,110462.62,defaulted,151,1,722252.04,40645.97,2021-Q4,1,69816.65
L001923,B01764,2021-11-20,2024-11-20,home,Sudurpashchim,agriculture,self-employed,45,F,married,master,55069,710,1139989,11.25,36,cash_deposit,0.1426,0.2484,1228978.5,43529.69,current,0,0,819066.57,0.0,2021-Q4,0,0.0
L001924,B01106,2021-03-31,2025-03-31,SME,Karnali,retail,salaried,55,M,single,bachelor,94623,579,584366,12.69,48,property,0.4,0.4432,623213.03,110494.04,60_dpd,84,0,120412.29,0.0,2021-Q1,0,0.0
L001925,B00237,2025-10-02,2029-10-02,micro,Lumbini,health,agriculture,25,M,single,secondary,49696,733,92079,22.57,48,none,0.1054,0.7514,86591.65,6856.74,closed,0,0,0.0,0.0,2025-Q4,0,0.0
L001926,B00927,2023-07-30,2026-07-30,personal,Madhesh,health,self-employed,68,F,married,secondary,69865,585,25000,17.48,36,cash_deposit,0.4,0.3536,24731.19,3498.26,30_dpd,36,0,5058.48,0.0,2023-Q3,0,0.0
L001927,B00720,2025-11-26,2027-11-26,auto,Lumbini,agriculture,self-employed,69,M,single,secondary,48676,734,306503,12.45,24,guarantee,0.0732,0.4317,325104.06,10269.42,60_dpd,85,0,191671.97,0.0,2025-Q4,0,0.0
L001928,B00951,2023-11-22,2025-11-22,auto,Bagmati,construction,salaried,43,O,widowed,secondary,48969,636,168225,15.06,24,vehicle,0.4,0.4996,169809.93,33935.72,60_dpd,78,0,115482.01,0.0,2023-Q4,0,0.0
L001929,B01523,2023-09-25,2028-09-25,personal,Sudurpashchim,wholesale,salaried,69,F,married,secondary,65403,740,156702,13.2,60,guarantee,0.091,0.4537,167416.58,6912.48,closed,0,0,0.0,0.0,2023-Q3,0,0.0
L001930,B00716,2025-08-29,2026-08-29,auto,Madhesh,retail,agriculture,40,O,single,master,70723,687,97793,13.99,12,cash_deposit,0.2479,0.3506,90499.38,7863.8,current,0,0,12156.2,0.0,2025-Q3,0,0.0
L001931,B00726,2021-11-21,2024-11-21,personal,Gandaki,services,business_owner,36,F,single,bachelor,78190,715,75536,13.63,36,none,0.155,0.5947,80743.19,7444.15,closed,0,0,0.0,0.0,2021-Q4,0,0.0
L001932,B01704,2024-12-07,2027-12-07,auto,Lumbini,services,self-employed,54,M,widowed,primary,99401,675,272208,11.29,36,vehicle,0.3187,0.4599,275100.33,40312.67,30_dpd,49,0,240029.5,0.0,2024-Q4,0,0.0
L001933,B00327,2024-02-09,2027-02-09,home,Koshi,agriculture,salaried,27,M,married,secondary,59176,568,666800,11.79,36,property,0.4,0.4427,637660.7,112907.01,current,0,0,426271.38,0.0,2024-Q1,0,0.0
L001934,B00601,2025-04-16,2027-04-16,personal,Koshi,health,salaried,40,F,divorced,bachelor,38421,552,55050,19.47,24,none,0.4,0.7489,57026.62,17082.62,60_dpd,85,0,29957.84,0.0,2025-Q2,0,0.0
L001935,B00037,2023-06-25,2024-06-25,auto,Koshi,retail,agriculture,64,M,married,secondary,28218,700,324423,14.43,12,guarantee,0.1833,0.3726,328572.77,22442.42,current,0,0,321952.47,0.0,2023-Q2,0,0.0
L001936,B00353,2024-06-15,2029-06-15,SME,Lumbini,construction,self-employed,24,M,married,bachelor,55430,670,570723,17.98,60,property,0.3509,0.2833,544517.26,54139.85,90_dpd,109,0,72410.78,0.0,2024-Q2,1,0.0
L001937,B00853,2023-07-04,2025-01-04,SME,Lumbini,manufacturing,salaried,35,F,married,secondary,65898,672,1424440,17.3,18,vehicle,0.3378,0.4704,1527455.86,242748.79,current,0,0,823428.19,0.0,2023-Q3,0,0.0
L001938,B00245,2021-03-23,2024-03-23,personal,Sudurpashchim,services,agriculture,29,M,married,bachelor,60042,606,368664,14.47,36,none,0.4,0.7785,364164.83,113399.14,current,0,0,232742.69,0.0,2021-Q1,0,0.0
L001939,B00607,2021-01-08,2026-01-08,home,Lumbini,retail,salaried,69,M,married,secondary,30865,631,570081,15.75,60,property,0.4,0.287,612875.13,70346.35,90_dpd,118,0,276811.81,0.0,2021-Q1,1,0.0
L001940,B00687,2021-12-26,2023-12-26,personal,Karnali,services,salaried,70,F,married,master,74134,587,68347,14.84,24,none,0.4,0.7155,66925.46,19153.15,defaulted,180,1,10447.31,6138.83,2021-Q4,1,13014.320000000002
L001941,B01637,2021-12-15,2023-06-15,personal,Lumbini,manufacturing,salaried,70,M,married,primary,48948,644,157516,13.65,18,guarantee,0.4,0.5091,147060.78,29949.6,current,0,0,26144.93,0.0,2021-Q4,0,0.0
L001942,B00589,2023-01-09,2027-01-09,auto,Karnali,health,business_owner,52,M,single,bachelor,131542,686,325456,11.01,48,vehicle,0.3134,0.5031,301757.26,47570.07,current,0,0,301702.16,0.0,2023-Q1,0,0.0
L001943,B00359,2021-09-28,2022-09-28,SME,Koshi,wholesale,self-employed,50,F,single,primary,79984,636,286803,13.7,12,property,0.4,0.2535,296949.81,30109.26,90_dpd,104,0,137711.17,0.0,2021-Q3,1,0.0
L001944,B01483,2022-09-15,2024-03-15,personal,Bagmati,agriculture,salaried,56,F,married,bachelor,74713,850,170943,11.37,18,none,0.0233,0.7759,180788.5,3266.72,current,0,0,18094.08,0.0,2022-Q3,0,0.0
L001945,B00281,2023-04-04,2028-04-04,personal,Madhesh,services,salaried,21,M,married,secondary,47497,657,25000,17.8,60,none,0.4,0.7285,23038.12,6712.86,current,0,0,20622.75,0.0,2023-Q2,0,0.0
L001946,B00389,2023-11-02,2026-11-02,personal,Bagmati,wholesale,informal,42,F,married,secondary,44105,612,258063,14.54,36,cash_deposit,0.4,0.3227,260597.42,33634.75,30_dpd,38,0,76882.84,0.0,2023-Q4,0,0.0
L001947,B01627,2021-09-24,2022-09-24,SME,Sudurpashchim,services,salaried,59,F,single,bachelor,86251,774,391860,15.43,12,cash_deposit,0.0181,0.2391,410823.27,1779.61,current,0,0,379249.19,0.0,2021-Q3,0,0.0
L001948,B01090,2024-03-12,2027-03-12,personal,Lumbini,agriculture,self-employed,31,M,single,secondary,118806,722,161570,16.38,36,guarantee,0.1333,0.3951,165560.09,8720.78,current,0,0,155482.14,0.0,2024-Q1,0,0.0
L001949,B00671,2025-03-08,2026-03-08,SME,Madhesh,retail,salaried,65,F,married,primary,70937,614,276093,15.81,12,guarantee,0.4,0.4882,265284.72,51807.6,current,0,0,179606.32,0.0,2025-Q1,0,0.0
L001950,B01140,2021-11-30,2022-11-30,auto,Lumbini,retail,self-employed,26,F,single,secondary,96255,710,209442,11.46,12,cash_deposit,0.1426,0.273,201799.34,7856.51,defaulted,102,1,127199.8,3172.6,2021-Q4,1,4683.91
L001951,B00283,2021-06-01,2024-06-01,auto,Madhesh,retail,business_owner,32,F,married,secondary,83346,745,301241,14.53,36,vehicle,0.1121,0.4642,324735.39,16904.26,30_dpd,41,0,247759.22,0.0,2021-Q2,0,0.0
L001952,B00404,2023-12-02,2026-12-02,personal,Karnali,education,agriculture,62,F,single,primary,43844,661,152763,11.31,36,none,0.4,0.7465,155675.08,46486.59,current,0,0,27363.36,0.0,2023-Q4,0,0.0
L001953,B00620,2023-07-22,2026-07-22,home,Koshi,construction,salaried,36,F,married,bachelor,102283,617,717408,9.29,36,property,0.4,0.2727,758295.5,82711.76,current,0,0,298534.68,0.0,2023-Q3,0,0.0
L001954,B01215,2025-08-06,2029-08-06,personal,Karnali,wholesale,salaried,56,F,married,bachelor,94160,732,68748,15.52,48,none,0.1076,0.6454,64002.18,4446.26,defaulted,176,1,42421.88,263.25,2025-Q3,1,4183.01
L001955,B01322,2025-06-27,2027-06-27,auto,Sudurpashchim,services,agriculture,59,M,married,bachelor,44817,564,146643,10.14,24,guarantee,0.4,0.3429,136383.19,18708.39,current,0,0,19470.14,0.0,2025-Q2,0,0.0
L001956,B01138,2021-11-29,2025-11-29,SME,Karnali,services,salaried,59,F,married,master,40859,745,1249379,13.89,48,property,0.0521,0.273,1259988.3,17931.61,closed,0,0,0.0,0.0,2021-Q4,0,0.0
L001957,B00596,2023-02-15,2028-02-15,SME,Gandaki,retail,salaried,55,M,married,secondary,73940,689,430650,16.62,60,cash_deposit,0.2371,0.209,457169.74,22650.8,closed,0,0,0.0,0.0,2023-Q1,0,0.0
L001958,B00114,2025-05-15,2026-05-15,personal,Lumbini,retail,salaried,62,M,single,bachelor,77563,730,80918,13.56,12,guarantee,0.1123,0.3865,76500.41,3320.9,current,0,0,25853.91,0.0,2025-Q2,0,0.0
L001959,B01613,2026-06-14,2027-06-14,personal,Karnali,retail,salaried,52,F,married,bachelor,49126,739,28052,11.53,12,none,0.0929,0.727,27837.69,1880.34,30_dpd,51,0,21680.85,0.0,2026-Q2,0,0.0
L001960,B00421,2026-04-08,2028-04-08,personal,Karnali,retail,informal,43,F,divorced,secondary,53695,681,132499,12.44,24,guarantee,0.312,0.3299,139781.96,14386.39,closed,0,0,0.0,0.0,2026-Q2,0,0.0
L001961,B01785,2021-08-04,2023-08-04,personal,Madhesh,construction,salaried,34,M,married,bachelor,66315,672,68404,15.98,24,cash_deposit,0.3678,0.161,63029.95,3732.5,current,0,0,49907.08,0.0,2021-Q3,0,0.0
L001962,B00230,2024-07-10,2029-07-10,home,Lumbini,health,self-employed,26,F,married,secondary,84201,771,672612,12.64,60,property,0.0206,0.3035,646265.6,4031.56,current,0,0,370002.93,0.0,2024-Q3,0,0.0
L001963,B00178,2025-08-02,2028-08-02,SME,Lumbini,education,self-employed,64,F,single,primary,64726,531,471973,17.08,36,property,0.4,0.2255,476150.84,42953.11,60_dpd,81,0,314333.77,0.0,2025-Q3,0,0.0
L001964,B00980,2025-04-15,2028-04-15,personal,Sudurpashchim,services,self-employed,38,F,single,master,132645,655,32936,22.47,36,none,0.4,0.6812,31752.06,8651.23,closed,0,0,0.0,0.0,2025-Q2,0,0.0
L001965,B00490,2025-09-23,2027-03-23,SME,Gandaki,agriculture,agriculture,48,M,married,primary,35611,588,797650,12.97,18,vehicle,0.4,0.4413,851935.8,150367.89,current,0,0,183591.01,0.0,2025-Q3,0,0.0
L001966,B01227,2021-01-23,2025-01-23,personal,Karnali,wholesale,salaried,34,M,married,bachelor,105587,708,118482,14.55,48,none,0.1801,0.6684,124095.19,14941.59,90_dpd,117,0,122006.46,0.0,2021-Q1,1,0.0
L001967,B00123,2022-10-24,2025-10-24,auto,Karnali,retail,business_owner,53,M,widowed,secondary,135921,642,312744,10.38,36,cash_deposit,0.4,0.2096,296631.85,24867.8,90_dpd,108,0,123651.61,0.0,2022-Q4,1,0.0
L001968,B00132,2024-09-12,2030-09-12,SME,Koshi,retail,agriculture,47,F,married,secondary,86380,610,116189,12.63,72,cash_deposit,0.4,0.3775,114679.53,17315.64,current,0,0,107094.69,0.0,2024-Q3,0,0.0
L001969,B01677,2022-12-31,2024-12-31,SME,Bagmati,manufacturing,informal,26,F,single,master,41873,650,1163802,16.62,24,guarantee,0.4,0.4624,1120923.45,207342.79,90_dpd,101,0,440983.1,0.0,2022-Q4,1,0.0
L001970,B01746,2023-07-04,2025-07-04,personal,Gandaki,services,self-employed,54,M,divorced,secondary,103126,589,216888,14.11,24,guarantee,0.4,0.4804,202676.3,38946.14,current,0,0,23790.07,0.0,2023-Q3,0,0.0
L001971,B00572,2022-07-05,2026-07-05,home,Madhesh,retail,business_owner,41,M,single,bachelor,146176,683,1095944,9.4,48,property,0.3303,0.174,1058980.4,60881.95,30_dpd,53,0,1041071.03,0.0,2022-Q3,0,0.0
L001972,B01731,2021-04-20,2026-04-20,micro,Bagmati,construction,salaried,26,M,married,primary,45530,716,35037,15.57,60,none,0.1517,0.8014,35957.39,4372.29,30_dpd,47,0,9133.64,0.0,2021-Q2,0,0.0
L001973,B01288,2024-03-15,2025-09-15,personal,Koshi,construction,salaried,60,F,divorced,secondary,71093,645,119125,17.4,18,none,0.4,0.8062,123545.18,39841.32,closed,0,0,0.0,0.0,2024-Q1,0,0.0
L001974,B00629,2024-07-28,2029-07-28,personal,Gandaki,services,self-employed,59,M,single,master,86754,697,54135,16.77,60,cash_deposit,0.227,0.3847,58458.41,5105.91,30_dpd,39,0,16419.96,0.0,2024-Q3,0,0.0
L001975,B01137,2021-01-29,2024-01-29,personal,Karnali,retail,salaried,60,M,married,secondary,58621,620,235701,17.13,36,cash_deposit,0.4,0.402,236457.27,38018.98,current,0,0,124056.76,0.0,2021-Q1,0,0.0
L001976,B00018,2022-01-22,2023-07-22,home,Karnali,manufacturing,salaried,22,F,married,master,31893,645,821025,7.5,18,property,0.4,0.2931,801077.29,93916.18,current,0,0,612401.34,0.0,2022-Q1,0,0.0
L001977,B00557,2023-09-22,2025-09-22,home,Bagmati,education,salaried,28,M,single,secondary,75426,798,854273,9.63,24,property,0.0644,0.3828,832865.35,20522.67,current,0,0,485123.08,0.0,2023-Q3,0,0.0
L001978,B01770,2022-06-19,2023-12-19,micro,Madhesh,education,self-employed,25,F,widowed,secondary,140323,697,33318,21.15,18,none,0.227,0.8267,33854.28,6354.28,current,0,0,22223.82,0.0,2022-Q2,0,0.0
L001979,B00936,2022-01-11,2026-01-11,micro,Gandaki,services,informal,67,O,married,master,56171,649,59668,16.26,48,guarantee,0.4,0.4586,55386.53,10159.52,current,0,0,47782.0,0.0,2022-Q1,0,0.0
L001980,B00372,2022-11-04,2027-11-04,personal,Lumbini,retail,agriculture,53,M,married,master,44415,679,57568,16.11,60,none,0.3839,0.8214,54792.26,17279.07,closed,0,0,0.0,0.0,2022-Q4,0,0.0
L001981,B00987,2023-08-28,2024-08-28,auto,Sudurpashchim,services,business_owner,28,F,married,master,90515,657,341708,9.38,12,guarantee,0.4,0.388,361115.46,56044.3,current,0,0,50977.7,0.0,2023-Q3,0,0.0
L001982,B01333,2025-06-18,2026-06-18,personal,Gandaki,construction,salaried,52,F,married,bachelor,45606,710,111367,12.66,12,none,0.1726,0.8028,105476.02,14615.77,30_dpd,40,0,12623.92,0.0,2025-Q2,0,0.0
L001983,B00339,2022-10-12,2023-10-12,SME,Karnali,retail,salaried,65,F,married,bachelor,113915,729,1010479,13.49,12,property,0.0847,0.2228,1037246.76,19586.23,current,0,0,529128.29,0.0,2022-Q4,0,0.0
L001984,B00283,2022-11-07,2027-11-07,auto,Madhesh,retail,business_owner,32,F,married,secondary,83346,730,413295,11.87,60,vehicle,0.1423,0.4,431705.22,24577.32,90_dpd,92,0,277404.87,0.0,2022-Q4,1,0.0
L001985,B01244,2021-11-27,2025-11-27,personal,Gandaki,construction,informal,41,M,married,bachelor,74153,762,117734,16.16,48,none,0.0592,0.6834,114973.74,4648.88,current,0,0,69911.76,0.0,2021-Q4,0,0.0
L001986,B01199,2021-06-22,2026-06-22,micro,Sudurpashchim,retail,salaried,67,F,married,master,72367,717,30106,17.09,60,none,0.1485,0.747,30799.53,3416.57,60_dpd,75,0,16783.22,0.0,2021-Q2,0,0.0
L001987,B01706,2025-04-09,2030-04-09,SME,Madhesh,retail,salaried,61,M,married,secondary,58639,657,490347,11.43,60,guarantee,0.4,0.3906,484667.81,75719.15,current,0,0,476033.62,0.0,2025-Q2,0,0.0
L001988,B00185,2023-01-01,2024-01-01,auto,Koshi,wholesale,informal,53,M,married,secondary,62478,612,637809,13.4,12,vehicle,0.4,0.4502,672352.43,121077.33,current,0,0,419539.23,0.0,2023-Q1,0,0.0
L001989,B01729,2025-07-19,2028-07-19,auto,Madhesh,retail,business_owner,46,M,married,bachelor,176884,647,98448,9.71,36,cash_deposit,0.4,0.2961,93382.84,11058.61,60_dpd,62,0,68907.4,0.0,2025-Q3,0,0.0
L001990,B01169,2025-03-23,2026-09-23,personal,Karnali,services,business_owner,67,M,single,primary,106029,698,92880,13.7,18,guarantee,0.2824,0.3398,98304.62,9434.07,60_dpd,84,0,79665.86,0.0,2025-Q1,0,0.0
L001991,B01644,2024-01-12,2029-01-12,personal,Koshi,wholesale,salaried,66,M,married,master,87469,733,85341,17.67,60,none,0.1054,0.7218,91323.89,6946.59,closed,0,0,0.0,0.0,2024-Q1,0,0.0
L001992,B01344,2023-10-02,2025-10-02,home,Sudurpashchim,health,salaried,57,M,single,phd,82186,695,844746,10.02,24,property,0.2066,0.3015,826982.62,51513.14,current,0,0,654301.55,0.0,2023-Q4,0,0.0
L001993,B01639,2024-07-04,2025-07-04,SME,Koshi,services,salaried,38,F,married,master,44771,729,271176,14.18,12,property,0.0847,0.1925,252183.26,4112.95,30_dpd,51,0,182728.28,0.0,2024-Q3,0,0.0
L001994,B00851,2022-03-30,2025-03-30,personal,Koshi,services,self-employed,38,M,single,primary,136173,572,168883,12.61,36,none,0.4,0.7169,157381.39,45130.69,90_dpd,101,0,88896.99,0.0,2022-Q1,1,0.0
L001995,B00787,2022-09-07,2028-09-07,personal,Lumbini,health,business_owner,54,M,single,secondary,153039,705,59884,16.86,72,cash_deposit,0.192,0.3034,61705.91,3595.01,30_dpd,55,0,28384.49,0.0,2022-Q3,0,0.0
L001996,B01417,2022-09-22,2026-09-22,auto,Madhesh,construction,business_owner,29,F,single,bachelor,143010,611,311427,11.44,48,vehicle,0.4,0.5147,333538.18,68662.49,current,0,0,102045.89,0.0,2022-Q3,0,0.0
L001997,B00465,2021-07-08,2024-07-08,home,Sudurpashchim,health,self-employed,29,O,divorced,primary,90969,617,715426,9.18,36,cash_deposit,0.4,0.2297,747694.06,68710.22,closed,0,0,0.0,0.0,2021-Q3,0,0.0
L001998,B01081,2023-12-02,2025-06-02,SME,Lumbini,manufacturing,business_owner,58,F,married,secondary,15000,737,661554,13.41,18,vehicle,0.0669,0.4689,713671.83,22377.02,90_dpd,90,0,560292.8,0.0,2023-Q4,1,0.0
L001999,B00397,2026-05-18,2029-05-18,personal,Sudurpashchim,education,salaried,60,F,single,secondary,48214,724,53009,14.52,36,guarantee,0.1277,0.3721,56134.69,2667.57,30_dpd,42,0,6891.21,0.0,2026-Q2,0,0.0
L002000,B00506,2021-03-21,2023-03-21,auto,Lumbini,agriculture,business_owner,50,F,married,secondary,54033,662,138557,15.9,24,guarantee,0.4,0.3631,133819.38,19435.85,30_dpd,33,0,101323.45,0.0,2021-Q1,0,0.0
L002001,B01102,2024-12-04,2026-06-04,auto,Lumbini,health,self-employed,61,F,married,secondary,115840,650,193167,14.51,18,guarantee,0.4,0.4181,182826.93,30573.85,defaulted,162,1,91182.77,1919.8,2024-Q4,1,28654.05
L002002,B00987,2022-06-18,2024-06-18,micro,Sudurpashchim,services,business_owner,28,F,married,master,90515,709,25000,19.07,24,none,0.1763,0.6793,24834.72,2974.94,current,0,0,10664.19,0.0,2022-Q2,0,0.0
L002003,B01191,2023-08-30,2028-08-30,auto,Karnali,wholesale,business_owner,40,F,married,bachelor,106872,633,188443,15.73,60,vehicle,0.4,0.3965,176713.69,28027.21,current,0,0,24203.58,0.0,2023-Q3,0,0.0
L002004,B00564,2022-01-03,2023-07-03,personal,Madhesh,agriculture,business_owner,27,M,married,bachelor,172017,711,69054,14.69,18,none,0.169,0.7159,66447.14,8036.78,30_dpd,38,0,57975.54,0.0,2022-Q1,0,0.0
L002005,B01246,2025-10-09,2028-10-09,SME,Karnali,agriculture,self-employed,29,M,single,primary,160585,816,1030279,13.13,36,property,0.005,0.3236,1047208.72,1694.45,current,0,0,697759.56,0.0,2025-Q4,0,0.0
L002006,B00862,2021-10-08,2022-10-08,personal,Sudurpashchim,manufacturing,informal,37,M,married,primary,17965,730,128044,13.42,12,guarantee,0.1723,0.5463,136608.96,12860.8,90_dpd,105,0,59109.06,0.0,2021-Q4,1,0.0
L002007,B00031,2021-05-30,2022-11-30,micro,Karnali,retail,self-employed,47,M,married,master,117465,711,57800,18.77,18,guarantee,0.229,0.4319,60485.7,5981.68,90_dpd,96,0,44330.69,0.0,2021-Q2,1,0.0
L002008,B00006,2021-06-13,2026-06-13,auto,Koshi,health,self-employed,41,M,widowed,secondary,83105,606,330896,7.87,60,guarantee,0.4,0.4399,353549.85,62208.95,90_dpd,119,0,279982.69,0.0,2021-Q2,1,0.0
L002009,B01173,2023-03-16,2025-03-16,personal,Madhesh,manufacturing,salaried,35,F,single,secondary,75796,581,48260,14.55,24,guarantee,0.4,0.4252,49042.58,8342.07,30_dpd,47,0,32096.42,0.0,2023-Q1,0,0.0
L002010,B00620,2021-12-22,2023-12-22,personal,Koshi,construction,salaried,36,F,married,bachelor,102283,614,89255,16.44,24,none,0.4,0.7697,93976.86,28934.59,60_dpd,82,0,93145.01,0.0,2021-Q4,0,0.0
L002011,B01480,2021-09-04,2024-09-04,auto,Karnali,retail,business_owner,42,M,married,primary,150104,751,408973,11.4,36,vehicle,0.0429,0.5055,426893.04,9249.83,90_dpd,100,0,109205.92,0.0,2021-Q3,1,0.0
L002012,B00193,2021-02-21,2023-02-21,SME,Madhesh,services,informal,28,F,divorced,phd,42386,699,898177,15.79,24,property,0.1878,0.2917,936769.64,51326.54,90_dpd,101,0,306726.9,0.0,2021-Q1,1,0.0
L002013,B01725,2025-05-04,2026-11-04,SME,Karnali,retail,salaried,58,M,single,secondary,87924,674,295867,12.24,18,property,0.385,0.1,273859.4,10543.23,current,0,0,188883.89,0.0,2025-Q2,0,0.0
L002014,B00153,2023-03-01,2028-03-01,auto,Sudurpashchim,education,salaried,59,M,married,bachelor,80606,647,153021,17.44,60,guarantee,0.4,0.4134,151993.23,25131.83,current,0,0,96877.33,0.0,2023-Q1,0,0.0
L002015,B01092,2023-09-26,2026-09-26,home,Bagmati,wholesale,salaried,54,F,single,secondary,48954,596,922768,10.75,36,property,0.4,0.378,962650.21,145547.43,closed,0,0,0.0,0.0,2023-Q3,0,0.0
L002016,B00984,2021-09-27,2023-09-27,SME,Koshi,manufacturing,self-employed,42,M,married,secondary,110294,578,503818,13.8,24,property,0.4,0.192,485989.5,37315.9,current,0,0,376185.1,0.0,2021-Q3,0,0.0
L002017,B01140,2023-02-28,2028-02-28,auto,Lumbini,retail,self-employed,26,F,single,secondary,96255,674,125887,16.11,60,vehicle,0.325,0.5657,117188.82,21545.49,30_dpd,39,0,110295.01,0.0,2023-Q1,0,0.0
L002018,B01345,2023-10-02,2024-10-02,personal,Bagmati,construction,salaried,23,F,married,secondary,98385,707,46260,12.88,12,none,0.184,0.7396,47457.85,6459.19,defaulted,118,1,47206.03,1802.34,2023-Q4,1,4656.849999999999
L002019,B01276,2025-08-28,2028-08-28,personal,Sudurpashchim,construction,salaried,48,M,widowed,master,74289,658,85986,19.03,36,none,0.4,0.8149,92257.2,30072.49,30_dpd,37,0,53197.57,0.0,2025-Q3,0,0.0
L002020,B01312,2025-11-20,2028-11-20,auto,Madhesh,manufacturing,agriculture,22,O,married,secondary,37449,712,579452,11.0,36,vehicle,0.1354,0.4655,539870.77,34017.78,current,0,0,442210.95,0.0,2025-Q4,0,0.0
L002021,B01109,2022-06-13,2023-06-13,home,Koshi,services,self-employed,25,M,married,secondary,111779,649,631737,10.42,12,property,0.4,0.1691,613506.73,41507.33,30_dpd,40,0,285062.92,0.0,2022-Q2,0,0.0
L002022,B00798,2023-08-19,2025-08-19,home,Lumbini,agriculture,business_owner,25,F,divorced,primary,62844,564,725517,9.88,24,property,0.4,0.2884,756541.16,87261.29,current,0,0,231029.8,0.0,2023-Q3,0,0.0
L002023,B01726,2023-10-13,2025-10-13,SME,Koshi,retail,agriculture,28,M,widowed,master,43961,559,231426,17.93,24,property,0.4,0.189,239917.15,18135.67,30_dpd,48,0,51438.44,0.0,2023-Q4,0,0.0
L002024,B01569,2024-09-02,2029-09-02,micro,Karnali,retail,business_owner,50,M,single,bachelor,75629,707,37989,18.45,60,none,0.184,0.7023,40906.11,5286.65,current,0,0,18703.87,0.0,2024-Q3,0,0.0
L002025,B00213,2025-05-24,2028-05-24,personal,Koshi,education,informal,57,F,married,bachelor,30481,756,68326,16.91,36,cash_deposit,0.0662,0.3535,73394.07,1716.17,current,0,0,30179.75,0.0,2025-Q2,0,0.0
L002026,B01792,2022-02-16,2028-02-16,home,Gandaki,health,agriculture,33,F,widowed,secondary,43487,731,571081,15.43,72,property,0.0799,0.3301,542481.2,14314.56,current,0,0,371823.77,0.0,2022-Q1,0,0.0
L002027,B01085,2023-05-31,2028-05-31,home,Gandaki,manufacturing,self-employed,69,M,divorced,primary,31378,757,836256,9.35,60,property,0.0349,0.3168,872466.69,9650.37,30_dpd,34,0,840743.01,0.0,2023-Q2,0,0.0
L002028,B00360,2024-02-01,2026-02-01,personal,Koshi,retail,salaried,49,M,single,primary,44851,737,115776,16.27,24,cash_deposit,0.0969,0.3125,116058.96,3512.88,closed,0,0,0.0,0.0,2024-Q1,0,0.0
L002029,B01357,2022-01-06,2025-01-06,personal,Gandaki,wholesale,agriculture,63,F,married,secondary,23969,607,69943,14.89,36,cash_deposit,0.4,0.2547,66726.74,6798.42,defaulted,142,1,11680.39,1138.34,2022-Q1,1,5660.08
L002030,B01135,2022-09-28,2027-09-28,home,Gandaki,retail,self-employed,34,M,divorced,secondary,85301,668,997574,12.13,60,property,0.3642,0.3061,1061437.01,118345.01,current,0,0,412818.24,0.0,2022-Q3,0,0.0
L002031,B00447,2021-03-28,2024-03-28,personal,Koshi,construction,self-employed,52,M,married,secondary,76995,722,122679,17.71,36,guarantee,0.1933,0.3162,115634.4,7068.83,90_dpd,104,0,86529.33,0.0,2021-Q1,1,0.0
L002032,B00341,2026-01-24,2027-01-24,personal,Madhesh,agriculture,salaried,47,M,single,secondary,62042,617,73496,16.35,12,none,0.4,0.7095,67851.55,19256.4,current,0,0,54811.38,0.0,2026-Q1,0,0.0
L002033,B01113,2024-05-20,2027-05-20,micro,Karnali,manufacturing,business_owner,24,F,single,bachelor,231199,606,40137,20.32,36,none,0.4,0.6828,40030.0,10933.34,current,0,0,8972.12,0.0,2024-Q2,0,0.0
L002034,B01027,2021-02-22,2024-02-22,SME,Bagmati,wholesale,business_owner,35,F,married,secondary,106541,776,806820,15.34,36,vehicle,0.0766,0.4678,768201.02,27528.32,30_dpd,41,0,657866.34,0.0,2021-Q1,0,0.0
L002035,B00181,2022-03-23,2023-03-23,SME,Bagmati,retail,salaried,31,M,married,secondary,105787,663,990346,11.95,12,vehicle,0.4,0.4058,1007289.92,163519.16,closed,0,0,0.0,0.0,2022-Q1,0,0.0
L002036,B00465,2025-07-10,2031-07-10,micro,Sudurpashchim,health,self-employed,29,O,divorced,primary,90969,664,86408,14.78,72,guarantee,0.4,0.4022,87404.98,14062.15,current,0,0,75659.26,0.0,2025-Q3,0,0.0
L002037,B01355,2022-06-17,2026-06-17,home,Koshi,retail,agriculture,52,M,single,secondary,47097,584,1262574,15.26,48,guarantee,0.4,0.3,1345495.09,161471.85,30_dpd,31,0,217828.87,0.0,2022-Q2,0,0.0
L002038,B01603,2021-07-31,2023-07-31,personal,Bagmati,retail,salaried,64,M,married,bachelor,52640,768,57496,12.53,24,none,0.0532,0.6415,59558.93,2032.7,60_dpd,88,0,31915.01,0.0,2021-Q3,0,0.0
L002039,B00800,2023-10-29,2026-10-29,SME,Sudurpashchim,retail,self-employed,23,M,married,bachelor,63776,728,433044,15.58,36,cash_deposit,0.0872,0.3063,412369.62,11016.58,closed,0,0,0.0,0.0,2023-Q4,0,0.0
L002040,B01393,2026-03-02,2027-03-02,SME,Lumbini,services,salaried,50,M,single,secondary,54533,712,1800000,17.27,12,cash_deposit,0.1954,0.1635,1869297.8,59705.12,30_dpd,51,0,403248.31,0.0,2026-Q1,0,0.0
L002041,B01745,2021-02-07,2022-08-07,SME,Gandaki,retail,agriculture,60,M,married,phd,82223,788,1149299,12.14,18,property,0.009,0.3335,1170156.24,3521.09,30_dpd,48,0,790448.42,0.0,2021-Q1,0,0.0
L002042,B01605,2022-10-21,2025-10-21,personal,Lumbini,retail,salaried,55,M,widowed,phd,108708,700,30225,17.87,36,none,0.2133,0.6207,32381.94,4287.58,current,0,0,15949.74,0.0,2022-Q4,0,0.0
L002043,B00802,2024-05-02,2026-05-02,personal,Lumbini,wholesale,salaried,57,F,divorced,secondary,24779,777,87091,20.83,24,none,0.0459,0.8046,91033.02,3359.48,current,0,0,67581.81,0.0,2024-Q2,0,0.0
L002044,B01772,2023-02-21,2028-02-21,personal,Bagmati,construction,business_owner,65,M,single,primary,119509,635,131195,14.83,60,guarantee,0.4,0.358,135461.66,19400.34,30_dpd,59,0,135013.93,0.0,2023-Q1,0,0.0
L002045,B00521,2023-06-18,2024-12-18,home,Gandaki,construction,salaried,36,M,married,master,83971,644,778319,10.41,18,property,0.4,0.3391,770089.83,104454.92,60_dpd,65,0,599443.41,0.0,2023-Q2,0,0.0
L002046,B00068,2022-04-14,2027-04-14,SME,Sudurpashchim,retail,agriculture,62,F,widowed,master,31356,805,519706,10.18,60,guarantee,0.005,0.4676,501470.25,1172.35,current,0,0,279244.78,0.0,2022-Q2,0,0.0
L002047,B00846,2022-05-18,2024-05-18,personal,Gandaki,health,business_owner,58,F,married,secondary,59612,693,95775,16.81,24,guarantee,0.2464,0.3644,102381.23,9194.73,30_dpd,53,0,55908.76,0.0,2022-Q2,0,0.0
L002048,B01700,2023-09-19,2027-09-19,home,Sudurpashchim,health,self-employed,29,M,single,phd,60658,643,372363,11.78,48,guarantee,0.4,0.4823,390940.21,75416.66,current,0,0,149021.8,0.0,2023-Q3,0,0.0
L002049,B00085,2026-05-19,2029-05-19,SME,Sudurpashchim,health,salaried,41,M,single,master,78553,767,1800000,15.43,36,guarantee,0.0241,0.3577,1921604.11,16585.87,closed,0,0,0.0,0.0,2026-Q2,0,0.0
L002050,B00296,2025-01-03,2029-01-03,personal,Sudurpashchim,retail,informal,53,F,married,primary,54236,714,62096,14.25,48,none,0.1584,0.7561,62560.04,7492.96,current,0,0,31381.43,0.0,2025-Q1,0,0.0
L002051,B01661,2024-04-25,2027-04-25,personal,Lumbini,retail,salaried,54,M,single,master,87821,680,67393,15.18,36,none,0.3179,0.6923,69660.23,15333.4,30_dpd,57,0,29829.35,0.0,2024-Q2,0,0.0
L002052,B00595,2021-03-25,2024-03-25,personal,Madhesh,services,salaried,45,M,married,master,87604,640,25000,17.39,36,none,0.4,0.6739,23250.76,6267.31,current,0,0,20882.05,0.0,2021-Q1,0,0.0
L002053,B01415,2023-06-14,2025-06-14,home,Bagmati,health,agriculture,45,M,single,secondary,57709,685,514796,16.2,24,property,0.3189,0.4174,516809.67,68800.35,current,0,0,482867.13,0.0,2023-Q2,0,0.0
L002054,B01465,2025-08-11,2028-08-11,home,Lumbini,services,salaried,56,F,widowed,master,84850,691,480558,13.31,36,property,0.2266,0.3854,455363.75,39764.37,30_dpd,49,0,116826.31,0.0,2025-Q3,0,0.0
L002055,B01313,2022-10-20,2024-10-20,SME,Sudurpashchim,retail,salaried,48,M,married,bachelor,122031,635,768994,9.62,24,property,0.4,0.2102,707711.23,59499.88,60_dpd,87,0,80755.3,0.0,2022-Q4,0,0.0
L002056,B01303,2022-02-27,2025-02-27,SME,Gandaki,services,business_owner,50,M,married,secondary,98719,762,485208,14.39,36,cash_deposit,0.0292,0.4117,476454.15,5721.41,current,0,0,434200.08,0.0,2022-Q1,0,0.0
L002057,B00839,2023-02-08,2024-02-08,micro,Madhesh,education,salaried,35,F,single,master,78800,731,25000,18.96,12,guarantee,0.1099,0.342,24012.52,902.79,60_dpd,70,0,10866.97,0.0,2023-Q1,0,0.0
L002058,B00533,2023-10-14,2024-10-14,home,Madhesh,health,salaried,55,F,widowed,bachelor,49326,696,2177014,8.54,12,guarantee,0.2618,0.3521,2081173.62,191802.31,90_dpd,100,0,791987.17,0.0,2023-Q4,1,0.0
L002059,B00498,2023-06-07,2024-06-07,personal,Gandaki,wholesale,self-employed,36,F,married,secondary,97024,611,82245,17.98,12,guarantee,0.4,0.4463,79439.88,14182.98,current,0,0,47986.58,0.0,2023-Q2,0,0.0
L002060,B01530,2024-07-08,2030-07-08,auto,Gandaki,education,salaried,51,M,single,master,131222,645,252887,9.6,72,guarantee,0.4,0.4827,245656.34,47426.7,30_dpd,52,0,121563.11,0.0,2024-Q3,0,0.0
L002061,B01325,2023-08-27,2026-08-27,home,Koshi,construction,salaried,30,O,married,secondary,29357,627,278578,15.06,36,cash_deposit,0.4,0.1729,298205.02,20618.51,60_dpd,63,0,289921.18,0.0,2023-Q3,0,0.0
L002062,B00421,2022-08-05,2023-08-05,auto,Karnali,retail,informal,43,F,divorced,secondary,53695,672,453319,12.12,12,vehicle,0.3378,0.4732,442891.31,70803.08,closed,0,0,0.0,0.0,2022-Q3,0,0.0
L002063,B00803,2024-07-11,2029-07-11,auto,Karnali,wholesale,self-employed,57,M,married,bachelor,34835,633,462042,7.55,60,vehicle,0.4,0.5285,441576.87,93348.67,current,0,0,67076.59,0.0,2024-Q3,0,0.0
L002064,B00276,2024-01-30,2025-01-30,auto,Madhesh,construction,salaried,36,F,married,bachelor,65607,710,286228,10.53,12,vehicle,0.1426,0.5077,308137.88,22308.58,60_dpd,64,0,45006.67,0.0,2024-Q1,0,0.0
L002065,B00780,2021-09-10,2025-09-10,micro,Karnali,agriculture,self-employed,46,F,married,bachelor,99278,713,61814,17.74,48,none,0.2219,0.7431,60852.96,10032.2,closed,0,0,0.0,0.0,2021-Q3,0,0.0
L002066,B00456,2023-10-28,2026-10-28,personal,Karnali,retail,salaried,50,M,married,bachelor,94729,686,205277,12.67,36,guarantee,0.2834,0.4209,219962.69,26236.04,closed,0,0,0.0,0.0,2023-Q4,0,0.0
L002067,B01606,2025-01-23,2031-01-23,SME,Koshi,agriculture,salaried,62,M,married,master,52311,602,1040471,15.45,72,property,0.4,0.3568,1093885.57,156130.86,60_dpd,66,0,848652.61,0.0,2025-Q1,0,0.0
L002068,B00689,2023-02-19,2026-02-19,personal,Bagmati,manufacturing,business_owner,40,M,single,primary,88316,676,87279,13.79,36,none,0.3424,0.6766,83751.17,19400.87,30_dpd,41,0,49029.33,0.0,2023-Q1,0,0.0
L002069,B01104,2024-07-12,2028-07-12,personal,Bagmati,health,informal,34,M,single,bachelor,49890,774,64094,19.84,48,none,0.0481,0.7409,60794.56,2167.2,30_dpd,49,0,27353.92,0.0,2024-Q3,0,0.0
L002070,B01387,2022-08-31,2023-08-31,personal,Karnali,agriculture,agriculture,43,F,single,secondary,54620,608,50329,18.15,12,cash_deposit,0.4,0.226,47140.88,4262.18,current,0,0,13763.33,0.0,2022-Q3,0,0.0
L002071,B01469,2026-02-24,2027-02-24,personal,Koshi,agriculture,salaried,31,F,single,bachelor,34899,668,123123,16.34,12,none,0.3942,0.6718,132186.35,35007.2,current,0,0,52572.2,0.0,2026-Q1,0,0.0
L002072,B01482,2023-11-22,2025-05-22,personal,Koshi,construction,salaried,53,M,single,bachelor,91593,567,59158,18.85,18,none,0.4,0.7681,61066.71,18763.15,defaulted,141,1,34748.45,5464.39,2023-Q4,1,13298.760000000002
L002073,B01168,2022-10-03,2024-04-03,home,Koshi,retail,salaried,51,M,single,secondary,59817,746,1378980,11.02,18,cash_deposit,0.0505,0.2648,1321355.01,17666.82,30_dpd,47,0,1027151.7,0.0,2022-Q4,0,0.0
L002074,B00614,2025-01-05,2029-01-05,micro,Madhesh,health,salaried,27,F,married,phd,68591,661,60415,18.24,48,none,0.4,0.7618,60398.11,18404.55,30_dpd,57,0,58817.41,0.0,2025-Q1,0,0.0
L002075,B00108,2023-08-14,2025-02-14,SME,Madhesh,services,salaried,37,F,divorced,bachelor,48653,692,522256,15.61,18,property,0.2215,0.2385,495751.61,26188.3,current,0,0,141133.7,0.0,2023-Q3,0,0.0
L002076,B01073,2022-01-11,2024-01-11,auto,Lumbini,retail,self-employed,21,M,married,secondary,78645,631,325667,9.27,24,vehicle,0.4,0.4683,313755.51,58774.19,90_dpd,94,0,246850.62,0.0,2022-Q1,1,0.0
L002077,B00344,2023-05-28,2026-05-28,auto,Karnali,construction,informal,41,F,single,bachelor,33130,634,464735,14.47,36,vehicle,0.4,0.5013,446108.08,89447.83,current,0,0,279659.6,0.0,2023-Q2,0,0.0
L002078,B01167,2023-11-12,2025-05-12,SME,Bagmati,services,self-employed,33,F,married,secondary,75019,691,638795,15.39,18,guarantee,0.2266,0.4104,591157.9,54974.04,current,0,0,260011.96,0.0,2023-Q4,0,0.0
L002079,B00999,2022-08-14,2023-08-14,micro,Karnali,services,salaried,26,M,single,secondary,34740,591,73906,20.5,12,guarantee,0.4,0.4202,69410.53,11665.65,30_dpd,48,0,57068.92,0.0,2022-Q3,0,0.0
L002080,B01675,2026-01-29,2030-01-29,auto,Koshi,services,informal,69,F,married,primary,59177,727,502326,12.82,48,guarantee,0.0898,0.4624,517556.54,21481.1,60_dpd,73,0,475290.42,0.0,2026-Q1,0,0.0
L002081,B00591,2023-02-20,2024-08-20,SME,Koshi,retail,business_owner,32,M,married,bachelor,100746,710,448871,16.02,18,vehicle,0.1426,0.3758,482997.33,25884.8,90_dpd,90,0,480395.4,0.0,2023-Q1,1,0.0
L002082,B00015,2023-05-21,2024-11-21,home,Sudurpashchim,agriculture,salaried,44,M,married,bachelor,69190,713,473337,7.7,18,guarantee,0.1319,0.3087,505328.87,20568.89,30_dpd,45,0,123050.49,0.0,2023-Q2,0,0.0
L002083,B00030,2023-08-04,2027-08-04,micro,Lumbini,retail,agriculture,69,M,married,secondary,66108,673,79899,15.97,48,cash_deposit,0.3614,0.2729,81670.26,8053.1,current,0,0,47416.74,0.0,2023-Q3,0,0.0
L002084,B01636,2026-03-16,2029-03-16,home,Gandaki,retail,salaried,50,F,married,master,48718,726,1130574,11.28,36,guarantee,0.0923,0.4655,1079728.15,46413.63,30_dpd,47,0,252217.65,0.0,2026-Q1,0,0.0
L002085,B00813,2023-12-08,2026-12-08,home,Bagmati,services,salaried,65,F,married,secondary,81424,617,1432734,13.9,36,guarantee,0.4,0.3681,1433333.82,211022.48,30_dpd,32,0,660377.54,0.0,2023-Q4,0,0.0
L002086,B00913,2023-07-05,2026-07-05,personal,Madhesh,manufacturing,self-employed,66,M,divorced,bachelor,87537,644,31764,17.27,36,cash_deposit,0.4,0.3366,32663.59,4397.42,current,0,0,23514.78,0.0,2023-Q3,0,0.0
L002087,B00259,2021-09-26,2022-09-26,home,Koshi,services,self-employed,61,M,single,bachelor,65624,671,1486880,8.4,12,property,0.3443,0.2015,1516250.55,105186.58,current,0,0,196773.19,0.0,2021-Q3,0,0.0
L002088,B01130,2022-08-15,2023-08-15,micro,Madhesh,services,salaried,45,M,single,secondary,64475,711,52126,13.21,12,cash_deposit,0.169,0.2599,53945.6,2369.05,current,0,0,21941.4,0.0,2022-Q3,0,0.0
L002089,B00256,2023-05-13,2026-05-13,personal,Gandaki,services,self-employed,40,F,single,secondary,38523,554,173920,14.15,36,guarantee,0.4,0.409,160328.33,26227.81,current,0,0,27875.0,0.0,2023-Q2,0,0.0
L002090,B01085,2022-02-09,2025-02-09,SME,Gandaki,manufacturing,self-employed,69,M,divorced,primary,31378,795,1116958,12.71,36,cash_deposit,0.0056,0.3876,1042604.63,2274.6,current,0,0,502546.27,0.0,2022-Q1,0,0.0
L002091,B00095,2025-07-01,2028-07-01,micro,Lumbini,wholesale,salaried,49,F,single,bachelor,76517,760,64045,17.6,36,none,0.0614,0.6876,62220.4,2625.59,60_dpd,85,0,29293.37,0.0,2025-Q3,0,0.0
L002092,B00195,2025-08-25,2026-08-25,home,Madhesh,services,informal,29,M,married,master,28234,562,790859,8.87,12,guarantee,0.4,0.5016,803526.36,161228.39,current,0,0,553077.29,0.0,2025-Q3,0,0.0
L002093,B01030,2022-06-28,2025-06-28,personal,Sudurpashchim,health,informal,50,M,single,master,27750,696,121487,15.07,36,none,0.2318,0.8249,123566.56,23623.38,30_dpd,39,0,115381.5,0.0,2022-Q2,0,0.0
L002094,B01267,2022-06-17,2025-06-17,SME,Gandaki,retail,self-employed,27,F,married,bachelor,73637,691,1006099,13.9,36,guarantee,0.2266,0.4522,998582.14,102323.72,current,0,0,803539.59,0.0,2022-Q2,0,0.0
L002095,B00849,2023-10-14,2029-10-14,personal,Madhesh,health,salaried,70,F,married,master,87420,703,101561,15.08,72,none,0.2603,0.8408,103665.43,22687.61,current,0,0,100537.97,0.0,2023-Q4,0,0.0
L002096,B01055,2023-06-09,2024-06-09,personal,Bagmati,agriculture,informal,31,M,married,secondary,24998,658,125195,19.99,12,none,0.4,0.7322,116125.04,34012.6,current,0,0,31871.91,0.0,2023-Q2,0,0.0
L002097,B00351,2026-01-28,2027-07-28,SME,Gandaki,wholesale,self-employed,68,M,married,master,144943,724,509971,13.6,18,cash_deposit,0.0977,0.2387,491546.66,11464.35,current,0,0,96992.49,0.0,2026-Q1,0,0.0
L002098,B01771,2022-05-14,2023-11-14,SME,Sudurpashchim,agriculture,informal,63,F,single,bachelor,45222,623,455775,13.59,18,cash_deposit,0.4,0.3436,475051.35,65294.56,30_dpd,33,0,178538.34,0.0,2022-Q2,0,0.0
L002099,B01320,2022-06-30,2027-06-30,SME,Koshi,retail,self-employed,28,M,divorced,bachelor,85143,653,576087,12.18,60,property,0.4,0.3959,562233.36,89030.74,60_dpd,81,0,70941.21,0.0,2022-Q2,0,0.0
L002100,B00494,2022-07-14,2023-07-14,micro,Madhesh,retail,self-employed,50,F,married,bachelor,128966,611,48612,15.27,12,guarantee,0.4,0.4029,45751.21,7373.07,current,0,0,27859.5,0.0,2022-Q3,0,0.0
L002101,B00332,2021-05-23,2026-05-23,auto,Lumbini,education,salaried,32,M,married,primary,90685,646,185396,16.77,60,vehicle,0.4,0.5556,186270.11,41398.51,current,0,0,122056.25,0.0,2021-Q2,0,0.0
L002102,B00700,2022-10-07,2026-10-07,personal,Koshi,education,salaried,53,F,single,bachelor,52940,665,55155,19.52,48,none,0.4,0.6754,56033.72,15137.13,current,0,0,24669.24,0.0,2022-Q4,0,0.0
L002103,B01717,2022-09-14,2024-03-14,micro,Sudurpashchim,services,informal,35,M,married,bachelor,51931,782,54047,18.38,18,none,0.0425,0.7522,54884.99,1754.66,90_dpd,92,0,29088.35,0.0,2022-Q3,1,0.0
L002104,B00869,2023-03-04,2024-09-04,personal,Koshi,retail,salaried,37,M,married,secondary,51879,648,72966,14.37,18,none,0.4,0.8079,67698.69,21878.79,30_dpd,54,0,52503.68,0.0,2023-Q1,0,0.0
L002105,B00677,2024-11-15,2025-11-15,personal,Sudurpashchim,health,agriculture,64,M,married,secondary,50364,708,51240,16.32,12,none,0.2401,0.8161,51445.0,10082.69,30_dpd,31,0,7511.92,0.0,2024-Q4,0,0.0
L002106,B00953,2021-03-05,2022-09-05,personal,Karnali,health,self-employed,63,F,married,secondary,90684,574,79071,16.97,18,none,0.4,0.7657,85016.01,26039.72,current,0,0,65128.57,0.0,2021-Q1,0,0.0
L002107,B00973,2023-04-21,2028-04-21,home,Gandaki,services,agriculture,40,M,married,bachelor,71732,742,1257503,9.1,60,property,0.0573,0.3559,1190294.77,24283.0,current,0,0,937139.79,0.0,2023-Q2,0,0.0
L002108,B00692,2021-04-04,2023-04-04,auto,Lumbini,services,salaried,61,F,married,bachelor,70881,655,508512,16.16,24,guarantee,0.4,0.3852,531646.31,81914.09,closed,0,0,0.0,0.0,2021-Q2,0,0.0
L002109,B00698,2026-05-22,2027-05-22,personal,Sudurpashchim,agriculture,informal,69,M,single,secondary,33856,704,29771,17.39,12,guarantee,0.1961,0.3248,28178.8,1795.23,30_dpd,33,0,10805.38,0.0,2026-Q2,0,0.0
L002110,B00832,2024-10-02,2027-10-02,auto,Madhesh,health,salaried,25,F,widowed,bachelor,68159,681,452879,13.07,36,cash_deposit,0.282,0.5069,484904.37,69308.52,30_dpd,32,0,214178.86,0.0,2024-Q4,0,0.0
L002111,B01201,2024-01-27,2026-01-27,personal,Gandaki,health,salaried,66,F,married,secondary,71223,760,57785,19.67,24,none,0.1214,0.6915,57061.32,4788.89,90_dpd,118,0,53671.85,0.0,2024-Q1,1,0.0
L002112,B01442,2024-08-26,2028-08-26,personal,Lumbini,services,agriculture,43,M,married,master,35286,696,51256,19.21,48,guarantee,0.2318,0.414,52850.4,5070.92,current,0,0,21005.48,0.0,2024-Q3,0,0.0
L002113,B00853,2024-04-07,2026-04-07,home,Lumbini,manufacturing,salaried,35,F,married,secondary,65898,602,786900,12.33,24,guarantee,0.4,0.3715,784332.63,116542.32,current,0,0,717645.96,0.0,2024-Q2,0,0.0
L002114,B00496,2023-09-09,2026-09-09,personal,Sudurpashchim,services,salaried,25,F,single,secondary,77663,601,93543,12.0,36,none,0.4,0.6741,100096.83,26989.76,current,0,0,90257.1,0.0,2023-Q3,0,0.0
L002115,B00656,2024-04-02,2026-04-02,personal,Koshi,services,self-employed,47,M,married,bachelor,67691,697,116508,16.62,24,none,0.227,0.7619,109499.05,18941.13,current,0,0,17449.76,0.0,2024-Q2,0,0.0
L002116,B00779,2021-12-23,2024-12-23,personal,Karnali,health,self-employed,41,F,married,master,117918,644,55896,13.56,36,cash_deposit,0.4,0.2909,53193.97,6189.12,60_dpd,85,0,8887.15,0.0,2021-Q4,0,0.0
L002117,B01475,2021-11-08,2025-11-08,personal,Koshi,education,agriculture,60,M,married,bachelor,36427,668,88800,15.89,48,guarantee,0.3942,0.5601,87927.61,19413.52,current,0,0,33406.32,0.0,2021-Q4,0,0.0
L002118,B01567,2025-12-19,2028-12-19,SME,Lumbini,agriculture,salaried,38,M,single,secondary,69258,644,491272,14.12,36,property,0.4,0.3648,484477.43,70701.66,defaulted,107,1,78041.12,15282.75,2025-Q4,1,55418.91
L002119,B00593,2023-02-20,2026-02-20,auto,Gandaki,agriculture,agriculture,33,F,married,bachelor,48660,684,241942,13.17,36,vehicle,0.2646,0.3589,237687.25,22573.89,current,0,0,85594.01,0.0,2023-Q1,0,0.0
L002120,B00860,2022-07-15,2024-07-15,personal,Gandaki,manufacturing,salaried,50,F,married,secondary,33486,677,34511,16.77,24,none,0.3362,0.7368,33971.4,8414.51,current,0,0,31285.77,0.0,2022-Q3,0,0.0
L002121,B00262,2021-04-11,2024-04-11,auto,Sudurpashchim,services,salaried,59,M,single,secondary,111470,649,724308,11.84,36,vehicle,0.4,0.3285,746964.7,98162.83,current,0,0,152458.4,0.0,2021-Q2,0,0.0
L002122,B00690,2022-03-05,2025-03-05,SME,Lumbini,agriculture,salaried,48,M,single,secondary,108813,701,582945,11.87,36,guarantee,0.2389,0.3288,556194.29,43692.71,current,0,0,344745.91,0.0,2022-Q1,0,0.0
L002123,B00399,2023-05-31,2027-05-31,auto,Sudurpashchim,retail,salaried,29,F,single,primary,56087,738,99804,10.0,48,vehicle,0.1249,0.4646,101252.39,5873.93,current,0,0,70127.49,0.0,2023-Q2,0,0.0
L002124,B01692,2022-05-14,2025-05-14,micro,Madhesh,services,salaried,44,F,married,primary,95545,574,35836,20.73,36,none,0.4,0.6634,37815.36,10035.06,closed,0,0,0.0,0.0,2022-Q2,0,0.0
L002125,B01088,2022-02-18,2026-02-18,home,Sudurpashchim,agriculture,business_owner,70,F,single,bachelor,113409,602,905077,12.01,48,property,0.4,0.1836,935733.12,68707.62,90_dpd,107,0,626027.95,0.0,2022-Q1,1,0.0
L002126,B00952,2023-06-24,2026-06-24,SME,Bagmati,retail,self-employed,66,F,single,bachelor,41568,717,591940,12.54,36,guarantee,0.1185,0.5193,634782.85,39059.22,90_dpd,105,0,358043.36,0.0,2023-Q2,1,0.0
L002127,B01283,2021-09-11,2022-09-11,home,Bagmati,retail,self-employed,61,M,widowed,bachelor,129501,652,1054187,7.64,12,property,0.4,0.1939,1015317.74,78744.57,90_dpd,109,0,279858.81,0.0,2021-Q3,1,0.0
L002128,B00518,2021-02-23,2022-02-23,personal,Karnali,construction,informal,25,M,married,secondary,35651,590,86939,13.79,12,guarantee,0.4,0.3337,92128.19,12296.69,defaulted,123,1,37434.5,4653.98,2021-Q1,1,7642.710000000001
L002129,B00504,2022-01-13,2024-01-13,micro,Koshi,retail,business_owner,56,M,married,secondary,15000,606,27508,18.67,24,guarantee,0.4,0.3512,25860.68,3632.58,current,0,0,13790.24,0.0,2022-Q1,0,0.0
L002130,B00069,2022-11-09,2025-11-09,home,Koshi,retail,self-employed,24,F,single,secondary,110769,694,824977,10.73,36,property,0.2115,0.2648,826971.54,46315.2,90_dpd,104,0,243108.61,0.0,2022-Q4,1,0.0
L002131,B01212,2022-05-27,2023-11-27,auto,Lumbini,manufacturing,self-employed,63,F,married,primary,110413,737,193698,13.7,18,guarantee,0.0669,0.3793,197104.69,4999.63,current,0,0,32296.43,0.0,2022-Q2,0,0.0
L002132,B00506,2025-10-06,2028-10-06,home,Lumbini,agriculture,business_owner,50,F,married,secondary,54033,657,766192,15.02,36,property,0.4,0.3715,722248.46,107336.08,current,0,0,437137.32,0.0,2025-Q4,0,0.0
L002133,B01650,2024-06-29,2030-06-29,auto,Sudurpashchim,wholesale,informal,24,M,married,secondary,47646,548,142629,12.79,72,cash_deposit,0.4,0.1864,132984.23,9912.81,current,0,0,39218.26,0.0,2024-Q2,0,0.0
L002134,B00939,2025-03-13,2027-03-13,home,Bagmati,agriculture,salaried,46,M,single,secondary,77375,682,4217573,14.24,24,property,0.2761,0.2358,4052236.69,263800.95,current,0,0,3285364.42,0.0,2025-Q1,0,0.0
L002135,B01776,2021-03-30,2022-09-30,personal,Karnali,agriculture,business_owner,30,F,married,secondary,63344,714,51960,16.28,18,cash_deposit,0.1584,0.3134,49949.89,2479.65,current,0,0,32865.84,0.0,2021-Q1,0,0.0
L002136,B01450,2021-12-22,2023-06-22,personal,Madhesh,agriculture,self-employed,60,F,married,secondary,92494,509,90481,15.56,18,none,0.4,0.7563,95075.7,28760.78,current,0,0,57962.91,0.0,2021-Q4,0,0.0
L002137,B00759,2022-01-31,2025-01-31,personal,Gandaki,agriculture,informal,66,F,married,bachelor,56166,668,28976,18.35,36,guarantee,0.4,0.4,29673.4,4748.22,90_dpd,114,0,27471.44,0.0,2022-Q1,1,0.0
L002138,B00355,2022-06-29,2026-06-29,micro,Madhesh,retail,business_owner,69,F,single,secondary,120853,556,58271,19.91,48,guarantee,0.4,0.5007,59954.06,12006.59,current,0,0,32887.9,0.0,2022-Q2,0,0.0
L002139,B01478,2025-12-08,2026-12-08,SME,Madhesh,wholesale,salaried,67,M,married,secondary,63647,596,836051,13.97,12,guarantee,0.4,0.4337,864655.55,150014.46,90_dpd,116,0,97359.22,0.0,2025-Q4,1,0.0
L002140,B00934,2021-04-18,2024-04-18,personal,Karnali,wholesale,salaried,55,F,married,primary,37413,711,98139,17.2,36,none,0.229,0.7419,99191.08,16848.21,30_dpd,57,0,50385.44,0.0,2021-Q2,0,0.0
L002141,B01205,2024-06-27,2028-06-27,micro,Sudurpashchim,manufacturing,informal,33,M,married,bachelor,60615,700,63708,17.71,48,cash_deposit,0.2133,0.2963,61779.64,3905.17,60_dpd,61,0,14239.61,0.0,2024-Q2,0,0.0
L002142,B00024,2025-11-21,2028-11-21,SME,Lumbini,agriculture,salaried,41,F,married,master,48400,676,428678,9.6,36,cash_deposit,0.3124,0.233,448256.1,32629.41,closed,0,0,0.0,0.0,2025-Q4,0,0.0
L002143,B00997,2024-11-19,2025-11-19,personal,Madhesh,retail,salaried,54,F,widowed,bachelor,94828,755,29183,18.4,12,guarantee,0.0674,0.3287,30636.8,679.07,current,0,0,17178.04,0.0,2024-Q4,0,0.0
L002144,B00729,2022-03-03,2024-03-03,personal,Lumbini,education,salaried,32,F,married,secondary,104501,586,91356,12.67,24,none,0.4,0.6668,94952.49,25324.75,60_dpd,67,0,10311.92,0.0,2022-Q1,0,0.0
L002145,B00480,2022-12-26,2025-12-26,personal,Gandaki,wholesale,self-employed,42,M,married,primary,103664,721,43555,15.8,36,guarantee,0.1362,0.4212,42723.6,2451.61,30_dpd,47,0,26863.09,0.0,2022-Q4,0,0.0
L002146,B01158,2022-11-07,2024-05-07,auto,Madhesh,services,salaried,53,M,single,secondary,79735,588,551277,14.13,18,cash_deposit,0.4,0.2679,583374.77,62504.71,90_dpd,92,0,125409.11,0.0,2022-Q4,1,0.0
L002147,B01269,2021-07-12,2023-01-12,auto,Lumbini,wholesale,salaried,44,F,married,secondary,44160,706,118581,13.86,18,guarantee,0.158,0.4518,114447.29,8168.64,current,0,0,63980.03,0.0,2021-Q3,0,0.0
L002148,B01790,2026-03-31,2030-03-31,SME,Bagmati,retail,self-employed,22,F,single,bachelor,81303,760,561280,10.83,48,guarantee,0.0914,0.4756,532681.54,23147.8,current,0,0,494403.06,0.0,2026-Q1,0,0.0
L002149,B01384,2023-05-08,2027-05-08,personal,Karnali,manufacturing,agriculture,62,M,married,bachelor,80532,723,60048,18.64,48,cash_deposit,0.1305,0.2638,61002.11,2099.92,current,0,0,55498.66,0.0,2023-Q2,0,0.0
L002150,B01645,2022-03-07,2025-03-07,home,Sudurpashchim,construction,salaried,35,M,married,master,71022,750,568720,11.48,36,property,0.0443,0.2913,543907.39,7021.13,current,0,0,245020.8,0.0,2022-Q1,0,0.0
L002151,B00102,2023-09-17,2025-03-17,micro,Karnali,wholesale,agriculture,44,M,married,bachelor,49687,743,28225,20.37,18,none,0.0856,0.7433,29248.94,1860.02,current,0,0,11625.05,0.0,2023-Q3,0,0.0
L002152,B00221,2021-05-20,2022-11-20,SME,Koshi,construction,self-employed,57,M,married,primary,98647,763,414971,17.25,18,guarantee,0.0281,0.3473,383558.24,3743.78,current,0,0,345972.91,0.0,2021-Q2,0,0.0
L002153,B00486,2024-02-01,2028-02-01,home,Gandaki,health,informal,57,M,married,master,21924,745,827501,7.5,48,property,0.0521,0.2094,838189.73,9149.49,90_dpd,111,0,282852.43,0.0,2024-Q1,1,0.0
L002154,B00790,2021-05-11,2025-05-11,micro,Lumbini,construction,agriculture,21,M,married,secondary,24483,721,25000,21.84,48,cash_deposit,0.1362,0.3813,23047.02,1197.19,defaulted,168,1,10707.51,320.83,2021-Q2,1,876.3600000000001
L002155,B00870,2021-10-13,2023-04-13,home,Gandaki,health,business_owner,40,M,married,secondary,16352,683,436120,8.14,18,property,0.2703,0.2749,465235.32,34572.17,90_dpd,109,0,462607.89,0.0,2021-Q4,1,0.0
L002156,B00320,2021-10-17,2023-04-17,personal,Madhesh,agriculture,salaried,24,M,married,primary,54283,648,120760,16.51,18,none,0.4,0.6572,113012.8,29708.47,current,0,0,50356.68,0.0,2021-Q4,0,0.0
L002157,B01184,2021-06-10,2022-06-10,micro,Sudurpashchim,health,informal,51,M,married,secondary,42977,723,63723,20.36,12,guarantee,0.1305,0.3546,64901.29,3003.5,90_dpd,96,0,47950.2,0.0,2021-Q2,1,0.0
L002158,B00562,2025-02-14,2028-02-14,personal,Gandaki,retail,business_owner,54,F,single,master,79946,736,124498,15.75,36,none,0.0989,0.7662,128817.14,9763.13,current,0,0,125057.77,0.0,2025-Q1,0,0.0
L002159,B00841,2024-06-17,2025-12-17,auto,Bagmati,retail,self-employed,41,M,single,secondary,89789,689,249973,14.65,18,guarantee,0.2371,0.433,249168.31,25576.45,60_dpd,64,0,166314.45,0.0,2024-Q2,0,0.0
L002160,B00276,2023-12-11,2025-06-11,home,Madhesh,construction,salaried,36,F,married,bachelor,65607,702,1738842,15.66,18,cash_deposit,0.1746,0.3297,1816659.4,104543.18,current,0,0,1209758.99,0.0,2023-Q4,0,0.0
L002161,B01578,2021-09-16,2022-09-16,SME,Madhesh,construction,agriculture,44,F,single,bachelor,53234,791,515884,11.56,12,property,0.0675,0.2682,528145.71,9558.69,current,0,0,77617.21,0.0,2021-Q3,0,0.0
L002162,B01585,2025-04-21,2027-04-21,personal,Lumbini,services,self-employed,63,F,divorced,master,100660,661,92166,16.1,24,guarantee,0.4,0.313,98180.29,12293.94,60_dpd,64,0,66820.93,0.0,2025-Q2,0,0.0
L002163,B01068,2022-12-26,2024-12-26,personal,Bagmati,retail,salaried,22,M,married,secondary,30567,682,151111,15.66,24,guarantee,0.3061,0.2614,158784.77,12708.24,current,0,0,103770.82,0.0,2022-Q4,0,0.0
L002164,B00115,2022-08-14,2023-08-14,personal,Bagmati,wholesale,self-employed,59,M,married,primary,74005,667,114363,11.75,12,guarantee,0.4,0.4565,107241.1,19582.71,60_dpd,78,0,79460.28,0.0,2022-Q3,0,0.0
L002165,B01208,2024-03-20,2029-03-20,SME,Sudurpashchim,wholesale,salaried,45,F,married,primary,57235,612,1223343,17.73,60,guarantee,0.4,0.2974,1154507.83,137354.84,current,0,0,647481.39,0.0,2024-Q1,0,0.0
L002166,B01038,2022-08-26,2023-08-26,home,Sudurpashchim,wholesale,salaried,64,F,married,phd,72507,627,574695,8.96,12,property,0.4,0.334,536168.75,71627.63,60_dpd,82,0,64215.54,0.0,2022-Q3,0,0.0
L002167,B01132,2022-03-18,2023-03-18,home,Gandaki,services,salaried,53,M,married,bachelor,91864,668,712340,10.85,12,guarantee,0.4,0.5367,749063.02,160810.97,current,0,0,702609.09,0.0,2022-Q1,0,0.0
L002168,B01410,2024-09-16,2026-09-16,SME,Lumbini,retail,salaried,34,M,married,phd,80204,672,317819,10.56,24,property,0.3378,0.2709,298266.83,27300.94,current,0,0,274392.86,0.0,2024-Q3,0,0.0
L002169,B00149,2025-12-01,2026-12-01,micro,Koshi,services,agriculture,46,F,single,bachelor,41409,670,54893,17.95,12,cash_deposit,0.3809,0.2992,51810.6,5905.57,30_dpd,56,0,19906.73,0.0,2025-Q4,0,0.0
L002170,B00960,2021-03-01,2024-03-01,auto,Bagmati,wholesale,self-employed,45,M,single,bachelor,53137,726,426606,15.52,36,vehicle,0.0923,0.4467,395512.94,16315.08,current,0,0,160670.09,0.0,2021-Q1,0,0.0
L002171,B00832,2021-04-21,2026-04-21,personal,Madhesh,health,salaried,25,F,widowed,bachelor,68159,659,29201,13.31,60,cash_deposit,0.4,0.3489,29551.15,4123.66,current,0,0,27150.4,0.0,2021-Q2,0,0.0
L002172,B01439,2025-01-10,2026-01-10,SME,Karnali,construction,business_owner,45,M,married,secondary,159275,614,885079,13.25,12,guarantee,0.4,0.411,925757.59,152194.04,60_dpd,78,0,543229.65,0.0,2025-Q1,0,0.0
L002173,B00618,2025-07-02,2028-07-02,personal,Madhesh,retail,self-employed,39,F,single,bachelor,99724,661,74207,16.83,36,none,0.4,0.6891,69496.11,19156.71,90_dpd,106,0,27136.72,0.0,2025-Q3,1,0.0
L002174,B01222,2024-07-07,2027-07-07,personal,Sudurpashchim,retail,salaried,69,M,single,bachelor,99384,681,54467,14.35,36,none,0.372,0.8006,52531.98,15644.49,current,0,0,48193.51,0.0,2024-Q3,0,0.0
L002175,B00444,2022-04-18,2027-04-18,SME,Madhesh,manufacturing,salaried,24,F,married,bachelor,76412,618,638812,15.77,60,cash_deposit,0.4,0.2577,605828.53,62445.22,current,0,0,131872.04,0.0,2022-Q2,0,0.0
L002176,B01456,2024-02-27,2028-02-27,SME,Lumbini,construction,agriculture,65,M,married,secondary,42632,715,705860,12.49,48,cash_deposit,0.125,0.2832,655192.11,23197.97,30_dpd,52,0,450235.11,0.0,2024-Q1,0,0.0
L002177,B01178,2021-07-08,2026-07-08,SME,Sudurpashchim,services,business_owner,67,F,single,secondary,118475,664,614078,13.19,60,property,0.3913,0.1274,617492.14,30776.49,current,0,0,439488.97,0.0,2021-Q3,0,0.0
L002178,B01417,2022-06-21,2028-06-21,personal,Madhesh,construction,business_owner,29,F,single,bachelor,143010,616,71925,18.55,72,guarantee,0.4,0.5117,71148.03,14563.13,defaulted,146,1,57448.17,3587.21,2022-Q2,1,10975.919999999998
L002179,B00877,2022-03-09,2025-03-09,personal,Sudurpashchim,construction,self-employed,63,M,married,bachelor,112210,615,103707,17.76,36,none,0.4,0.6818,101230.51,27605.58,30_dpd,59,0,47097.51,0.0,2022-Q1,0,0.0
L002180,B00319,2021-04-07,2024-04-07,auto,Lumbini,services,informal,53,M,married,master,39223,666,326866,14.32,36,guarantee,0.4,0.4469,312373.54,55837.0,60_dpd,76,0,38852.74,0.0,2021-Q2,0,0.0
L002181,B01460,2025-06-08,2027-06-08,SME,Karnali,services,salaried,48,M,divorced,secondary,57380,684,1668652,15.46,24,property,0.2646,0.3171,1704346.58,143019.6,current,0,0,890940.94,0.0,2025-Q2,0,0.0
L002182,B00646,2023-12-14,2028-12-14,home,Sudurpashchim,agriculture,informal,64,M,single,secondary,46891,660,1144856,12.64,60,property,0.4,0.222,1092977.99,97057.89,closed,0,0,0.0,0.0,2023-Q4,0,0.0
L002183,B00684,2022-05-30,2027-05-30,auto,Madhesh,services,salaried,23,M,married,secondary,55883,737,205830,13.43,60,vehicle,0.0669,0.4387,208859.56,6127.02,30_dpd,45,0,186781.88,0.0,2022-Q2,0,0.0
L002184,B00631,2022-07-29,2024-07-29,personal,Bagmati,agriculture,informal,62,M,single,secondary,40515,718,25000,15.07,24,cash_deposit,0.1453,0.1994,23208.95,672.49,defaulted,142,1,22588.43,90.25,2022-Q3,1,582.24
L002185,B01012,2024-10-22,2026-04-22,micro,Gandaki,wholesale,business_owner,44,F,divorced,master,70812,681,63522,18.19,18,none,0.312,0.7872,65501.26,16087.03,current,0,0,30371.85,0.0,2024-Q4,0,0.0
L002186,B00913,2023-11-02,2025-05-02,auto,Madhesh,manufacturing,self-employed,66,M,divorced,bachelor,87537,683,284936,16.29,18,vehicle,0.2703,0.4449,284204.81,34180.86,60_dpd,73,0,125351.66,0.0,2023-Q4,0,0.0
L002187,B01106,2021-12-27,2026-12-27,personal,Karnali,retail,salaried,55,M,single,bachelor,94623,654,81665,15.25,60,cash_deposit,0.4,0.2524,76630.95,7735.64,90_dpd,112,0,13039.56,0.0,2021-Q4,1,0.0
L002188,B01086,2021-12-19,2023-06-19,SME,Lumbini,retail,business_owner,25,M,widowed,bachelor,118288,681,959122,11.86,18,property,0.282,0.4181,904689.56,106656.54,current,0,0,706402.29,0.0,2021-Q4,0,0.0
L002189,B01324,2025-03-17,2028-03-17,auto,Lumbini,retail,self-employed,52,F,single,master,77372,629,465119,14.19,36,cash_deposit,0.4,0.2467,479723.34,47336.53,current,0,0,143994.15,0.0,2025-Q1,0,0.0
L002190,B00432,2025-07-14,2030-07-14,auto,Madhesh,retail,salaried,69,M,married,secondary,59942,605,215584,8.56,60,cash_deposit,0.4,0.3024,218284.73,26403.49,current,0,0,121724.17,0.0,2025-Q3,0,0.0
L002191,B00040,2021-03-03,2022-09-03,SME,Koshi,wholesale,salaried,27,F,married,bachelor,78555,623,586536,13.69,18,guarantee,0.4,0.5474,595526.59,130395.62,closed,0,0,0.0,0.0,2021-Q1,0,0.0
L002192,B00963,2023-01-28,2024-01-28,personal,Madhesh,education,agriculture,30,M,married,bachelor,29362,753,136384,20.3,12,none,0.0701,0.6144,132484.25,5704.18,90_dpd,96,0,25084.43,0.0,2023-Q1,1,0.0
L002193,B00074,2023-02-19,2027-02-19,SME,Madhesh,agriculture,informal,54,M,married,secondary,43146,525,982044,11.82,48,vehicle,0.4,0.5216,1034816.35,215906.06,current,0,0,747462.1,0.0,2023-Q1,0,0.0
L002194,B01619,2021-01-02,2026-01-02,SME,Karnali,agriculture,salaried,49,F,married,bachelor,71193,655,847706,15.41,60,guarantee,0.4,0.4264,892686.74,152257.57,current,0,0,685851.54,0.0,2021-Q1,0,0.0
L002195,B00225,2023-01-24,2027-01-24,micro,Lumbini,retail,salaried,39,F,single,master,62381,737,101629,17.85,48,none,0.0969,0.7717,108267.85,8093.38,current,0,0,24033.41,0.0,2023-Q1,0,0.0
L002196,B01258,2026-05-31,2029-05-31,personal,Gandaki,services,self-employed,38,F,married,secondary,50951,582,99362,16.38,36,guarantee,0.4,0.394,106030.93,16709.59,current,0,0,34109.91,0.0,2026-Q2,0,0.0
L002197,B00094,2022-09-19,2027-09-19,personal,Bagmati,retail,business_owner,61,M,widowed,secondary,68882,762,59376,17.67,60,none,0.0592,0.7839,57164.38,2651.41,90_dpd,113,0,49854.96,0.0,2022-Q3,1,0.0
L002198,B00250,2025-05-14,2028-05-14,personal,Karnali,manufacturing,informal,40,M,single,bachelor,73013,650,26775,11.59,36,cash_deposit,0.4,0.2641,27478.09,2903.22,90_dpd,113,0,17088.5,0.0,2025-Q2,1,0.0
L002199,B01462,2023-07-14,2024-07-14,SME,Koshi,retail,salaried,22,F,married,master,103457,692,545298,13.94,12,guarantee,0.2215,0.4217,548979.11,51267.05,defaulted,120,1,480772.13,20064.58,2023-Q3,1,31202.47
L002200,B01102,2021-04-19,2026-04-19,auto,Lumbini,health,self-employed,61,F,married,secondary,115840,651,109984,9.57,60,cash_deposit,0.4,0.2822,103872.43,11724.66,60_dpd,82,0,101539.75,0.0,2021-Q2,0,0.0
L002201,B00386,2022-08-02,2025-08-02,personal,Koshi,wholesale,informal,70,F,married,secondary,39313,715,47550,16.5,36,none,0.155,0.6448,49647.2,4962.85,60_dpd,80,0,14529.77,0.0,2022-Q3,0,0.0
L002202,B01259,2021-03-23,2022-03-23,home,Karnali,agriculture,salaried,47,O,married,master,102935,596,664150,12.85,12,cash_deposit,0.4,0.3287,614016.1,80739.77,current,0,0,244052.03,0.0,2021-Q1,0,0.0
L002203,B00593,2025-10-14,2030-10-14,SME,Gandaki,agriculture,agriculture,33,F,married,bachelor,48660,705,1288223,11.35,60,property,0.162,0.11,1342228.66,23930.68,90_dpd,110,0,888825.44,0.0,2025-Q4,1,0.0
L002204,B00307,2023-12-02,2025-12-02,personal,Sudurpashchim,retail,agriculture,45,F,married,primary,92894,623,63400,17.87,24,none,0.4,0.7247,67304.68,19509.99,60_dpd,64,0,22824.62,0.0,2023-Q4,0,0.0
L002205,B00607,2022-02-13,2027-02-13,micro,Lumbini,retail,salaried,69,M,married,secondary,30865,639,49582,16.34,60,none,0.4,0.7972,47053.95,15004.47,current,0,0,30327.06,0.0,2022-Q1,0,0.0
L002206,B00171,2021-05-29,2025-05-29,SME,Bagmati,construction,self-employed,22,F,single,master,116127,628,341070,14.47,48,guarantee,0.4,0.3952,322760.76,51025.52,closed,0,0,0.0,0.0,2021-Q2,0,0.0
L002207,B01091,2024-10-31,2029-10-31,SME,Bagmati,retail,salaried,29,F,married,bachelor,119429,574,480846,11.1,60,guarantee,0.4,0.4093,491045.11,80396.07,current,0,0,162932.62,0.0,2024-Q4,0,0.0
L002208,B00588,2024-03-08,2028-03-08,home,Sudurpashchim,wholesale,self-employed,43,F,married,secondary,112507,591,546942,13.33,48,property,0.4,0.2958,589131.92,69698.55,defaulted,114,1,561004.98,8645.47,2024-Q1,1,61053.08
L002209,B00998,2022-08-29,2026-08-29,auto,Bagmati,manufacturing,self-employed,65,M,married,bachelor,85743,672,227307,13.26,48,vehicle,0.3378,0.4533,214768.4,32888.63,current,0,0,197671.88,0.0,2022-Q3,0,0.0
L002210,B00165,2024-04-04,2026-04-04,personal,Lumbini,retail,salaried,56,M,married,master,73385,772,42409,18.86,24,none,0.0497,0.69,45421.46,1558.39,current,0,0,42218.39,0.0,2024-Q2,0,0.0
L002211,B01588,2025-01-31,2026-01-31,SME,Gandaki,retail,salaried,43,M,married,bachelor,74211,604,605926,16.5,12,vehicle,0.4,0.4805,603838.77,116051.98,current,0,0,217080.1,0.0,2025-Q1,0,0.0
L002212,B01749,2022-05-27,2024-05-27,personal,Lumbini,wholesale,salaried,33,F,single,master,78740,705,133863,17.77,24,cash_deposit,0.192,0.1592,136636.37,4176.42,30_dpd,44,0,58017.66,0.0,2022-Q2,0,0.0
L002213,B00274,2021-08-03,2022-08-03,personal,Gandaki,agriculture,self-employed,55,F,married,bachelor,99736,767,40422,14.54,12,cash_deposit,0.0541,0.2723,43249.2,637.5,90_dpd,111,0,29250.12,0.0,2021-Q3,1,0.0
L002214,B01385,2025-02-18,2027-02-18,micro,Lumbini,health,salaried,22,M,married,secondary,79944,640,52307,16.54,24,guarantee,0.4,0.3476,56383.5,7838.82,current,0,0,20958.06,0.0,2025-Q1,0,0.0
L002215,B00500,2022-08-30,2026-08-30,micro,Gandaki,services,salaried,46,F,married,master,64736,607,25000,18.37,48,guarantee,0.4,0.5056,24189.6,4892.2,30_dpd,45,0,18499.88,0.0,2022-Q3,0,0.0
L002216,B00307,2023-07-23,2025-07-23,SME,Sudurpashchim,retail,agriculture,45,F,married,primary,92894,614,1029353,13.76,24,property,0.4,0.3576,966682.2,138290.05,current,0,0,337042.06,0.0,2023-Q3,0,0.0
L002217,B01217,2021-10-01,2023-04-01,home,Sudurpashchim,education,self-employed,24,M,married,primary,17159,649,778743,8.18,18,guarantee,0.4,0.3579,822724.93,117777.7,current,0,0,794893.84,0.0,2021-Q4,0,0.0
L002218,B01613,2026-05-15,2029-05-15,personal,Karnali,retail,salaried,52,F,married,bachelor,49126,672,53914,16.16,36,none,0.3678,0.6008,54302.47,12001.53,current,0,0,6562.27,0.0,2026-Q2,0,0.0
L002219,B00981,2025-12-13,2026-12-13,SME,Madhesh,agriculture,business_owner,67,M,single,master,91938,568,1632420,13.85,12,property,0.4,0.26,1669795.06,173688.71,closed,0,0,0.0,0.0,2025-Q4,0,0.0
L002220,B00399,2021-12-08,2027-12-08,home,Sudurpashchim,retail,salaried,29,F,single,primary,56087,723,1092180,11.51,72,property,0.1605,0.3527,1068556.1,60488.21,current,0,0,273624.6,0.0,2021-Q4,0,0.0
L002221,B00995,2023-05-20,2028-05-20,auto,Madhesh,retail,agriculture,26,F,married,secondary,51070,639,257710,14.23,60,guarantee,0.4,0.4036,273568.91,44164.85,closed,0,0,0.0,0.0,2023-Q2,0,0.0
L002222,B01146,2023-08-13,2027-08-13,home,Karnali,manufacturing,informal,67,M,married,bachelor,43701,590,2370887,12.19,48,property,0.4,0.2935,2261578.78,265531.66,defaulted,179,1,2173101.19,110742.51,2023-Q3,1,154789.14999999997
L002223,B00554,2024-04-08,2025-04-08,personal,Lumbini,construction,salaried,43,O,married,secondary,52270,740,147941,19.52,12,guarantee,0.091,0.5618,158031.01,8079.11,current,0,0,42070.84,0.0,2024-Q2,0,0.0
L002224,B00563,2025-01-05,2028-01-05,SME,Koshi,manufacturing,agriculture,61,M,single,secondary,29680,557,1272810,15.75,36,property,0.4,0.219,1256907.27,110089.77,current,0,0,228835.27,0.0,2025-Q1,0,0.0
L002225,B00231,2023-04-10,2026-04-10,personal,Koshi,wholesale,self-employed,52,F,married,master,141007,756,138829,18.92,36,none,0.0662,0.7199,131856.23,6278.97,current,0,0,113074.09,0.0,2023-Q2,0,0.0
L002226,B01078,2025-04-19,2026-04-19,auto,Madhesh,services,salaried,31,F,married,master,108971,608,338040,15.8,12,guarantee,0.4,0.5472,326788.8,71533.57,60_dpd,61,0,235551.62,0.0,2025-Q2,0,0.0
L002227,B00586,2023-02-22,2025-02-22,SME,Lumbini,construction,self-employed,52,M,married,bachelor,64800,779,349595,14.33,24,cash_deposit,0.0145,0.3063,367323.15,1627.8,current,0,0,80482.38,0.0,2023-Q1,0,0.0
L002228,B01689,2024-08-10,2029-08-10,SME,Lumbini,agriculture,business_owner,70,F,married,master,94673,692,821811,16.99,60,property,0.2215,0.4075,847252.85,76466.22,current,0,0,677198.12,0.0,2024-Q3,0,0.0
L002229,B01617,2022-12-17,2026-12-17,auto,Madhesh,retail,agriculture,49,F,married,primary,34078,711,701686,10.77,48,vehicle,0.139,0.4517,705679.94,44293.0,closed,0,0,0.0,0.0,2022-Q4,0,0.0
L002230,B01400,2022-11-19,2027-11-19,SME,Bagmati,construction,informal,44,M,married,master,42216,668,640194,11.28,60,guarantee,0.3642,0.4379,678702.14,108235.83,closed,0,0,0.0,0.0,2022-Q4,0,0.0
L002231,B00631,2023-07-26,2025-01-26,personal,Bagmati,agriculture,informal,62,M,single,secondary,40515,691,61674,12.74,18,none,0.2566,0.736,56850.59,10737.12,30_dpd,33,0,8044.56,0.0,2023-Q3,0,0.0
L002232,B00918,2023-08-26,2025-08-26,personal,Koshi,education,salaried,65,F,married,secondary,77623,648,38709,17.11,24,guarantee,0.4,0.5595,41333.49,9249.82,defaulted,158,1,7238.02,1999.38,2023-Q3,1,7250.44
L002233,B01361,2026-06-04,2029-06-04,personal,Bagmati,services,salaried,41,F,married,primary,74919,603,67888,17.52,36,none,0.4,0.7112,70607.98,20086.2,current,0,0,42134.55,0.0,2026-Q2,0,0.0
L002234,B01596,2024-10-25,2030-10-25,SME,Karnali,services,salaried,45,F,married,master,54985,647,768243,11.58,72,property,0.4,0.2998,734994.47,88138.95,30_dpd,34,0,492897.24,0.0,2024-Q4,0,0.0
L002235,B01431,2023-02-05,2024-08-05,SME,Karnali,health,self-employed,41,M,widowed,primary,100425,723,528955,13.31,18,property,0.1005,0.2444,494502.46,12144.57,defaulted,171,1,471688.54,814.93,2023-Q1,1,11329.64
L002236,B01678,2021-01-18,2027-01-18,personal,Bagmati,health,informal,25,M,married,phd,53770,781,82348,20.71,72,none,0.0431,0.7327,80417.2,2541.86,defaulted,103,1,72763.55,394.5,2021-Q1,1,2147.36
L002237,B00724,2021-08-05,2022-08-05,home,Sudurpashchim,education,self-employed,21,M,married,master,68487,615,726100,12.05,12,property,0.4,0.3217,750413.0,96565.15,current,0,0,483995.1,0.0,2021-Q3,0,0.0
L002238,B00133,2025-02-24,2030-02-24,SME,Sudurpashchim,agriculture,informal,55,F,married,phd,21746,637,508571,12.19,60,vehicle,0.4,0.5182,543091.93,112582.72,defaulted,99,1,187616.63,10107.82,2025-Q1,1,102474.9
L002239,B01055,2026-03-13,2030-03-13,home,Bagmati,agriculture,informal,31,M,married,secondary,24998,656,1017755,9.58,48,property,0.4,0.3969,1049231.57,166594.78,current,0,0,307566.33,0.0,2026-Q1,0,0.0
L002240,B01728,2024-05-13,2026-05-13,micro,Lumbini,retail,salaried,68,F,single,primary,84038,581,26764,17.44,24,none,0.4,0.8036,27364.77,8795.88,current,0,0,7250.98,0.0,2024-Q2,0,0.0
L002241,B00716,2021-10-06,2024-10-06,micro,Madhesh,retail,agriculture,40,O,single,master,70723,708,96348,20.14,36,none,0.1801,0.7479,93634.73,12616.27,current,0,0,22708.77,0.0,2021-Q4,0,0.0
L002242,B00639,2024-11-11,2027-11-11,micro,Lumbini,retail,salaried,63,M,married,bachelor,65028,827,118290,17.46,36,cash_deposit,0.0263,0.3163,115462.01,961.44,30_dpd,40,0,14678.28,0.0,2024-Q4,0,0.0
L002243,B00766,2022-03-17,2023-03-17,personal,Karnali,education,self-employed,22,M,married,bachelor,66933,679,67348,13.43,12,guarantee,0.3239,0.4464,64406.82,9314.68,30_dpd,53,0,52704.76,0.0,2022-Q1,0,0.0
L002244,B01373,2022-05-06,2025-05-06,SME,Koshi,services,business_owner,68,M,married,bachelor,73407,589,1276666,18.02,36,guarantee,0.4,0.3891,1327742.57,206629.63,current,0,0,269190.6,0.0,2022-Q2,0,0.0
L002245,B00836,2026-05-17,2029-05-17,auto,Lumbini,health,self-employed,68,M,single,secondary,142321,660,112723,13.57,36,cash_deposit,0.4,0.2911,119039.97,13862.15,defaulted,158,1,87259.19,5349.0,2026-Q2,1,8513.15
L002246,B00125,2025-06-26,2027-06-26,home,Karnali,construction,agriculture,43,F,single,primary,44490,711,806615,10.51,24,property,0.139,0.4132,809844.68,46496.05,60_dpd,79,0,729101.09,0.0,2025-Q2,0,0.0
L002247,B00027,2026-04-15,2030-04-15,SME,Koshi,retail,self-employed,42,F,married,secondary,117004,707,1800000,13.48,48,vehicle,0.154,0.5439,1940559.73,162569.31,current,0,0,435993.35,0.0,2026-Q2,0,0.0
L002248,B00896,2024-02-19,2025-02-19,auto,Madhesh,services,salaried,49,M,single,bachelor,61340,652,187203,13.0,12,vehicle,0.4,0.5492,178011.19,39108.41,defaulted,126,1,57595.15,6657.98,2024-Q1,1,32450.430000000004
L002249,B01532,2025-12-13,2027-12-13,SME,Karnali,services,self-employed,37,F,married,secondary,53332,666,937536,16.25,24,guarantee,0.3777,0.4191,972025.02,153835.19,closed,0,0,0.0,0.0,2025-Q4,0,0.0
L002250,B01397,2023-12-21,2026-12-21,personal,Lumbini,health,informal,55,M,single,primary,51794,625,55432,14.65,36,none,0.4,0.7878,51949.75,16370.07,60_dpd,82,0,33181.68,0.0,2023-Q4,0,0.0
L002251,B00259,2026-05-06,2031-05-06,personal,Koshi,services,self-employed,61,M,single,bachelor,65624,633,148370,15.02,60,none,0.4,0.7198,152454.21,43894.17,closed,0,0,0.0,0.0,2026-Q2,0,0.0
L002252,B01370,2023-08-07,2027-08-07,auto,Karnali,education,salaried,43,F,married,master,71396,652,450116,12.19,48,cash_deposit,0.4,0.4391,484938.48,85180.88,60_dpd,60,0,245451.21,0.0,2023-Q3,0,0.0
L002253,B00216,2026-01-04,2027-07-04,SME,Karnali,education,self-employed,69,M,married,master,68667,623,571001,11.52,18,vehicle,0.4,0.4652,587558.22,109324.68,current,0,0,555317.27,0.0,2026-Q1,0,0.0
L002254,B01624,2024-09-12,2029-09-12,home,Madhesh,wholesale,salaried,30,F,single,secondary,62712,651,705214,8.4,60,property,0.4,0.2306,756172.84,69752.41,30_dpd,58,0,725257.46,0.0,2024-Q3,0,0.0
L002255,B00156,2025-10-04,2028-10-04,SME,Sudurpashchim,agriculture,agriculture,24,M,married,master,39430,691,449909,13.46,36,vehicle,0.2266,0.4409,456496.83,45612.14,current,0,0,262830.9,0.0,2025-Q4,0,0.0
L002256,B00853,2024-02-07,2025-08-07,home,Lumbini,manufacturing,salaried,35,F,married,secondary,65898,583,2109669,14.52,18,guarantee,0.4,0.4303,1987749.27,342162.09,30_dpd,38,0,603141.39,0.0,2024-Q1,0,0.0
L002257,B00109,2023-09-03,2026-09-03,home,Sudurpashchim,health,agriculture,28,F,single,master,47216,676,982363,14.47,36,guarantee,0.3124,0.4233,985589.1,130315.47,30_dpd,35,0,774727.1,0.0,2023-Q3,0,0.0
L002258,B00959,2021-03-17,2022-09-17,home,Karnali,retail,salaried,35,F,married,bachelor,77132,686,340013,12.81,18,property,0.2534,0.327,357478.84,29617.73,current,0,0,253399.88,0.0,2021-Q1,0,0.0
L002259,B00828,2022-02-12,2023-08-12,SME,Lumbini,retail,business_owner,70,M,divorced,secondary,150389,832,461680,17.07,18,property,0.005,0.3486,494837.16,862.47,current,0,0,408555.0,0.0,2022-Q1,0,0.0
L002260,B01213,2022-09-11,2025-09-11,home,Lumbini,manufacturing,salaried,32,M,single,bachelor,82533,693,956238,12.0,36,property,0.2164,0.2359,952275.49,48624.82,current,0,0,776486.35,0.0,2022-Q3,0,0.0
L002261,B00879,2022-08-03,2025-08-03,auto,Lumbini,manufacturing,salaried,68,M,married,secondary,103378,738,138828,10.1,36,vehicle,0.0649,0.4565,140627.51,4164.13,90_dpd,105,0,113914.75,0.0,2022-Q3,1,0.0
L002262,B00731,2026-01-11,2028-01-11,personal,Gandaki,education,salaried,52,F,divorced,secondary,82158,636,44604,14.89,24,guarantee,0.4,0.2612,43694.98,4564.41,closed,0,0,0.0,0.0,2026-Q1,0,0.0
L002263,B01393,2023-06-24,2028-06-24,auto,Lumbini,services,salaried,50,M,single,secondary,54533,650,437726,15.31,60,cash_deposit,0.4,0.3406,448100.21,61043.22,30_dpd,34,0,325108.15,0.0,2023-Q2,0,0.0
L002264,B00631,2025-01-04,2027-01-04,personal,Bagmati,agriculture,informal,62,M,single,secondary,40515,717,85426,16.11,24,none,0.1485,0.7439,82961.61,9164.5,current,0,0,76857.76,0.0,2025-Q1,0,0.0
L002265,B00501,2024-06-08,2027-06-08,personal,Koshi,education,self-employed,68,F,married,bachelor,51116,511,92262,15.87,36,cash_deposit,0.4,0.1499,90945.93,5452.0,90_dpd,112,0,44549.2,0.0,2024-Q2,1,0.0
L002266,B00868,2022-07-26,2028-07-26,personal,Sudurpashchim,agriculture,salaried,30,F,single,master,69538,638,254112,14.31,72,guarantee,0.4,0.4312,239499.35,41312.5,90_dpd,93,0,48363.73,0.0,2022-Q3,1,0.0
L002267,B00486,2021-10-21,2023-10-21,micro,Gandaki,health,informal,57,M,married,master,21924,712,65882,19.89,24,guarantee,0.1654,0.378,66049.55,4128.71,90_dpd,112,0,51328.87,0.0,2021-Q4,1,0.0
L002268,B01154,2021-01-20,2025-01-20,home,Karnali,services,self-employed,58,M,divorced,bachelor,67546,706,651072,13.65,48,property,0.158,0.331,633783.11,33146.42,current,0,0,441449.0,0.0,2021-Q1,0,0.0
L002269,B00641,2026-02-05,2030-02-05,micro,Madhesh,education,salaried,38,M,married,primary,90389,627,25000,16.73,48,guarantee,0.4,0.5046,26482.51,5345.43,current,0,0,20252.35,0.0,2026-Q1,0,0.0
L002270,B00684,2024-03-28,2026-03-28,personal,Madhesh,services,salaried,23,M,married,secondary,55883,707,243755,15.62,24,none,0.184,0.6648,226396.74,27696.88,60_dpd,63,0,198565.32,0.0,2024-Q1,0,0.0
L002271,B01591,2024-06-18,2025-12-18,home,Sudurpashchim,health,salaried,35,M,single,secondary,85645,630,567538,9.95,18,property,0.4,0.3426,527757.71,72334.21,90_dpd,113,0,207470.28,0.0,2024-Q2,1,0.0
L002272,B00812,2022-12-15,2025-12-15,SME,Lumbini,services,salaried,21,M,single,primary,61873,691,341045,13.01,36,property,0.2266,0.347,325689.76,25611.03,current,0,0,43362.68,0.0,2022-Q4,0,0.0
L002273,B00317,2023-05-26,2027-05-26,home,Lumbini,services,self-employed,61,M,single,primary,93374,636,364351,13.07,48,property,0.4,0.2067,389475.76,32205.09,current,0,0,53861.63,0.0,2023-Q2,0,0.0
L002274,B01181,2024-10-02,2028-10-02,SME,Karnali,retail,salaried,65,F,single,primary,91360,576,1501062,15.65,48,guarantee,0.4,0.4617,1391714.65,257021.66,defaulted,173,1,904121.83,63056.07,2024-Q4,1,193965.59
L002275,B01393,2024-11-16,2025-11-16,SME,Lumbini,services,salaried,50,M,single,secondary,54533,703,536480,12.64,12,property,0.2303,0.2058,575891.95,27298.44,current,0,0,298933.73,0.0,2024-Q4,0,0.0
L002276,B01103,2025-08-12,2031-08-12,micro,Sudurpashchim,manufacturing,business_owner,57,F,married,master,120664,745,50510,21.83,72,none,0.0821,0.7005,48761.52,2805.7,30_dpd,32,0,37190.36,0.0,2025-Q3,0,0.0
L002277,B00444,2022-12-11,2027-12-11,auto,Madhesh,manufacturing,salaried,24,F,married,bachelor,76412,640,287867,12.63,60,vehicle,0.4,0.4752,280039.04,53233.8,current,0,0,87255.09,0.0,2022-Q4,0,0.0
L002278,B00433,2022-10-14,2026-10-14,home,Koshi,education,self-employed,62,M,married,master,99721,636,350985,10.09,48,property,0.4,0.34,339719.78,46204.8,30_dpd,52,0,337943.7,0.0,2022-Q4,0,0.0
L002279,B00948,2023-10-17,2028-10-17,SME,Sudurpashchim,services,self-employed,27,M,married,secondary,112604,612,206233,13.11,60,guarantee,0.4,0.4,198246.8,31718.05,current,0,0,51897.71,0.0,2023-Q4,0,0.0
L002280,B00182,2023-06-22,2026-06-22,SME,Sudurpashchim,education,self-employed,48,F,married,bachelor,99166,666,435980,15.93,36,property,0.3777,0.3049,442096.9,50914.51,30_dpd,53,0,239727.02,0.0,2023-Q2,0,0.0
L002281,B01302,2025-10-07,2027-04-07,micro,Koshi,health,self-employed,49,F,married,primary,97411,748,44757,19.35,18,none,0.0773,0.7364,44995.53,2562.08,30_dpd,53,0,33531.43,0.0,2025-Q4,0,0.0
L002282,B00031,2022-08-23,2025-08-23,SME,Karnali,retail,self-employed,47,M,married,master,117465,651,1081823,11.82,36,guarantee,0.4,0.4159,1103800.13,183637.83,90_dpd,111,0,853559.55,0.0,2022-Q3,1,0.0
L002283,B00975,2023-03-21,2024-03-21,personal,Madhesh,services,agriculture,24,M,single,phd,85307,785,117896,17.62,12,none,0.0407,0.5701,109895.97,2549.49,current,0,0,21066.25,0.0,2023-Q1,0,0.0
L002284,B01752,2024-09-27,2026-09-27,SME,Sudurpashchim,services,agriculture,26,F,single,phd,60401,743,448796,14.01,24,cash_deposit,0.0556,0.2292,468738.54,5969.24,90_dpd,104,0,254047.02,0.0,2024-Q3,1,0.0
L002285,B00559,2026-05-20,2031-05-20,auto,Gandaki,services,business_owner,46,M,married,primary,123964,667,142144,12.89,60,guarantee,0.3709,0.3967,141258.7,20783.59,current,0,0,134930.26,0.0,2026-Q2,0,0.0
L002286,B01552,2025-03-25,2027-03-25,auto,Gandaki,retail,salaried,37,M,married,secondary,110608,682,155731,13.23,24,vehicle,0.2761,0.4041,164638.71,18370.35,90_dpd,115,0,152030.78,0.0,2025-Q1,1,0.0
L002287,B00923,2024-02-05,2030-02-05,home,Koshi,construction,salaried,42,F,single,secondary,113711,499,1033932,12.96,72,property,0.4,0.2554,1071949.35,109496.88,current,0,0,555344.76,0.0,2024-Q1,0,0.0
L002288,B00976,2021-08-09,2023-08-09,micro,Lumbini,health,business_owner,30,F,single,bachelor,56746,751,25000,16.82,24,none,0.1329,0.729,26778.68,2593.56,current,0,0,21819.8,0.0,2021-Q3,0,0.0
L002289,B01592,2026-02-14,2029-02-14,personal,Karnali,retail,salaried,69,F,divorced,bachelor,90852,759,56875,17.21,36,none,0.0625,0.7217,59597.86,2689.35,current,0,0,24862.19,0.0,2026-Q1,0,0.0
L002290,B01694,2023-08-03,2024-08-03,personal,Madhesh,education,salaried,52,F,married,primary,57422,534,56297,11.59,12,cash_deposit,0.4,0.22,51874.77,4564.7,current,0,0,22419.11,0.0,2023-Q3,0,0.0
L002291,B00652,2023-01-12,2026-01-12,personal,Madhesh,construction,informal,60,M,single,bachelor,42754,739,156296,19.52,36,guarantee,0.0929,0.3691,165446.89,5672.82,60_dpd,60,0,17362.37,0.0,2023-Q1,0,0.0
L002292,B00612,2021-12-11,2022-12-11,micro,Gandaki,wholesale,informal,32,F,married,bachelor,66159,687,36845,14.61,12,none,0.2779,0.7703,38401.38,8218.71,current,0,0,6075.53,0.0,2021-Q4,0,0.0
L002293,B01295,2025-02-02,2026-08-02,home,Karnali,retail,salaried,43,M,married,primary,62962,590,1118193,12.07,18,property,0.4,0.3177,1107662.47,140772.44,current,0,0,792263.64,0.0,2025-Q1,0,0.0
L002294,B00802,2021-08-29,2025-08-29,auto,Lumbini,wholesale,salaried,57,F,divorced,secondary,24779,740,284349,8.85,48,vehicle,0.061,0.6129,295963.28,11066.04,60_dpd,81,0,40371.72,0.0,2021-Q3,0,0.0
L002295,B00436,2021-01-12,2022-01-12,auto,Koshi,construction,salaried,63,M,single,secondary,65037,733,265618,16.1,12,cash_deposit,0.1354,0.2646,259806.94,9305.59,60_dpd,82,0,194184.99,0.0,2021-Q1,0,0.0
L002296,B00222,2023-03-16,2027-03-16,personal,Karnali,construction,salaried,52,F,married,master,39049,701,43740,12.45,48,cash_deposit,0.2089,0.2063,45146.42,1945.31,60_dpd,80,0,17843.16,0.0,2023-Q1,0,0.0
L002297,B00016,2026-06-12,2031-06-12,SME,Madhesh,health,agriculture,23,F,married,secondary,41150,649,593077,13.72,60,property,0.4,0.2324,607992.87,56525.19,current,0,0,538787.03,0.0,2026-Q2,0,0.0
L002298,B00918,2024-01-30,2025-07-30,home,Koshi,education,salaried,65,F,married,secondary,77623,670,809426,11.34,18,property,0.3509,0.2498,805396.91,70599.77,current,0,0,747892.31,0.0,2024-Q1,0,0.0
L002299,B01684,2024-08-21,2030-08-21,auto,Sudurpashchim,retail,informal,55,M,married,secondary,63862,621,459580,11.39,72,vehicle,0.4,0.5035,471981.56,95051.11,90_dpd,93,0,307154.45,0.0,2024-Q3,1,0.0
L002300,B01060,2023-07-19,2027-07-19,personal,Madhesh,services,informal,53,F,widowed,secondary,49371,699,110244,15.28,48,guarantee,0.2178,0.3471,115314.01,8718.99,current,0,0,48523.35,0.0,2023-Q3,0,0.0
L002301,B00359,2025-01-03,2028-01-03,home,Koshi,wholesale,self-employed,50,F,single,primary,79984,663,1025797,9.93,36,cash_deposit,0.3982,0.3571,1018245.95,144776.8,current,0,0,216472.56,0.0,2025-Q1,0,0.0
L002302,B00044,2021-05-11,2027-05-11,home,Lumbini,services,salaried,38,F,married,master,90580,619,433862,10.14,72,property,0.4,0.2263,441941.17,39999.35,current,0,0,246644.56,0.0,2021-Q2,0,0.0
L002303,B00085,2025-12-24,2028-12-24,auto,Sudurpashchim,health,salaried,41,M,single,master,78553,831,129121,11.78,36,vehicle,0.005,0.3818,138898.61,265.14,current,0,0,17181.96,0.0,2025-Q4,0,0.0
L002304,B00955,2023-01-01,2024-07-01,SME,Bagmati,retail,business_owner,65,F,married,secondary,71581,773,772018,14.18,18,property,0.0189,0.2635,761261.67,3792.88,current,0,0,648015.42,0.0,2023-Q1,0,0.0
L002305,B00342,2024-04-11,2025-04-11,home,Sudurpashchim,health,salaried,47,M,married,bachelor,65884,742,1356915,17.44,12,property,0.1173,0.2878,1373439.84,46376.14,current,0,0,238396.05,0.0,2024-Q2,0,0.0
L002306,B01284,2021-03-21,2024-03-21,micro,Koshi,retail,salaried,69,F,married,bachelor,16275,636,81804,18.13,36,none,0.4,0.6955,78359.11,21798.29,current,0,0,48467.08,0.0,2021-Q1,0,0.0
L002307,B01078,2024-04-16,2025-10-16,auto,Madhesh,services,salaried,31,F,married,master,108971,667,285096,12.97,18,vehicle,0.3709,0.5343,307031.88,60843.01,30_dpd,41,0,248623.79,0.0,2024-Q2,0,0.0
L002308,B00262,2025-09-26,2029-09-26,auto,Sudurpashchim,services,salaried,59,M,single,secondary,111470,652,272705,10.89,48,vehicle,0.4,0.3951,274239.94,43340.35,30_dpd,33,0,38024.78,0.0,2025-Q3,0,0.0
L002309,B01331,2024-06-27,2026-06-27,personal,Lumbini,services,salaried,43,M,married,secondary,64491,603,64393,15.12,24,cash_deposit,0.4,0.248,68703.21,6816.41,current,0,0,62938.1,0.0,2024-Q2,0,0.0
L002310,B00064,2024-10-07,2027-10-07,home,Bagmati,retail,self-employed,60,M,widowed,secondary,52707,629,455690,13.97,36,property,0.4,0.3054,468691.86,57248.97,closed,0,0,0.0,0.0,2024-Q4,0,0.0
L002311,B00445,2024-04-17,2028-04-17,personal,Gandaki,agriculture,salaried,26,F,single,secondary,70380,779,145514,18.15,48,cash_deposit,0.1045,0.4088,155000.56,6620.18,closed,0,0,0.0,0.0,2024-Q2,0,0.0
L002312,B00922,2025-05-23,2031-05-23,personal,Koshi,services,salaried,67,F,married,secondary,36392,665,73382,17.61,72,cash_deposit,0.4,0.2431,70107.28,6817.13,60_dpd,86,0,33363.8,0.0,2025-Q2,0,0.0
L002313,B01610,2022-06-26,2028-06-26,personal,Gandaki,retail,informal,33,F,married,secondary,46171,579,146848,17.8,72,none,0.4,0.8122,152350.22,49498.03,current,0,0,53890.71,0.0,2022-Q2,0,0.0
L002314,B00798,2024-09-14,2026-09-14,micro,Lumbini,agriculture,business_owner,25,F,divorced,primary,62844,592,27528,16.59,24,none,0.4,0.7033,27705.58,7794.48,current,0,0,26209.97,0.0,2024-Q3,0,0.0
L002315,B01064,2023-05-25,2025-05-25,micro,Koshi,wholesale,business_owner,25,M,married,secondary,81442,606,128746,18.58,24,none,0.4,0.8128,119428.93,38829.78,current,0,0,65900.79,0.0,2023-Q2,0,0.0
L002316,B00812,2024-05-11,2028-05-11,personal,Lumbini,services,salaried,21,M,single,primary,61873,694,162798,14.99,48,none,0.2415,0.7593,153751.97,28190.31,90_dpd,91,0,135691.39,0.0,2024-Q2,1,0.0
L002317,B01473,2023-12-12,2028-12-12,SME,Madhesh,retail,business_owner,69,F,single,secondary,161390,597,565576,12.2,60,property,0.4,0.186,574592.04,42740.86,closed,0,0,0.0,0.0,2023-Q4,0,0.0
L002318,B00751,2024-05-22,2027-05-22,personal,Gandaki,education,salaried,29,F,married,bachelor,56680,557,110111,17.31,36,none,0.4,0.6974,113051.7,31537.56,90_dpd,93,0,38040.54,0.0,2024-Q2,1,0.0
L002319,B01677,2022-08-31,2024-08-31,auto,Bagmati,manufacturing,informal,26,F,single,master,41873,643,600355,12.9,24,vehicle,0.4,0.3577,598097.21,85572.57,current,0,0,71053.68,0.0,2022-Q3,0,0.0
L002320,B01084,2025-01-27,2028-01-27,personal,Madhesh,retail,business_owner,51,M,single,primary,86339,651,156121,14.92,36,none,0.4,0.6713,154832.28,41572.84,90_dpd,105,0,118319.98,0.0,2025-Q1,1,0.0
L002321,B00897,2023-02-11,2024-08-11,home,Madhesh,health,agriculture,52,F,married,master,39948,635,1314402,11.3,18,property,0.4,0.2019,1317471.31,106396.17,30_dpd,42,0,1275516.8,0.0,2023-Q1,0,0.0
L002322,B00376,2023-04-30,2026-04-30,home,Koshi,services,salaried,53,F,single,secondary,65642,554,1125950,8.8,36,cash_deposit,0.4,0.2879,1068386.01,123050.59,90_dpd,112,0,110492.81,0.0,2023-Q2,1,0.0
L002323,B00848,2023-06-29,2025-06-29,micro,Karnali,health,business_owner,58,F,married,master,171554,542,35332,16.5,24,cash_deposit,0.4,0.2369,36332.15,3442.44,current,0,0,7198.48,0.0,2023-Q2,0,0.0
L002324,B00791,2023-08-21,2025-08-21,personal,Koshi,services,self-employed,41,F,married,master,118953,594,55184,18.78,24,none,0.4,0.8374,51238.51,17162.03,current,0,0,11662.35,0.0,2023-Q3,0,0.0
L002325,B01744,2025-06-23,2027-06-23,personal,Lumbini,education,business_owner,23,F,widowed,bachelor,206205,573,104776,15.8,24,guarantee,0.4,0.4287,102950.46,17653.69,current,0,0,80869.32,0.0,2025-Q2,0,0.0
L002326,B01673,2021-02-26,2022-08-26,personal,Gandaki,construction,salaried,46,F,married,phd,87966,599,67641,12.71,18,cash_deposit,0.4,0.1567,64198.34,4023.52,current,0,0,26540.64,0.0,2021-Q1,0,0.0
L002327,B01770,2024-10-28,2029-10-28,personal,Madhesh,education,self-employed,25,F,widowed,secondary,140323,670,58002,15.36,60,none,0.3809,0.7075,57956.0,15619.58,current,0,0,49683.66,0.0,2024-Q4,0,0.0
L002328,B00321,2025-08-12,2027-02-12,micro,Sudurpashchim,services,self-employed,53,F,widowed,primary,88642,639,69771,15.75,18,guarantee,0.4,0.5189,69246.48,14374.07,current,0,0,31066.75,0.0,2025-Q3,0,0.0
L002329,B01755,2023-11-16,2026-11-16,auto,Koshi,services,agriculture,36,F,married,secondary,52969,794,320774,11.08,36,guarantee,0.0061,0.4065,297714.23,735.21,90_dpd,116,0,274495.04,0.0,2023-Q4,1,0.0
L002330,B00221,2024-03-26,2027-03-26,personal,Koshi,construction,self-employed,57,M,married,primary,98647,773,69926,16.87,36,guarantee,0.0489,0.4148,71500.9,1450.56,current,0,0,14160.39,0.0,2024-Q1,0,0.0
L002331,B01120,2022-08-11,2025-08-11,auto,Karnali,health,self-employed,28,M,divorced,secondary,76790,603,133294,14.32,36,cash_deposit,0.4,0.3677,141246.27,20774.08,current,0,0,92068.27,0.0,2022-Q3,0,0.0
L002332,B01650,2026-05-26,2032-05-26,SME,Sudurpashchim,wholesale,informal,24,M,married,secondary,47646,541,420591,16.32,72,cash_deposit,0.4,0.3332,390036.92,51985.32,current,0,0,315219.15,0.0,2026-Q2,0,0.0
L002333,B00350,2025-05-07,2029-05-07,home,Lumbini,construction,self-employed,25,M,married,bachelor,76730,725,1652918,12.89,48,guarantee,0.095,0.3413,1660045.58,53817.02,closed,0,0,0.0,0.0,2025-Q2,0,0.0
L002334,B00476,2025-12-21,2026-12-21,SME,Lumbini,construction,self-employed,21,F,single,bachelor,60804,558,590586,14.41,12,vehicle,0.4,0.4872,564338.15,109989.13,current,0,0,251705.53,0.0,2025-Q4,0,0.0
L002335,B01188,2021-12-01,2022-12-01,personal,Karnali,services,salaried,63,M,single,master,77900,727,44306,14.79,12,none,0.1198,0.7161,47567.41,4079.08,90_dpd,93,0,31837.71,0.0,2021-Q4,1,0.0
L002336,B01720,2023-07-04,2024-07-04,home,Sudurpashchim,agriculture,salaried,25,F,married,secondary,79304,727,965569,14.17,12,property,0.0898,0.3029,932613.97,25352.71,60_dpd,67,0,703140.45,0.0,2023-Q3,0,0.0
L002337,B01358,2023-06-21,2024-12-21,personal,Sudurpashchim,agriculture,agriculture,36,F,single,bachelor,79593,627,82412,18.12,18,cash_deposit,0.4,0.2124,76464.94,6495.41,current,0,0,31378.26,0.0,2023-Q2,0,0.0
L002338,B00575,2022-12-28,2025-12-28,auto,Bagmati,services,self-employed,57,F,married,secondary,124538,671,105684,13.83,36,vehicle,0.3443,0.3304,110919.0,12621.05,90_dpd,111,0,38931.89,0.0,2022-Q4,1,0.0
L002339,B00105,2021-10-05,2024-10-05,home,Madhesh,construction,self-employed,28,M,single,secondary,131627,701,410591,13.45,36,guarantee,0.1789,0.5036,421751.04,37997.08,90_dpd,111,0,388054.87,0.0,2021-Q4,1,0.0
L002340,B00813,2024-07-17,2029-07-17,personal,Bagmati,services,salaried,65,F,married,secondary,81424,622,67393,21.5,60,none,0.4,0.607,71329.61,17320.25,90_dpd,99,0,45580.65,0.0,2024-Q3,1,0.0
L002341,B00171,2025-08-12,2028-08-12,personal,Bagmati,construction,self-employed,22,F,single,master,116127,652,63233,13.4,36,none,0.4,0.7175,66220.02,19004.23,60_dpd,82,0,48283.15,0.0,2025-Q3,0,0.0
L002342,B01387,2026-02-17,2029-02-17,home,Karnali,agriculture,agriculture,43,F,single,secondary,54620,589,1656313,7.5,36,guarantee,0.4,0.3736,1642663.51,245492.86,30_dpd,58,0,1355813.1,0.0,2026-Q1,0,0.0
L002343,B00286,2024-05-09,2025-05-09,auto,Lumbini,education,business_owner,52,F,divorced,secondary,84953,738,307545,11.54,12,cash_deposit,0.0649,0.3642,299145.35,7066.64,30_dpd,48,0,259417.68,0.0,2024-Q2,0,0.0
L002344,B00454,2021-03-10,2024-03-10,micro,Karnali,agriculture,informal,70,M,married,master,38204,667,74574,20.35,36,none,0.4,0.7074,79715.94,22556.55,current,0,0,29531.4,0.0,2021-Q1,0,0.0
L002345,B01061,2022-08-25,2023-08-25,auto,Madhesh,health,business_owner,26,F,single,master,144474,787,661270,15.3,12,cash_deposit,0.0096,0.3634,692308.94,2405.97,current,0,0,434175.32,0.0,2022-Q3,0,0.0
L002346,B01091,2025-07-07,2028-07-07,auto,Bagmati,retail,salaried,29,F,married,bachelor,119429,585,122494,16.95,36,vehicle,0.4,0.4037,128331.92,20723.76,current,0,0,36588.48,0.0,2025-Q3,0,0.0
L002347,B00691,2022-05-23,2027-05-23,personal,Lumbini,agriculture,agriculture,28,O,married,secondary,47832,686,243811,13.86,60,guarantee,0.2834,0.4286,257606.45,31284.98,current,0,0,85408.0,0.0,2022-Q2,0,0.0
L002348,B01226,2022-01-19,2023-01-19,SME,Sudurpashchim,manufacturing,salaried,49,F,married,secondary,62534,698,381463,9.98,12,vehicle,0.1924,0.4391,362842.99,30652.38,current,0,0,210436.84,0.0,2022-Q1,0,0.0
L002349,B01245,2025-11-25,2028-11-25,SME,Lumbini,services,informal,67,M,married,bachelor,41710,726,338360,16.5,36,vehicle,0.0923,0.3826,329941.31,11657.34,60_dpd,76,0,253867.83,0.0,2025-Q4,0,0.0
L002350,B01338,2023-03-24,2024-09-24,SME,Karnali,retail,self-employed,21,F,divorced,secondary,76151,607,536832,12.95,18,vehicle,0.4,0.5806,536855.85,124681.98,30_dpd,43,0,217844.89,0.0,2023-Q1,0,0.0
L002351,B00559,2023-01-14,2024-07-14,home,Gandaki,services,business_owner,46,M,married,primary,123964,670,2051958,11.96,18,property,0.3509,0.2353,1899948.34,156872.6,current,0,0,930167.94,0.0,2023-Q1,0,0.0
L002352,B01583,2022-01-06,2023-01-06,personal,Gandaki,education,business_owner,23,M,married,bachelor,148595,645,164462,14.39,12,guarantee,0.4,0.3537,161473.2,22845.13,30_dpd,57,0,47597.69,0.0,2022-Q1,0,0.0
L002353,B01213,2024-03-21,2029-03-21,personal,Lumbini,manufacturing,salaried,32,M,single,bachelor,82533,710,67257,13.44,60,none,0.1726,0.7034,66628.48,8089.54,current,0,0,24316.85,0.0,2024-Q1,0,0.0
L002354,B00085,2024-07-25,2028-07-25,SME,Sudurpashchim,health,salaried,41,M,single,master,78553,725,1399844,15.52,48,property,0.095,0.1762,1322069.98,22125.79,60_dpd,85,0,866161.0,0.0,2024-Q3,0,0.0
L002355,B01784,2024-11-23,2025-11-23,SME,Karnali,construction,self-employed,22,F,married,primary,125113,597,722661,14.5,12,property,0.4,0.3951,673920.51,106508.44,60_dpd,70,0,277553.67,0.0,2024-Q4,0,0.0
L002356,B00320,2024-08-25,2026-08-25,micro,Madhesh,agriculture,salaried,24,M,married,primary,54283,668,84811,19.84,24,none,0.3942,0.7436,87710.97,25710.65,60_dpd,72,0,74374.32,0.0,2024-Q3,0,0.0
L002357,B00090,2024-02-14,2025-08-14,auto,Koshi,retail,business_owner,44,M,married,secondary,146463,615,109268,13.29,18,vehicle,0.4,0.3365,114053.01,15352.42,current,0,0,37920.54,0.0,2024-Q1,0,0.0
L002358,B01189,2024-09-29,2027-09-29,micro,Sudurpashchim,health,salaried,47,M,married,secondary,104789,713,84860,19.6,36,guarantee,0.1619,0.4278,90291.15,6251.95,30_dpd,49,0,34978.76,0.0,2024-Q3,0,0.0
L002359,B00707,2021-12-11,2023-06-11,auto,Gandaki,education,self-employed,67,F,married,master,106497,713,145708,12.91,18,vehicle,0.1319,0.4014,140736.1,7449.07,90_dpd,113,0,110399.59,0.0,2021-Q4,1,0.0
L002360,B00858,2021-09-13,2026-09-13,home,Lumbini,manufacturing,self-employed,44,F,married,bachelor,51947,629,669346,7.5,60,property,0.4,0.1929,646706.29,49904.7,current,0,0,78272.69,0.0,2021-Q3,0,0.0
L002361,B00237,2024-12-13,2029-12-13,personal,Lumbini,health,agriculture,25,M,single,secondary,49696,669,62852,15.89,60,guarantee,0.3875,0.3392,59801.4,7861.46,current,0,0,50623.82,0.0,2024-Q4,0,0.0
L002362,B00227,2021-06-04,2023-06-04,home,Karnali,retail,salaried,64,M,married,secondary,75548,629,885510,9.14,24,property,0.4,0.2434,869729.8,84672.85,30_dpd,48,0,229197.73,0.0,2021-Q2,0,0.0
L002363,B00174,2024-02-19,2027-02-19,SME,Sudurpashchim,wholesale,salaried,26,M,married,bachelor,75873,725,975792,14.29,36,property,0.095,0.342,975593.14,31693.56,90_dpd,96,0,859652.94,0.0,2024-Q1,1,0.0
L002364,B00059,2025-10-26,2028-10-26,auto,Gandaki,services,business_owner,55,M,married,bachelor,117468,682,323518,13.76,36,guarantee,0.3361,0.4452,307726.15,46050.75,current,0,0,245692.31,0.0,2025-Q4,0,0.0
L002365,B00497,2022-10-27,2024-04-27,micro,Gandaki,retail,salaried,32,M,single,secondary,90553,692,55991,17.98,18,cash_deposit,0.3115,0.4019,57783.5,7232.69,current,0,0,11438.59,0.0,2022-Q4,0,0.0
L002366,B01523,2026-04-02,2029-04-02,SME,Sudurpashchim,wholesale,salaried,69,F,married,secondary,65403,697,1204499,13.78,36,vehicle,0.197,0.4478,1110624.72,97996.8,30_dpd,33,0,765781.95,0.0,2026-Q2,0,0.0
L002367,B00382,2025-06-21,2028-06-21,micro,Lumbini,wholesale,salaried,23,M,single,secondary,72903,735,54701,14.53,36,guarantee,0.101,0.497,51080.52,2564.75,current,0,0,29003.84,0.0,2025-Q2,0,0.0
L002368,B00108,2025-08-31,2029-08-31,auto,Madhesh,services,salaried,37,F,divorced,bachelor,48653,672,544569,13.79,48,guarantee,0.3378,0.4615,580527.37,90506.95,60_dpd,84,0,278689.66,0.0,2025-Q3,0,0.0
L002369,B01689,2024-05-28,2029-05-28,SME,Lumbini,agriculture,business_owner,70,F,married,master,94673,687,215139,13.97,60,guarantee,0.2479,0.399,223713.01,22123.96,90_dpd,111,0,190151.86,0.0,2024-Q2,1,0.0
L002370,B00171,2024-10-03,2025-10-03,auto,Bagmati,construction,self-employed,22,F,single,master,116127,679,125586,17.87,12,vehicle,0.2939,0.4734,126910.73,17660.82,current,0,0,47661.61,0.0,2024-Q4,0,0.0
L002371,B00515,2025-08-12,2029-08-12,SME,Sudurpashchim,education,salaried,39,F,single,primary,80766,529,547009,16.8,48,vehicle,0.4,0.4649,567445.47,105533.41,90_dpd,106,0,313662.23,0.0,2025-Q3,1,0.0
L002372,B01387,2024-11-12,2029-11-12,auto,Karnali,agriculture,agriculture,43,F,single,secondary,54620,603,380616,13.84,60,guarantee,0.4,0.4384,395774.12,69408.24,30_dpd,59,0,325534.33,0.0,2024-Q4,0,0.0
L002373,B01384,2026-04-13,2027-04-13,personal,Karnali,manufacturing,agriculture,62,M,married,bachelor,80532,691,87306,13.37,12,none,0.2566,0.6806,80333.51,14030.15,current,0,0,52744.33,0.0,2026-Q2,0,0.0
L002374,B00844,2023-05-26,2026-05-26,home,Koshi,services,salaried,31,F,married,secondary,52491,765,1288154,7.5,36,cash_deposit,0.0861,0.2294,1360058.65,26848.9,defaulted,100,1,147781.48,8913.14,2023-Q2,1,17935.760000000002
L002375,B00167,2021-01-30,2024-01-30,personal,Lumbini,services,salaried,52,M,married,secondary,104003,541,110191,17.27,36,none,0.4,0.847,111880.0,37906.57,defaulted,96,1,89202.59,8123.8,2021-Q1,1,29782.77
L002376,B01109,2025-12-11,2026-12-11,auto,Koshi,services,self-employed,25,M,married,secondary,111779,646,480964,12.32,12,vehicle,0.4,0.5856,499900.73,117090.39,current,0,0,157559.68,0.0,2025-Q4,0,0.0
L002377,B00760,2022-01-04,2024-01-04,personal,Madhesh,services,self-employed,55,F,married,master,66323,643,155697,18.95,24,none,0.4,0.7536,154611.68,46605.34,30_dpd,35,0,17206.47,0.0,2022-Q1,0,0.0
L002378,B00210,2023-06-24,2029-06-24,personal,Bagmati,wholesale,salaried,22,M,single,master,96024,684,62653,16.03,72,none,0.2946,0.8017,61317.68,14482.1,current,0,0,21682.59,0.0,2023-Q2,0,0.0
L002379,B00736,2021-02-12,2024-02-12,personal,Madhesh,services,salaried,44,M,widowed,bachelor,63675,624,102891,15.76,36,none,0.4,0.736,105604.76,31088.21,current,0,0,64650.92,0.0,2021-Q1,0,0.0
L002380,B01594,2024-01-03,2029-01-03,personal,Lumbini,education,business_owner,49,M,single,secondary,105750,792,84841,17.72,60,none,0.037,0.7635,86817.59,2452.8,current,0,0,70091.47,0.0,2024-Q1,0,0.0
L002381,B00870,2024-03-10,2029-03-10,personal,Gandaki,health,business_owner,40,M,married,secondary,16352,668,119060,19.27,60,cash_deposit,0.3942,0.3508,118732.8,16418.23,defaulted,133,1,24044.06,7291.63,2024-Q1,1,9126.599999999999
L002382,B00648,2023-02-12,2028-02-12,SME,Lumbini,wholesale,salaried,58,M,single,secondary,64364,764,1800000,14.1,60,guarantee,0.0871,0.4174,1781864.64,64755.92,defaulted,162,1,917914.24,9504.99,2023-Q1,1,55250.93
L002383,B01726,2022-08-26,2027-08-26,SME,Koshi,retail,agriculture,28,M,widowed,master,43961,549,217613,10.32,60,vehicle,0.4,0.3211,213287.31,27393.11,defaulted,138,1,153180.11,10509.65,2022-Q3,1,16883.46
L002384,B00068,2024-10-02,2029-10-02,personal,Sudurpashchim,retail,agriculture,62,F,widowed,master,31356,785,71697,13.98,60,guarantee,0.0407,0.4199,68850.55,1176.51,current,0,0,57920.99,0.0,2024-Q4,0,0.0
L002385,B01236,2025-07-11,2030-07-11,personal,Bagmati,services,salaried,41,M,single,secondary,62701,740,65388,15.23,60,none,0.091,0.7173,67033.24,4375.44,current,0,0,50701.81,0.0,2025-Q3,0,0.0
L002386,B00169,2023-03-08,2027-03-08,home,Gandaki,services,self-employed,42,F,married,master,60260,662,569215,10.18,48,property,0.4,0.2707,562632.47,60918.41,closed,0,0,0.0,0.0,2023-Q1,0,0.0
L002387,B01425,2023-01-22,2024-07-22,home,Karnali,manufacturing,informal,54,M,single,secondary,53919,652,304908,9.65,18,property,0.4,0.1966,303246.26,23847.46,60_dpd,68,0,42758.98,0.0,2023-Q1,0,0.0
L002388,B00263,2021-11-17,2026-11-17,personal,Lumbini,construction,salaried,38,M,single,bachelor,53827,712,65592,15.12,60,cash_deposit,0.1654,0.2134,68502.83,2417.66,current,0,0,56558.22,0.0,2021-Q4,0,0.0
L002389,B01194,2024-01-03,2025-07-03,SME,Sudurpashchim,wholesale,salaried,60,F,single,primary,56560,485,1788054,17.57,18,guarantee,0.4,0.4467,1905807.79,340499.32,current,0,0,1577824.98,0.0,2024-Q1,0,0.0
L002390,B01372,2021-04-07,2024-04-07,auto,Madhesh,services,salaried,39,M,married,secondary,82974,658,146381,16.67,36,cash_deposit,0.4,0.2574,144527.84,14881.95,defaulted,159,1,142223.75,4362.18,2021-Q2,1,10519.77
L002391,B00389,2021-10-26,2022-10-26,personal,Bagmati,wholesale,informal,42,F,married,secondary,44105,597,124052,13.76,12,guarantee,0.4,0.4145,126896.21,21041.16,current,0,0,75768.4,0.0,2021-Q4,0,0.0
L002392,B01539,2023-12-03,2025-12-03,auto,Lumbini,retail,informal,38,M,single,bachelor,43936,723,295976,8.76,24,vehicle,0.1005,0.3468,274071.25,9550.83,current,0,0,32853.52,0.0,2023-Q4,0,0.0
L002393,B00939,2024-10-10,2027-10-10,home,Bagmati,agriculture,salaried,46,M,single,secondary,77375,697,663275,11.79,36,property,0.197,0.1615,611909.13,19467.84,current,0,0,405799.39,0.0,2024-Q4,0,0.0
L002394,B01398,2026-05-24,2028-05-24,auto,Koshi,agriculture,business_owner,42,F,married,bachelor,109993,684,327195,18.07,24,vehicle,0.2646,0.5132,342571.87,46514.59,current,0,0,329486.81,0.0,2026-Q2,0,0.0
L002395,B00414,2022-08-29,2027-08-29,SME,Lumbini,agriculture,self-employed,40,M,married,secondary,108599,669,446099,17.71,60,cash_deposit,0.3575,0.2395,474267.92,40615.45,60_dpd,77,0,67944.55,0.0,2022-Q3,0,0.0
L002396,B01265,2022-03-04,2024-03-04,SME,Sudurpashchim,retail,salaried,44,M,married,secondary,69381,698,193582,11.11,24,cash_deposit,0.2524,0.2912,180833.61,13292.39,60_dpd,61,0,18607.1,0.0,2022-Q1,0,0.0
L002397,B00148,2024-12-24,2026-12-24,SME,Karnali,retail,salaried,35,M,single,bachelor,69423,792,344965,15.36,24,property,0.007,0.2495,367973.05,642.94,30_dpd,47,0,189301.93,0.0,2024-Q4,0,0.0
L002398,B00972,2021-10-13,2024-10-13,home,Karnali,wholesale,salaried,33,F,single,bachelor,61869,549,453734,11.01,36,cash_deposit,0.4,0.2989,482179.83,57645.75,90_dpd,95,0,131063.79,0.0,2021-Q4,1,0.0
L002399,B00720,2024-07-20,2029-07-20,personal,Lumbini,agriculture,self-employed,69,M,single,secondary,48676,679,71940,14.4,60,none,0.3239,0.7259,74834.7,17598.68,current,0,0,18387.71,0.0,2024-Q3,0,0.0
L002400,B00130,2022-11-10,2024-11-10,personal,Bagmati,services,salaried,60,M,married,secondary,48491,718,112902,15.61,24,guarantee,0.1453,0.5504,104884.09,8389.89,30_dpd,58,0,82444.51,0.0,2022-Q4,0,0.0
L002401,B00790,2026-05-31,2027-05-31,personal,Lumbini,construction,agriculture,21,M,married,secondary,24483,713,175245,20.45,12,none,0.1619,0.85,182740.44,25140.22,current,0,0,91232.55,0.0,2026-Q2,0,0.0
L002402,B01150,2024-12-26,2026-12-26,micro,Madhesh,services,business_owner,59,M,divorced,bachelor,105398,633,62866,18.75,24,none,0.4,0.7858,58014.3,18234.48,current,0,0,24270.49,0.0,2024-Q4,0,0.0
L002403,B01453,2023-02-16,2025-02-16,micro,Gandaki,construction,agriculture,65,M,single,secondary,52155,659,46350,17.51,24,guarantee,0.4,0.3925,44911.41,7050.38,30_dpd,40,0,44781.12,0.0,2023-Q1,0,0.0
L002404,B00951,2021-01-29,2026-01-29,personal,Bagmati,construction,salaried,43,O,widowed,secondary,48969,571,70050,13.97,60,cash_deposit,0.4,0.3636,75072.53,10917.37,60_dpd,73,0,21358.75,0.0,2021-Q1,0,0.0
L002405,B00204,2023-11-15,2027-11-15,personal,Gandaki,services,self-employed,44,M,divorced,secondary,45803,635,102604,17.03,48,none,0.4,0.7892,103823.09,32775.84,current,0,0,96445.86,0.0,2023-Q4,0,0.0
L002406,B01361,2022-05-29,2023-11-29,home,Bagmati,services,salaried,41,F,married,primary,74919,645,481157,13.51,18,property,0.4,0.3996,492495.64,78714.7,defaulted,145,1,299521.0,7598.6,2022-Q2,1,71116.09999999999
L002407,B01030,2023-03-02,2028-03-02,home,Sudurpashchim,health,informal,50,M,single,master,27750,629,609707,14.23,60,property,0.4,0.2688,639561.12,68775.86,current,0,0,327605.25,0.0,2023-Q1,0,0.0
L002408,B01406,2025-06-27,2027-06-27,SME,Gandaki,construction,business_owner,52,F,married,secondary,127340,724,938852,9.75,24,property,0.0977,0.2636,938330.81,24165.94,closed,0,0,0.0,0.0,2025-Q2,0,0.0
L002409,B00737,2024-02-29,2025-02-28,auto,Madhesh,manufacturing,informal,48,M,single,secondary,37750,688,182325,15.15,12,guarantee,0.2424,0.4533,176452.59,19389.49,current,0,0,18485.19,0.0,2024-Q1,0,0.0
L002410,B01447,2023-01-08,2028-01-08,personal,Karnali,construction,self-employed,51,F,single,master,48656,670,145663,18.21,60,cash_deposit,0.3809,0.381,134700.78,19550.66,30_dpd,58,0,106045.13,0.0,2023-Q1,0,0.0
L002411,B00219,2021-04-17,2024-04-17,auto,Lumbini,education,salaried,48,M,divorced,secondary,76537,564,142689,11.24,36,vehicle,0.4,0.3611,137571.02,19871.5,30_dpd,44,0,62491.21,0.0,2021-Q2,0,0.0
L002412,B00523,2021-04-24,2023-04-24,home,Sudurpashchim,retail,agriculture,36,M,married,bachelor,69096,675,979847,12.32,24,cash_deposit,0.3187,0.2714,1037019.74,89667.87,current,0,0,657118.9,0.0,2021-Q2,0,0.0
L002413,B01317,2023-02-22,2024-02-22,home,Karnali,education,salaried,58,M,married,secondary,48359,795,933543,11.35,12,property,0.0056,0.2554,905014.56,1301.23,current,0,0,424518.75,0.0,2023-Q1,0,0.0
L002414,B00128,2021-04-08,2022-04-08,home,Sudurpashchim,services,business_owner,55,F,married,bachelor,51604,613,531310,11.96,12,cash_deposit,0.4,0.3469,554967.49,77016.04,current,0,0,453931.36,0.0,2021-Q2,0,0.0
L002415,B01495,2024-06-01,2027-06-01,SME,Madhesh,wholesale,self-employed,22,F,divorced,secondary,66422,788,263615,14.35,36,property,0.009,0.3074,271571.7,753.25,current,0,0,98041.94,0.0,2024-Q2,0,0.0
L002416,B01552,2022-09-18,2026-09-18,home,Gandaki,retail,salaried,37,M,married,secondary,110608,694,2068284,11.4,48,property,0.2115,0.1116,1942775.28,45835.34,90_dpd,116,0,1121980.53,0.0,2022-Q3,1,0.0
L002417,B00316,2024-07-18,2027-07-18,SME,Sudurpashchim,construction,self-employed,36,M,single,primary,60779,688,917971,14.87,36,property,0.2424,0.3346,944474.36,76603.58,current,0,0,656893.72,0.0,2024-Q3,0,0.0
L002418,B00840,2022-10-03,2024-04-03,auto,Karnali,retail,agriculture,57,M,married,secondary,71191,734,802350,13.46,18,vehicle,0.0732,0.4767,842730.79,29398.63,current,0,0,694237.24,0.0,2022-Q4,0,0.0
L002419,B01050,2022-09-04,2025-09-04,auto,Lumbini,retail,business_owner,21,M,married,bachelor,56204,578,259287,14.6,36,guarantee,0.4,0.3554,271439.56,38586.05,90_dpd,90,0,227314.78,0.0,2022-Q3,1,0.0
L002420,B00101,2021-11-28,2025-11-28,home,Madhesh,retail,salaried,29,M,married,secondary,49515,541,536044,9.86,48,property,0.4,0.2477,572502.76,56725.29,current,0,0,508929.16,0.0,2021-Q4,0,0.0
L002421,B00743,2021-12-02,2022-12-02,auto,Gandaki,construction,salaried,70,F,married,master,56259,674,342677,13.42,12,vehicle,0.325,0.5584,353672.79,64184.6,current,0,0,254537.16,0.0,2021-Q4,0,0.0
L002422,B00814,2021-02-13,2023-02-13,auto,Gandaki,manufacturing,informal,33,M,married,bachelor,79503,710,472256,14.01,24,vehicle,0.1426,0.4378,465662.62,29071.74,current,0,0,206851.92,0.0,2021-Q1,0,0.0
L002423,B01520,2025-04-17,2029-04-17,personal,Madhesh,education,informal,69,M,married,secondary,62684,665,53495,18.87,48,cash_deposit,0.4,0.2382,56555.47,5389.59,30_dpd,33,0,26559.63,0.0,2025-Q2,0,0.0
L002424,B01067,2022-09-19,2025-09-19,home,Lumbini,manufacturing,self-employed,64,F,married,secondary,86167,700,516396,12.67,36,property,0.1833,0.2929,480611.14,25802.82,current,0,0,453280.34,0.0,2022-Q3,0,0.0
L002425,B01195,2024-11-11,2027-11-11,personal,Sudurpashchim,health,salaried,58,M,married,master,92722,848,69240,17.16,36,guarantee,0.0835,0.4739,73256.4,2898.38,defaulted,112,1,69962.93,733.79,2024-Q4,1,2164.59
L002426,B01244,2025-10-30,2027-10-30,SME,Gandaki,construction,informal,41,M,married,bachelor,74153,770,867483,11.08,24,guarantee,0.0214,0.4183,932832.78,8356.17,30_dpd,44,0,653892.32,0.0,2025-Q4,0,0.0
L002427,B00929,2025-01-10,2031-01-10,auto,Karnali,wholesale,salaried,46,M,divorced,bachelor,105329,647,717777,12.69,72,vehicle,0.4,0.399,734364.26,117204.09,90_dpd,100,0,400718.84,0.0,2025-Q1,1,0.0
L002428,B00644,2023-04-15,2025-04-15,SME,Karnali,retail,business_owner,29,F,married,secondary,161523,527,620979,15.72,24,guarantee,0.4,0.4079,625642.65,102091.75,90_dpd,118,0,84980.35,0.0,2023-Q2,1,0.0
L002429,B01349,2023-01-16,2028-01-16,SME,Gandaki,retail,salaried,28,M,married,primary,81707,716,572223,14.78,60,vehicle,0.1217,0.4182,581567.96,29604.27,30_dpd,36,0,211287.48,0.0,2023-Q1,0,0.0
L002430,B01434,2026-04-05,2031-04-05,home,Sudurpashchim,education,salaried,61,M,single,secondary,55596,532,933790,8.94,60,property,0.4,0.2155,883619.18,76160.64,current,0,0,446304.35,0.0,2026-Q2,0,0.0
L002431,B00384,2021-06-03,2022-06-03,personal,Lumbini,health,business_owner,66,M,married,bachelor,130604,732,43924,15.59,12,cash_deposit,0.1076,0.2036,41855.19,917.04,current,0,0,13524.72,0.0,2021-Q2,0,0.0
L002432,B00465,2025-10-12,2028-10-12,personal,Sudurpashchim,health,self-employed,29,O,divorced,primary,90969,643,136375,15.38,36,guarantee,0.4,0.4786,144524.45,27666.81,30_dpd,47,0,80111.69,0.0,2025-Q4,0,0.0
L002433,B00769,2024-12-27,2026-12-27,SME,Bagmati,retail,business_owner,70,F,married,master,106329,674,1641768,15.82,24,vehicle,0.325,0.5218,1685392.93,285803.65,current,0,0,845554.28,0.0,2024-Q4,0,0.0
L002434,B00054,2026-05-23,2032-05-23,SME,Madhesh,retail,business_owner,67,M,married,secondary,156833,687,859927,14.58,72,guarantee,0.2479,0.5832,797014.49,115215.74,60_dpd,70,0,173628.65,0.0,2026-Q2,0,0.0
L002435,B01369,2023-05-31,2025-05-31,micro,Koshi,wholesale,informal,53,F,married,primary,58924,601,25000,19.62,24,none,0.4,0.689,26283.69,7243.57,current,0,0,16181.84,0.0,2023-Q2,0,0.0
L002436,B00669,2025-06-18,2030-06-18,home,Gandaki,manufacturing,salaried,27,M,married,secondary,42122,726,491431,10.12,60,property,0.1523,0.1924,515997.28,15125.06,current,0,0,133525.46,0.0,2025-Q2,0,0.0
L002437,B01235,2023-06-01,2026-06-01,auto,Lumbini,education,salaried,57,O,single,bachelor,61178,621,113660,13.74,36,cash_deposit,0.4,0.1388,122159.68,6780.55,defaulted,94,1,24451.15,1219.38,2023-Q2,1,5561.17
L002438,B01735,2022-03-20,2023-09-20,auto,Sudurpashchim,services,self-employed,48,M,married,master,96744,725,217828,12.87,18,cash_deposit,0.095,0.2442,222401.36,5158.93,60_dpd,87,0,151262.69,0.0,2022-Q1,0,0.0
L002439,B01762,2022-05-02,2024-05-02,personal,Bagmati,services,self-employed,63,M,single,secondary,57205,688,68694,19.89,24,guarantee,0.2724,0.5557,69065.58,10454.79,current,0,0,17253.44,0.0,2022-Q2,0,0.0
L002440,B00109,2025-12-28,2027-12-28,personal,Sudurpashchim,health,agriculture,28,F,single,master,47216,587,59342,17.29,24,none,0.4,0.7172,61163.15,17547.2,current,0,0,13418.45,0.0,2025-Q4,0,0.0
L002441,B00807,2021-03-10,2023-03-10,auto,Madhesh,agriculture,self-employed,37,M,married,primary,66046,670,346411,10.08,24,vehicle,0.3509,0.4175,355317.67,52054.64,current,0,0,196021.02,0.0,2021-Q1,0,0.0
L002442,B00568,2023-11-09,2028-11-09,personal,Gandaki,retail,salaried,31,F,married,master,61523,604,37679,15.22,60,none,0.4,0.7788,36493.91,11369.23,current,0,0,22441.74,0.0,2023-Q4,0,0.0
L002443,B01160,2024-12-23,2028-12-23,personal,Bagmati,education,agriculture,42,F,married,phd,43180,599,169350,14.63,48,guarantee,0.4,0.4396,158759.27,27916.4,30_dpd,54,0,141916.01,0.0,2024-Q4,0,0.0
L002444,B01622,2024-09-12,2026-09-12,personal,Bagmati,health,salaried,64,F,married,secondary,66108,619,82646,12.4,24,cash_deposit,0.4,0.368,81368.92,11976.89,current,0,0,36998.86,0.0,2024-Q3,0,0.0
L002445,B01200,2024-10-30,2027-10-30,home,Karnali,education,salaried,46,M,married,master,84548,663,732999,11.07,36,property,0.3982,0.353,726288.62,102077.81,30_dpd,48,0,213379.55,0.0,2024-Q4,0,0.0
L002446,B00648,2023-06-22,2026-06-22,SME,Lumbini,wholesale,salaried,58,M,single,secondary,64364,793,1179153,9.44,36,property,0.0665,0.2004,1127495.45,15030.36,60_dpd,83,0,977921.22,0.0,2023-Q2,0,0.0
L002447,B00752,2024-10-11,2027-10-11,SME,Karnali,services,salaried,53,M,divorced,primary,48446,599,846271,12.23,36,vehicle,0.4,0.4651,864087.91,160770.17,current,0,0,346301.18,0.0,2024-Q4,0,0.0
L002448,B00174,2025-05-20,2027-05-20,micro,Sudurpashchim,wholesale,salaried,26,M,married,bachelor,75873,727,108651,20.97,24,guarantee,0.1198,0.4286,101741.32,5221.36,current,0,0,42194.46,0.0,2025-Q2,0,0.0
L002449,B01140,2021-09-03,2024-09-03,home,Lumbini,retail,self-employed,26,F,single,secondary,96255,709,508042,12.51,36,cash_deposit,0.1463,0.1933,476720.59,13484.82,current,0,0,326067.62,0.0,2021-Q3,0,0.0
L002450,B00133,2023-09-14,2029-09-14,personal,Sudurpashchim,agriculture,informal,55,F,married,phd,21746,697,267123,15.07,72,guarantee,0.227,0.4392,258069.08,25735.59,30_dpd,43,0,188544.81,0.0,2023-Q3,0,0.0
L002451,B00209,2024-07-22,2029-07-22,personal,Bagmati,services,self-employed,59,F,married,bachelor,89873,704,499158,14.18,60,cash_deposit,0.1961,0.4652,534092.52,48724.23,current,0,0,59863.55,0.0,2024-Q3,0,0.0
L002452,B00721,2021-03-19,2024-03-19,home,Lumbini,retail,salaried,34,F,married,bachelor,60861,659,792437,14.88,36,property,0.4,0.1986,771227.14,61257.12,current,0,0,604063.99,0.0,2021-Q1,0,0.0
L002453,B01509,2022-01-05,2025-01-05,personal,Karnali,health,salaried,70,M,married,master,78925,739,43930,17.96,36,cash_deposit,0.0929,0.3034,46500.77,1310.7,current,0,0,24727.39,0.0,2022-Q1,0,0.0
L002454,B01031,2024-09-02,2027-09-02,auto,Karnali,retail,salaried,58,F,single,secondary,67539,617,291499,16.16,36,cash_deposit,0.4,0.2736,299351.91,32760.85,closed,0,0,0.0,0.0,2024-Q3,0,0.0
L002455,B00172,2024-11-06,2026-05-06,SME,Gandaki,agriculture,informal,62,M,married,master,36412,459,419063,13.41,18,cash_deposit,0.4,0.283,398887.23,45158.95,current,0,0,122266.85,0.0,2024-Q4,0,0.0
L002456,B00787,2021-07-20,2023-01-20,home,Lumbini,health,business_owner,54,M,single,secondary,153039,734,1995477,11.12,18,property,0.0732,0.299,2139782.37,46808.64,current,0,0,516766.07,0.0,2021-Q3,0,0.0
L002457,B01342,2024-05-03,2027-05-03,home,Gandaki,retail,salaried,28,F,single,bachelor,93695,595,430232,10.08,36,cash_deposit,0.4,0.4,396803.32,63488.73,60_dpd,74,0,280297.02,0.0,2024-Q2,0,0.0
L002458,B01455,2021-06-24,2024-06-24,auto,Bagmati,health,self-employed,30,M,single,master,59129,569,117734,13.62,36,vehicle,0.4,0.3983,113072.72,18015.37,30_dpd,41,0,32805.06,0.0,2021-Q2,0,0.0
L002459,B00324,2024-07-03,2027-07-03,personal,Bagmati,services,salaried,68,M,single,secondary,86396,566,25000,14.71,36,none,0.4,0.8041,23904.49,7688.81,30_dpd,54,0,2694.33,0.0,2024-Q3,0,0.0
L002460,B00164,2021-10-28,2022-10-28,personal,Madhesh,services,salaried,49,F,married,bachelor,59874,601,148110,15.46,12,guarantee,0.4,0.5394,158319.45,34162.09,defaulted,168,1,96584.78,4884.47,2021-Q4,1,29277.619999999995
L002461,B01203,2022-10-22,2026-10-22,personal,Lumbini,retail,salaried,32,M,married,primary,56867,841,61266,16.33,48,none,0.0242,0.6474,57441.09,901.7,30_dpd,30,0,16503.56,0.0,2022-Q4,0,0.0
L002462,B00627,2024-04-02,2027-04-02,home,Lumbini,services,salaried,43,F,single,secondary,61167,648,352241,8.86,36,property,0.4,0.2507,341994.89,34295.01,current,0,0,132682.71,0.0,2024-Q2,0,0.0
L002463,B00642,2025-06-06,2027-06-06,personal,Koshi,manufacturing,self-employed,67,F,single,secondary,120751,691,53954,14.29,24,guarantee,0.2566,0.3263,56432.39,4724.82,current,0,0,7363.68,0.0,2025-Q2,0,0.0
L002464,B00048,2025-06-27,2030-06-27,auto,Lumbini,agriculture,self-employed,70,M,married,secondary,108083,643,409962,12.14,60,vehicle,0.4,0.3598,435292.94,62646.07,current,0,0,379413.41,0.0,2025-Q2,0,0.0
L002465,B01424,2021-07-25,2024-07-25,personal,Karnali,construction,self-employed,65,M,single,master,38125,535,114267,15.25,36,guarantee,0.4,0.4155,120780.06,20075.38,current,0,0,106769.42,0.0,2021-Q3,0,0.0
L002466,B01545,2021-06-27,2023-06-27,micro,Bagmati,education,salaried,65,F,single,bachelor,90555,679,49757,17.82,24,none,0.3239,0.7642,47739.23,11818.1,defaulted,108,1,28322.68,5258.98,2021-Q2,1,6559.120000000001
L002467,B00730,2025-10-01,2027-10-01,home,Koshi,education,informal,30,M,married,bachelor,71064,783,743547,12.08,24,property,0.0719,0.2613,755030.5,14181.29,60_dpd,75,0,559367.67,0.0,2025-Q4,0,0.0
L002468,B01701,2024-05-05,2027-05-05,SME,Koshi,health,self-employed,24,F,married,bachelor,106215,719,373390,15.01,36,cash_deposit,0.1122,0.3551,378169.07,15072.67,current,0,0,262586.16,0.0,2024-Q2,0,0.0
L002469,B00464,2021-11-13,2024-11-13,micro,Koshi,manufacturing,self-employed,43,M,married,bachelor,75838,610,25208,18.33,36,guarantee,0.4,0.4425,25749.08,4557.66,closed,0,0,0.0,0.0,2021-Q4,0,0.0
L002470,B00803,2024-08-10,2027-08-10,personal,Karnali,wholesale,self-employed,57,M,married,bachelor,34835,692,37522,15.76,36,guarantee,0.2515,0.3578,39232.32,3529.72,current,0,0,28285.97,0.0,2024-Q3,0,0.0
L002471,B00810,2025-10-29,2029-10-29,home,Madhesh,manufacturing,self-employed,29,M,married,bachelor,79089,621,856278,9.77,48,property,0.4,0.2289,882038.1,80763.12,current,0,0,358317.19,0.0,2025-Q4,0,0.0
L002472,B01482,2024-04-23,2029-04-23,personal,Koshi,construction,salaried,53,M,single,bachelor,91593,606,96642,20.43,60,guarantee,0.4,0.2164,91532.25,7922.29,closed,0,0,0.0,0.0,2024-Q2,0,0.0
L002473,B00523,2025-07-20,2029-07-20,personal,Sudurpashchim,retail,agriculture,36,M,married,bachelor,69096,689,90143,18.46,48,none,0.2671,0.7458,96469.07,19213.9,current,0,0,11275.95,0.0,2025-Q3,0,0.0
L002474,B01720,2024-01-06,2025-01-06,personal,Sudurpashchim,agriculture,salaried,25,F,married,secondary,79304,748,72302,13.84,12,none,0.0773,0.7049,68501.89,3733.96,current,0,0,61101.07,0.0,2024-Q1,0,0.0
L002475,B00406,2024-03-13,2029-03-13,auto,Koshi,health,salaried,55,M,married,master,91543,698,327438,8.68,60,vehicle,0.1924,0.4644,346677.97,30976.12,closed,0,0,0.0,0.0,2024-Q1,0,0.0
L002476,B00630,2024-07-30,2026-01-30,home,Madhesh,retail,salaried,65,M,single,secondary,88302,619,195933,10.97,18,guarantee,0.4,0.4752,185791.81,35313.04,30_dpd,58,0,149954.86,0.0,2024-Q3,0,0.0
L002477,B01303,2024-06-20,2025-06-20,home,Gandaki,services,business_owner,50,M,married,secondary,98719,720,709656,11.05,12,guarantee,0.1092,0.4015,763255.46,33460.98,30_dpd,32,0,301167.77,0.0,2024-Q2,0,0.0
L002478,B01591,2022-07-12,2025-07-12,home,Sudurpashchim,health,salaried,35,M,single,secondary,85645,624,1027968,11.33,36,property,0.4,0.1046,949925.09,39762.47,current,0,0,803481.99,0.0,2022-Q3,0,0.0
L002479,B00073,2023-01-03,2026-01-03,home,Gandaki,wholesale,informal,64,M,married,master,66107,685,1310754,10.85,36,guarantee,0.2589,0.3644,1227470.48,115819.01,current,0,0,1046941.12,0.0,2023-Q1,0,0.0
L002480,B01744,2025-12-03,2029-12-03,personal,Lumbini,education,business_owner,23,F,widowed,bachelor,206205,574,52027,18.33,48,cash_deposit,0.4,0.2036,54910.32,4472.54,current,0,0,49356.48,0.0,2025-Q4,0,0.0
L002481,B00888,2024-11-16,2029-11-16,SME,Sudurpashchim,retail,salaried,24,M,married,primary,71227,616,313448,11.53,60,property,0.4,0.2824,324671.38,36672.27,30_dpd,51,0,60884.69,0.0,2024-Q4,0,0.0
L002482,B01221,2024-01-16,2028-01-16,personal,Sudurpashchim,construction,business_owner,62,F,married,primary,17296,687,222741,18.87,48,none,0.2779,0.85,222237.16,52487.41,current,0,0,23746.6,0.0,2024-Q1,0,0.0
L002483,B01102,2022-06-23,2026-06-23,auto,Lumbini,health,self-employed,61,F,married,secondary,115840,663,308068,17.29,48,vehicle,0.4,0.5713,306348.81,70004.22,current,0,0,117763.03,0.0,2022-Q2,0,0.0
L002484,B01574,2022-05-15,2024-05-15,personal,Bagmati,agriculture,informal,59,M,married,phd,36799,583,87351,17.27,24,guarantee,0.4,0.3958,80984.08,12822.79,current,0,0,80379.84,0.0,2022-Q2,0,0.0
L002485,B00851,2025-06-20,2026-06-20,micro,Koshi,services,self-employed,38,M,single,primary,136173,560,37243,13.89,12,guarantee,0.4,0.4595,38338.98,7047.39,current,0,0,38242.13,0.0,2025-Q2,0,0.0
L002486,B00728,2021-05-29,2024-05-29,micro,Sudurpashchim,education,self-employed,31,M,married,primary,88048,587,27152,17.08,36,cash_deposit,0.4,0.2904,25588.24,2972.28,30_dpd,37,0,24407.12,0.0,2021-Q2,0,0.0
L002487,B00997,2022-12-13,2023-12-13,personal,Madhesh,retail,salaried,54,F,widowed,bachelor,94828,703,78882,18.93,12,guarantee,0.2003,0.5279,85184.98,9007.87,current,0,0,61917.06,0.0,2022-Q4,0,0.0
L002488,B01698,2024-08-07,2027-08-07,SME,Gandaki,construction,salaried,67,F,married,master,68227,672,663807,16.27,36,property,0.3378,0.3805,616125.89,79210.93,90_dpd,108,0,297706.42,0.0,2024-Q3,1,0.0
L002489,B01065,2024-02-13,2026-02-13,SME,Madhesh,services,salaried,43,M,married,bachelor,63145,669,307594,13.48,24,property,0.3575,0.2044,323221.94,23614.68,60_dpd,84,0,131363.63,0.0,2024-Q1,0,0.0
L002490,B01211,2023-02-08,2026-02-08,SME,Koshi,services,informal,60,M,single,secondary,54545,704,436606,13.94,36,property,0.1661,0.3873,405529.77,26094.5,current,0,0,273890.74,0.0,2023-Q1,0,0.0
L002491,B00447,2022-03-27,2025-03-27,auto,Koshi,construction,self-employed,52,M,married,secondary,76995,715,494363,15.36,36,vehicle,0.185,0.427,501484.6,39618.43,current,0,0,433991.18,0.0,2022-Q1,0,0.0
L002492,B01600,2022-10-26,2023-10-26,personal,Madhesh,education,salaried,36,M,married,master,60915,648,76966,18.15,12,cash_deposit,0.4,0.1811,81216.91,5881.79,current,0,0,49360.57,0.0,2022-Q4,0,0.0
L002493,B01621,2022-06-05,2023-06-05,home,Bagmati,retail,salaried,36,M,married,phd,90986,585,724270,12.01,12,property,0.4,0.1714,702829.73,48191.79,90_dpd,119,0,113244.15,0.0,2022-Q2,1,0.0
L002494,B00340,2025-08-14,2031-08-14,SME,Karnali,retail,salaried,28,M,single,bachelor,43797,704,815262,8.59,72,property,0.1661,0.3125,827706.0,42963.79,current,0,0,538259.03,0.0,2025-Q3,0,0.0
L002495,B00368,2022-02-16,2026-02-16,SME,Sudurpashchim,agriculture,agriculture,69,M,married,secondary,51846,683,655123,14.65,48,guarantee,0.2703,0.3343,624257.67,56408.38,current,0,0,387870.49,0.0,2022-Q1,0,0.0
L002496,B00795,2024-08-07,2025-08-07,SME,Karnali,education,salaried,37,M,single,master,30826,683,902261,13.45,12,guarantee,0.2703,0.4146,865638.83,97010.16,30_dpd,42,0,111639.47,0.0,2024-Q3,0,0.0
L002497,B01577,2024-05-31,2027-05-31,home,Karnali,construction,self-employed,51,M,divorced,primary,58606,769,532703,10.34,36,property,0.0223,0.2636,567166.71,3332.97,30_dpd,45,0,329606.17,0.0,2024-Q2,0,0.0
L002498,B00456,2024-01-17,2027-01-17,personal,Karnali,retail,salaried,50,M,married,bachelor,94729,734,129346,13.57,36,none,0.1032,0.7862,133347.46,10816.45,defaulted,116,1,61527.4,1844.22,2024-Q1,1,8972.230000000001
L002499,B01255,2026-03-29,2028-03-29,personal,Sudurpashchim,retail,self-employed,58,M,married,bachelor,110245,631,153256,15.31,24,cash_deposit,0.4,0.3979,155779.6,24793.55,90_dpd,90,0,137349.66,0.0,2026-Q1,1,0.0
L002500,B00458,2023-05-24,2028-05-24,micro,Koshi,services,salaried,37,M,widowed,secondary,40899,684,46052,16.98,60,cash_deposit,0.2946,0.4484,47396.5,6261.26,current,0,0,7039.51,0.0,2023-Q2,0,0.0
L002501,B00468,2021-07-18,2023-07-18,personal,Lumbini,services,salaried,21,F,married,secondary,50731,626,50594,16.73,24,cash_deposit,0.4,0.3535,54518.54,7708.58,current,0,0,7043.22,0.0,2021-Q3,0,0.0
L002502,B01757,2021-10-10,2027-10-10,SME,Sudurpashchim,manufacturing,business_owner,48,F,single,bachelor,205433,719,245434,15.0,72,property,0.1122,0.3492,260605.05,10212.68,defaulted,145,1,201152.28,875.9,2021-Q4,1,9336.78
L002503,B00234,2023-01-07,2026-01-07,personal,Sudurpashchim,health,self-employed,37,F,married,master,86165,622,92027,12.67,36,none,0.4,0.7672,96524.19,29620.27,current,0,0,75999.53,0.0,2023-Q1,0,0.0
L002504,B00379,2024-06-24,2027-06-24,personal,Karnali,health,self-employed,45,F,divorced,master,59559,677,72155,16.63,36,cash_deposit,0.3362,0.2779,70593.75,6594.73,closed,0,0,0.0,0.0,2024-Q2,0,0.0
L002505,B00097,2021-12-05,2024-12-05,auto,Karnali,retail,salaried,65,F,married,secondary,70679,636,255021,12.06,36,guarantee,0.4,0.3542,260523.19,36912.13,current,0,0,155104.61,0.0,2021-Q4,0,0.0
L002506,B00652,2024-03-26,2025-03-26,SME,Madhesh,construction,informal,60,M,single,bachelor,42754,756,664316,11.35,12,property,0.0362,0.2744,645636.21,6404.26,current,0,0,639644.88,0.0,2024-Q1,0,0.0
L002507,B01509,2026-01-01,2029-01-01,personal,Karnali,health,salaried,70,M,married,master,78925,810,131109,19.87,36,none,0.0302,0.7769,134079.32,3149.5,60_dpd,70,0,53604.7,0.0,2026-Q1,0,0.0
L002508,B01424,2026-05-20,2029-05-20,micro,Karnali,construction,self-employed,65,M,single,master,38125,527,61536,19.05,36,guarantee,0.4,0.363,56811.57,8249.25,current,0,0,34837.98,0.0,2026-Q2,0,0.0
L002509,B01131,2024-05-14,2025-05-14,SME,Koshi,retail,salaried,37,F,married,primary,75104,650,553647,13.01,12,vehicle,0.4,0.415,546619.98,90735.73,current,0,0,365036.64,0.0,2024-Q2,0,0.0
L002510,B01165,2021-10-04,2022-10-04,micro,Gandaki,retail,business_owner,53,M,married,secondary,201349,618,95973,17.9,12,cash_deposit,0.4,0.4211,97477.62,16419.6,90_dpd,107,0,47641.73,0.0,2021-Q4,1,0.0
L002511,B00748,2025-04-15,2028-04-15,SME,Karnali,agriculture,self-employed,56,M,married,bachelor,118028,598,1800000,13.28,36,guarantee,0.4,0.4024,1688099.18,271738.54,current,0,0,902037.91,0.0,2025-Q2,0,0.0
L002512,B00271,2025-05-08,2029-05-08,SME,Bagmati,retail,informal,51,F,married,bachelor,47925,671,661796,16.16,48,property,0.3443,0.3197,625112.89,68822.75,defaulted,136,1,358051.51,24379.76,2025-Q2,1,44442.990000000005
L002513,B01777,2023-06-23,2024-06-23,micro,Karnali,retail,agriculture,52,F,married,secondary,16028,698,25000,21.71,12,cash_deposit,0.2224,0.2333,25288.58,1312.08,current,0,0,20615.58,0.0,2023-Q2,0,0.0
L002514,B01426,2024-12-02,2026-06-02,personal,Koshi,manufacturing,salaried,43,M,single,primary,85035,665,92646,19.23,18,none,0.4,0.7773,91048.31,28308.77,current,0,0,18848.74,0.0,2024-Q4,0,0.0
L002515,B01040,2025-07-30,2027-01-30,personal,Karnali,manufacturing,salaried,26,F,single,secondary,101073,723,163631,12.83,18,none,0.1305,0.7331,168144.8,16086.05,current,0,0,129968.02,0.0,2025-Q3,0,0.0
L002516,B01476,2025-07-02,2029-07-02,home,Koshi,services,salaried,55,M,married,primary,44114,626,1871565,14.3,48,guarantee,0.4,0.3623,1749766.11,253582.66,90_dpd,104,0,1695017.89,0.0,2025-Q3,1,0.0
L002517,B00375,2023-01-30,2026-01-30,personal,Koshi,retail,informal,43,M,married,bachelor,34892,716,293243,13.83,36,guarantee,0.2117,0.3185,279353.48,18839.23,30_dpd,32,0,132557.04,0.0,2023-Q1,0,0.0
L002518,B00458,2023-03-01,2026-03-01,auto,Koshi,services,salaried,37,M,widowed,secondary,40899,691,279768,12.92,36,vehicle,0.2266,0.352,274002.58,21858.01,closed,0,0,0.0,0.0,2023-Q1,0,0.0
L002519,B00928,2021-05-04,2026-05-04,home,Bagmati,education,agriculture,37,M,married,secondary,41003,706,365438,12.75,60,property,0.158,0.2282,363577.6,13110.26,current,0,0,291741.88,0.0,2021-Q2,0,0.0
L002520,B00546,2021-03-13,2026-03-13,personal,Karnali,retail,self-employed,49,M,single,bachelor,113021,636,83772,16.06,60,cash_deposit,0.4,0.3121,82803.32,10337.55,30_dpd,47,0,60329.05,0.0,2021-Q1,0,0.0
L002521,B01123,2024-01-13,2025-01-13,SME,Gandaki,construction,self-employed,34,M,single,master,70322,649,1350303,17.66,12,property,0.4,0.2425,1280637.69,124198.81,90_dpd,96,0,432795.07,0.0,2024-Q1,1,0.0
L002522,B00160,2021-09-21,2024-09-21,personal,Bagmati,wholesale,salaried,59,O,married,secondary,51764,705,83752,15.48,36,guarantee,0.192,0.4282,88233.58,7253.72,current,0,0,59133.23,0.0,2021-Q3,0,0.0
L002523,B01473,2025-03-01,2026-09-01,SME,Madhesh,retail,business_owner,69,F,single,secondary,161390,684,1471846,13.36,18,vehicle,0.2646,0.5609,1506868.99,223634.26,current,0,0,986770.59,0.0,2025-Q1,0,0.0
L002524,B00195,2024-08-25,2026-02-25,SME,Madhesh,services,informal,29,M,married,master,28234,646,339413,12.01,18,guarantee,0.4,0.432,317198.24,54813.97,current,0,0,224760.85,0.0,2024-Q3,0,0.0
L002525,B00569,2021-11-05,2024-11-05,personal,Koshi,services,agriculture,49,F,single,primary,58751,589,84634,16.48,36,none,0.4,0.7928,83004.74,26323.83,30_dpd,38,0,30366.26,0.0,2021-Q4,0,0.0
L002526,B00286,2021-06-11,2027-06-11,home,Lumbini,education,business_owner,52,F,divorced,secondary,84953,723,672313,9.23,72,guarantee,0.1005,0.4135,671054.62,27882.31,defaulted,94,1,490028.02,6236.31,2021-Q2,1,21646.0
L002527,B01345,2025-09-14,2029-09-14,SME,Bagmati,construction,salaried,23,F,married,secondary,98385,704,194429,13.2,48,guarantee,0.1661,0.4648,187576.06,14483.05,60_dpd,67,0,90285.03,0.0,2025-Q3,0,0.0
L002528,B00028,2023-11-04,2024-11-04,home,Karnali,manufacturing,self-employed,64,M,married,primary,33656,675,388007,9.67,12,property,0.3187,0.2506,410613.24,32788.81,60_dpd,87,0,140003.55,0.0,2023-Q4,0,0.0
L002529,B01704,2024-11-20,2029-11-20,home,Lumbini,services,self-employed,54,M,widowed,primary,99401,700,396468,14.26,60,property,0.1833,0.3576,398860.13,26147.65,closed,0,0,0.0,0.0,2024-Q4,0,0.0
L002530,B00932,2024-05-14,2027-05-14,SME,Gandaki,manufacturing,informal,28,M,married,secondary,52042,715,969767,16.03,36,property,0.125,0.3173,902763.49,35812.26,current,0,0,733818.23,0.0,2024-Q2,0,0.0
L002531,B01257,2022-02-09,2025-02-09,home,Madhesh,construction,salaried,27,F,married,bachelor,76167,586,2284420,10.15,36,property,0.4,0.2882,2398220.44,276441.53,90_dpd,106,0,1912252.34,0.0,2022-Q1,1,0.0
L002532,B00628,2021-06-06,2024-06-06,SME,Koshi,retail,salaried,36,F,married,phd,74681,641,533766,15.36,36,guarantee,0.4,0.5599,568817.42,127398.94,closed,0,0,0.0,0.0,2021-Q2,0,0.0
L002533,B00483,2024-06-24,2025-06-24,micro,Koshi,services,agriculture,32,F,married,primary,34551,656,92680,22.12,12,none,0.4,0.7293,89964.4,26243.81,30_dpd,35,0,49620.34,0.0,2024-Q2,0,0.0
L002534,B01031,2024-04-14,2028-04-14,SME,Karnali,retail,salaried,58,F,single,secondary,67539,556,611364,13.99,48,property,0.4,0.2899,605431.21,70206.22,closed,0,0,0.0,0.0,2024-Q2,0,0.0
L002535,B00410,2024-12-24,2026-12-24,SME,Madhesh,services,agriculture,33,M,single,master,29902,637,696922,10.84,24,vehicle,0.4,0.546,658420.76,143806.44,current,0,0,389261.56,0.0,2024-Q4,0,0.0
L002536,B00031,2025-02-11,2028-02-11,auto,Karnali,retail,self-employed,47,M,married,master,117465,651,121352,14.91,36,guarantee,0.4,0.4978,122338.33,24360.43,60_dpd,87,0,95591.92,0.0,2025-Q1,0,0.0
L002537,B01355,2025-02-26,2030-02-26,SME,Koshi,retail,agriculture,52,M,single,secondary,47097,620,1403264,15.84,60,cash_deposit,0.4,0.3692,1513661.72,223510.96,current,0,0,1495553.5,0.0,2025-Q1,0,0.0
L002538,B01176,2023-07-03,2025-01-03,personal,Gandaki,services,business_owner,25,M,married,master,156301,712,161992,19.83,18,none,0.2254,0.7341,155773.25,25769.61,closed,0,0,0.0,0.0,2023-Q3,0,0.0
L002539,B00148,2024-04-23,2027-04-23,SME,Karnali,retail,salaried,35,M,single,bachelor,69423,756,466291,12.03,36,guarantee,0.0362,0.4898,434571.61,7695.7,60_dpd,80,0,112905.83,0.0,2024-Q2,0,0.0
L002540,B00021,2022-09-12,2028-09-12,personal,Karnali,retail,business_owner,50,M,single,secondary,178069,762,169981,17.13,72,cash_deposit,0.0592,0.2346,174487.69,2422.24,current,0,0,80947.11,0.0,2022-Q3,0,0.0
L002541,B00141,2022-12-25,2027-12-25,personal,Lumbini,construction,agriculture,25,M,single,secondary,68099,669,298079,16.07,60,none,0.3875,0.6279,313154.06,76200.01,closed,0,0,0.0,0.0,2022-Q4,0,0.0
L002542,B00413,2026-03-08,2031-03-08,personal,Sudurpashchim,wholesale,self-employed,65,F,single,bachelor,109301,557,31683,14.79,60,cash_deposit,0.4,0.2818,29594.56,3335.83,current,0,0,15912.64,0.0,2026-Q1,0,0.0
L002543,B01363,2021-04-23,2023-04-23,SME,Lumbini,wholesale,self-employed,51,F,married,secondary,61781,619,773293,13.8,24,property,0.4,0.2756,742767.36,81882.94,current,0,0,692481.92,0.0,2021-Q2,0,0.0
L002544,B00332,2021-05-06,2022-05-06,auto,Lumbini,education,salaried,32,M,married,primary,90685,578,429625,12.26,12,vehicle,0.4,0.4189,412465.82,69120.95,current,0,0,349074.07,0.0,2021-Q2,0,0.0
L002545,B01236,2024-05-03,2027-05-03,micro,Bagmati,services,salaried,41,M,single,secondary,62701,653,38213,20.11,36,none,0.4,0.6218,40088.47,9971.25,current,0,0,36263.44,0.0,2024-Q2,0,0.0
L002546,B00013,2023-04-26,2027-04-26,home,Lumbini,health,self-employed,56,F,single,master,91411,728,2259780,12.73,48,property,0.0872,0.3339,2202973.66,64151.15,defaulted,167,1,1209280.04,8206.87,2023-Q2,1,55944.28
L002547,B00655,2024-03-10,2027-03-10,SME,Lumbini,retail,informal,70,F,married,bachelor,35987,688,1761973,9.56,36,property,0.2424,0.1848,1892525.18,84764.88,current,0,0,1743391.86,0.0,2024-Q1,0,0.0
L002548,B01094,2025-12-21,2030-12-21,micro,Gandaki,retail,business_owner,55,F,widowed,secondary,106849,645,34894,18.05,60,guarantee,0.4,0.3422,32649.39,4469.57,60_dpd,79,0,23718.65,0.0,2025-Q4,0,0.0
L002549,B01731,2025-12-01,2027-06-01,personal,Bagmati,construction,salaried,26,M,married,primary,45530,669,90031,13.81,18,cash_deposit,0.3875,0.256,88702.79,8800.51,closed,0,0,0.0,0.0,2025-Q4,0,0.0
L002550,B01445,2021-02-21,2024-02-21,personal,Koshi,agriculture,self-employed,41,F,married,secondary,97729,692,87018,12.41,36,cash_deposit,0.2515,0.31,87491.16,6819.52,current,0,0,31272.64,0.0,2021-Q1,0,0.0
L002551,B00878,2024-11-08,2026-11-08,home,Sudurpashchim,construction,self-employed,63,M,single,bachelor,100502,735,1035059,14.57,24,property,0.071,0.4009,954919.27,27191.47,90_dpd,116,0,240265.0,0.0,2024-Q4,1,0.0
L002552,B00417,2021-01-24,2024-01-24,personal,Gandaki,retail,informal,66,F,married,secondary,35841,642,63585,15.56,36,guarantee,0.4,0.4636,66597.67,12349.87,current,0,0,35562.6,0.0,2021-Q1,0,0.0
L002553,B00234,2025-04-27,2030-04-27,personal,Sudurpashchim,health,self-employed,37,F,married,master,86165,637,56206,17.12,60,guarantee,0.4,0.3293,52402.68,6903.08,current,0,0,27134.47,0.0,2025-Q2,0,0.0
L002554,B01554,2023-08-29,2029-08-29,personal,Lumbini,services,informal,46,M,divorced,secondary,52136,707,109517,17.07,72,none,0.184,0.6619,114957.04,14003.49,current,0,0,71590.27,0.0,2023-Q3,0,0.0
L002555,B00980,2022-08-07,2023-08-07,SME,Sudurpashchim,services,self-employed,38,F,single,master,132645,649,567586,13.38,12,guarantee,0.4,0.36,546653.91,78727.96,30_dpd,46,0,111318.69,0.0,2022-Q3,0,0.0
L002556,B01571,2021-10-05,2026-10-05,personal,Karnali,wholesale,informal,55,F,married,secondary,62899,644,144259,19.63,60,none,0.4,0.7593,148030.81,44962.51,current,0,0,137584.18,0.0,2021-Q4,0,0.0
L002557,B00144,2022-06-27,2026-06-27,personal,Sudurpashchim,manufacturing,self-employed,59,F,single,secondary,97981,687,105016,16.93,48,cash_deposit,0.2779,0.292,109586.06,8892.35,current,0,0,60107.82,0.0,2022-Q2,0,0.0
L002558,B01206,2024-09-29,2026-09-29,home,Koshi,retail,self-employed,60,F,married,bachelor,171329,598,2474528,8.95,24,property,0.4,0.1679,2578071.17,173108.87,30_dpd,47,0,668618.6,0.0,2024-Q3,0,0.0
L002559,B01593,2021-10-16,2025-10-16,SME,Bagmati,wholesale,salaried,24,M,single,secondary,60747,693,573123,10.76,48,guarantee,0.2164,0.4658,616963.88,62203.95,closed,0,0,0.0,0.0,2021-Q4,0,0.0
L002560,B00039,2025-07-13,2026-07-13,personal,Karnali,construction,salaried,57,M,married,primary,43371,608,70097,19.2,12,none,0.4,0.8448,72282.13,24424.46,current,0,0,7841.03,0.0,2025-Q3,0,0.0
L002561,B00119,2026-03-24,2029-03-24,home,Lumbini,agriculture,business_owner,29,F,married,bachelor,71541,581,1626876,13.71,36,property,0.4,0.3144,1696466.8,213368.2,60_dpd,61,0,1285147.84,0.0,2026-Q1,0,0.0
L002562,B00091,2026-04-21,2032-04-21,personal,Koshi,manufacturing,informal,46,M,married,secondary,15000,728,76596,14.25,72,guarantee,0.1172,0.382,79571.41,3562.98,90_dpd,106,0,26628.91,0.0,2026-Q2,1,0.0
L002563,B00685,2022-07-17,2024-07-17,home,Gandaki,services,business_owner,65,F,married,phd,113263,620,1095638,12.73,24,property,0.4,0.2277,1161985.73,105845.92,current,0,0,766778.89,0.0,2022-Q3,0,0.0
L002564,B00279,2025-01-09,2029-01-09,personal,Madhesh,manufacturing,informal,69,F,married,secondary,43113,679,138861,13.41,48,none,0.3239,0.7088,136214.95,31278.47,current,0,0,117230.59,0.0,2025-Q1,0,0.0
L002565,B00742,2022-11-16,2023-11-16,micro,Bagmati,services,informal,28,F,married,master,78427,710,68737,16.17,12,none,0.1726,0.8387,67773.09,9811.87,60_dpd,81,0,9691.22,0.0,2022-Q4,0,0.0
L002566,B01016,2021-04-01,2024-04-01,SME,Madhesh,health,salaried,60,F,married,secondary,65809,704,981563,13.65,36,property,0.1661,0.2448,1020513.47,41506.77,30_dpd,48,0,751939.08,0.0,2021-Q2,0,0.0
L002567,B01261,2022-07-29,2026-07-29,home,Sudurpashchim,health,salaried,47,F,single,bachelor,53335,581,729520,7.73,48,property,0.4,0.3708,771346.24,114416.37,current,0,0,105856.45,0.0,2022-Q3,0,0.0
L002568,B00539,2021-02-07,2026-02-07,personal,Madhesh,construction,self-employed,23,F,widowed,master,62620,614,141405,15.82,60,guarantee,0.4,0.4158,142327.71,23670.59,90_dpd,104,0,75343.57,0.0,2021-Q1,1,0.0
L002569,B00632,2024-02-27,2026-02-27,micro,Sudurpashchim,education,salaried,59,F,single,master,74531,790,106866,20.35,24,none,0.038,0.837,108007.77,3433.87,30_dpd,49,0,65283.71,0.0,2024-Q1,0,0.0
L002570,B00029,2024-02-14,2025-08-14,auto,Sudurpashchim,manufacturing,salaried,45,M,single,master,73137,669,187388,14.21,18,guarantee,0.3575,0.4421,200502.61,31694.48,60_dpd,68,0,42201.12,0.0,2024-Q1,0,0.0
L002571,B00898,2025-05-15,2027-05-15,home,Karnali,services,salaried,70,M,single,secondary,65409,677,1149618,13.15,24,property,0.3062,0.2586,1126449.03,89180.64,current,0,0,1098399.49,0.0,2025-Q2,0,0.0
L002572,B01203,2026-02-15,2028-02-15,SME,Lumbini,retail,salaried,32,M,married,primary,56867,812,1189725,14.44,24,vehicle,0.005,0.3989,1188184.57,2369.98,90_dpd,111,0,140332.09,0.0,2026-Q1,1,0.0
L002573,B01240,2022-12-02,2027-12-02,micro,Madhesh,wholesale,self-employed,43,M,single,bachelor,57893,678,30746,18.27,60,guarantee,0.33,0.4758,29811.99,4681.13,30_dpd,43,0,25451.03,0.0,2022-Q4,0,0.0
L002574,B01696,2022-10-02,2028-10-02,SME,Gandaki,services,business_owner,58,M,married,master,67842,690,589075,14.08,72,cash_deposit,0.2318,0.4018,572517.07,53322.56,current,0,0,122264.29,0.0,2022-Q4,0,0.0
L002575,B01578,2022-08-29,2023-08-29,SME,Madhesh,construction,agriculture,44,F,single,bachelor,53234,764,386800,12.31,12,property,0.0871,0.4213,415787.42,15250.79,current,0,0,122371.67,0.0,2022-Q3,0,0.0
L002576,B00739,2024-03-10,2029-03-10,home,Madhesh,services,salaried,48,O,married,master,53467,663,789425,9.97,60,guarantee,0.3982,0.4553,764884.57,138670.22,30_dpd,34,0,657777.48,0.0,2024-Q1,0,0.0
L002577,B00029,2024-05-13,2028-05-13,home,Sudurpashchim,manufacturing,salaried,45,M,single,master,73137,660,1110677,7.5,48,cash_deposit,0.4,0.3599,1024288.83,147451.74,60_dpd,69,0,795501.03,0.0,2024-Q2,0,0.0
L002578,B01649,2024-02-17,2030-02-17,SME,Sudurpashchim,retail,salaried,44,F,single,primary,58823,675,1027759,8.25,72,property,0.3187,0.3229,1009801.99,103905.21,current,0,0,430354.54,0.0,2024-Q1,0,0.0
L002579,B00639,2021-06-14,2023-06-14,personal,Lumbini,retail,salaried,63,M,married,bachelor,65028,784,73646,15.35,24,guarantee,0.0413,0.3714,68733.38,1053.66,60_dpd,84,0,58296.73,0.0,2021-Q2,0,0.0
L002580,B00539,2026-03-08,2029-03-08,home,Madhesh,construction,self-employed,23,F,widowed,master,62620,584,1177786,12.42,36,property,0.4,0.3012,1269275.71,152898.53,closed,0,0,0.0,0.0,2026-Q1,0,0.0
L002581,B00826,2022-07-19,2025-07-19,home,Bagmati,construction,salaried,54,M,married,bachelor,71734,731,757227,14.52,36,guarantee,0.0799,0.3499,725938.52,20306.77,current,0,0,258242.55,0.0,2022-Q3,0,0.0
L002582,B01221,2023-11-25,2026-11-25,home,Sudurpashchim,construction,business_owner,62,F,married,primary,17296,719,909040,10.0,36,property,0.1122,0.2998,838068.99,28199.03,current,0,0,130989.62,0.0,2023-Q4,0,0.0
L002583,B01530,2022-02-28,2027-02-28,SME,Gandaki,education,salaried,51,M,single,master,131222,696,279728,14.46,60,cash_deposit,0.2618,0.3348,260214.31,22808.63,30_dpd,34,0,161069.14,0.0,2022-Q1,0,0.0
L002584,B00958,2022-08-08,2028-08-08,auto,Karnali,agriculture,salaried,55,M,single,secondary,48137,581,563645,11.29,72,vehicle,0.4,0.4306,523545.03,90171.85,30_dpd,36,0,491016.19,0.0,2022-Q3,0,0.0
L002585,B01182,2021-08-28,2023-08-28,micro,Karnali,manufacturing,business_owner,22,M,single,bachelor,57200,710,29214,20.94,24,none,0.1726,0.7188,28914.28,3587.53,current,0,0,23878.45,0.0,2021-Q3,0,0.0
L002586,B00961,2022-12-18,2024-12-18,micro,Sudurpashchim,construction,agriculture,57,F,married,bachelor,54605,696,25000,17.77,24,none,0.2318,0.6971,26904.75,4347.12,60_dpd,77,0,4416.03,0.0,2022-Q4,0,0.0
L002587,B00192,2025-08-17,2027-08-17,personal,Gandaki,education,informal,26,M,married,secondary,66122,648,49921,17.69,24,guarantee,0.4,0.4797,50374.47,9666.46,30_dpd,50,0,33501.61,0.0,2025-Q3,0,0.0
L002588,B01025,2022-08-01,2024-08-01,home,Bagmati,services,informal,31,M,married,phd,38038,579,481165,11.08,24,cash_deposit,0.4,0.3255,478057.58,62240.38,60_dpd,76,0,143934.85,0.0,2022-Q3,0,0.0
L002589,B00237,2022-03-03,2028-03-03,home,Lumbini,health,agriculture,25,M,single,secondary,49696,614,429229,12.13,72,cash_deposit,0.4,0.2676,457623.58,48979.45,60_dpd,80,0,404107.3,0.0,2022-Q1,0,0.0
L002590,B00231,2023-05-14,2026-05-14,SME,Koshi,wholesale,self-employed,52,F,married,master,141007,706,548489,11.36,36,guarantee,0.158,0.4058,569845.04,36532.49,defaulted,113,1,113572.89,9069.89,2023-Q2,1,27462.6
L002591,B00174,2023-03-08,2026-03-08,SME,Sudurpashchim,wholesale,salaried,26,M,married,bachelor,75873,807,727503,18.72,36,guarantee,0.005,0.3192,673582.27,1074.9,current,0,0,615250.17,0.0,2023-Q1,0,0.0
L002592,B00737,2021-11-18,2026-11-18,personal,Madhesh,manufacturing,informal,48,M,single,secondary,37750,775,109077,18.49,60,none,0.0473,0.6514,116160.28,3582.73,defaulted,126,1,96914.41,324.67,2021-Q4,1,3258.06
L002593,B00383,2026-03-08,2029-03-08,personal,Koshi,construction,self-employed,60,F,married,secondary,73905,735,117464,11.2,36,none,0.101,0.5896,122107.7,7272.7,current,0,0,55485.34,0.0,2026-Q1,0,0.0
L002594,B00218,2024-02-11,2025-02-11,home,Karnali,construction,salaried,22,M,divorced,bachelor,54668,734,567355,17.79,12,property,0.0732,0.2807,569201.38,11690.04,30_dpd,40,0,227887.77,0.0,2024-Q1,0,0.0
L002595,B01197,2026-02-03,2028-02-03,personal,Sudurpashchim,construction,self-employed,28,F,single,master,87103,650,37614,18.47,24,cash_deposit,0.4,0.3769,39663.61,5979.25,closed,0,0,0.0,0.0,2026-Q1,0,0.0
L002596,B00808,2025-12-16,2028-12-16,auto,Lumbini,services,salaried,41,F,married,secondary,59460,719,105203,10.77,36,guarantee,0.1122,0.495,103093.51,5727.57,60_dpd,61,0,64264.27,0.0,2025-Q4,0,0.0
L002597,B00473,2023-01-12,2028-01-12,SME,Bagmati,retail,business_owner,45,M,married,master,142494,662,1007225,14.6,60,guarantee,0.4,0.5001,941476.65,188346.19,current,0,0,142013.17,0.0,2023-Q1,0,0.0
L002598,B01627,2022-08-04,2026-08-04,auto,Sudurpashchim,services,salaried,59,F,single,bachelor,86251,740,528230,10.8,48,vehicle,0.061,0.5066,565990.98,17489.27,current,0,0,424379.28,0.0,2022-Q3,0,0.0
L002599,B00249,2024-07-19,2025-07-19,auto,Madhesh,services,informal,23,M,single,master,45971,635,505093,14.36,12,vehicle,0.4,0.4681,539326.18,100984.36,current,0,0,159656.77,0.0,2024-Q3,0,0.0
L002600,B00687,2022-05-26,2023-05-26,home,Karnali,services,salaried,70,F,married,master,74134,621,431612,9.06,12,property,0.4,0.2781,452489.12,50330.74,60_dpd,74,0,68581.34,0.0,2022-Q2,0,0.0
